,pub,ops_pub_date,roi_proxy,roi_class,ops_n_applicants,ops_n_inventors,ops_n_ipc,ops_n_cpc,ops_ipc_main,family_size_simple,family_country_count_simple,family_kinds_count_simple,legal_events_count,legal_codes_unique,legal_first_date,legal_last_date,legal_has_grant_like,legal_has_opposition_like,ops_pub_date_biblio,ops_n_applicants_biblio,ops_n_inventors_biblio,ops_n_cpc_biblio,ops_n_ipc_biblio,ops_ipc_main_biblio,ops_title,ops_abstract,pub_prefix,pub_is_ep,pub_is_us,pub_is_wo,pub_is_cn,pub_is_jp,pub_is_kr,pub_is_de,pub_is_fr,pub_is_gb,pub_is_es,pub_year,pub_month,patent_age_days,patent_age_years,title_len,abstract_len,tech_breadth_proxy,log_family_size,legal_missing_dates,years_since_first_legal,years_since_last_legal,alive_span_days,alive_years,events_per_year,is_active_recent,roi_proxy_v2,roi_proxy_v3,cost_proxy_v2,roi_class_v3,legal_delta_days,legal_delta_log,legal_compact_life
0,EP4297217A2,20231227,1.3954679725176389,2,2,10,0,20,,16,0,0,18.0,10.0,20231124,20250625,1.0,0.0,20231227,2,10,20,0,,,,EP,1,0,0,0,0,0,0,0,0,0,2023,12,737,2.0177960301163584,0,0,3.044522437723423,2.833213344056216,0,2.108145106091718,0.5229295003422314,579,1.5852156057494866,10.681125868161326,1,3.0953959789513688,4.446525342401061,4.418428949805703,2,579.0,6.363028103540465,0.010970738109552526
1,EP4295725A2,20231227,1.382502734732074,2,2,4,0,31,,10,0,0,17.0,9.0,20231124,20251015,1.0,0.0,20231227,2,4,31,0,,,,EP,1,0,0,0,0,0,0,0,0,0,2023,12,737,2.0177960301163584,0,0,3.4657359027997265,2.3978952727983707,0,2.108145106091718,0.216290212183436,691,1.891854893908282,8.534758255730043,1,2.821239898411096,4.356352834756065,4.289750166706653,2,691.0,6.539585955617669,0.009450268721990852
2,EP4296899A2,20231227,1.643694951120354,2,2,3,0,103,,2,0,0,25.0,11.0,20231124,20250507,1.0,0.0,20231227,2,3,103,0,,,,EP,1,0,0,0,0,0,0,0,0,0,2023,12,737,2.0177960301163584,0,0,4.6443908991413725,1.0986122886681098,0,2.108145106091718,0.6570841889117043,530,1.4510609171800137,16.118000088257357,1,2.30286232432122,3.573498874629228,2.5496732058481237,0,530.0,6.274762021241939,0.011816877629457512
3,EP4297537A2,20231227,1.3207877152491925,1,2,4,0,24,,10,0,0,17.0,9.0,20231124,20241023,1.0,0.0,20231227,2,4,24,0,,,,EP,1,0,0,0,0,0,0,0,0,0,2023,12,737,2.0177960301163584,0,0,3.2188758248682006,2.3978952727983707,0,2.108145106091718,1.1937029431895962,334,0.9144421629021219,16.757978543957897,0,2.7595248789282145,3.3081901766694877,3.3123374357004924,0,334.0,5.814130531825066,0.01735561352783602
4,EP4297104A2,20231227,1.50435402999251,2,4,16,0,14,,11,0,0,39.0,14.0,20231124,20251029,1.0,0.0,20231227,4,16,14,0,,,,EP,1,0,0,0,0,0,0,0,0,0,2023,12,737,2.0177960301163584,0,0,2.70805020110221,2.4849066497880004,0,2.108145106091718,0.17796030116358658,705,1.9301848049281314,19.210073834327904,1,2.9952980198653103,4.55340890282219,4.415091454716132,2,705.0,6.559615237493242,0.009291239713163231
5,EP4295864A2,20231227,1.719754094354315,2,4,8,0,51,,16,0,0,17.0,9.0,20231124,20240814,1.0,0.0,20231227,4,8,51,0,,,,EP,1,0,0,0,0,0,0,0,0,0,2023,12,737,2.0177960301163584,0,0,3.9512437185814275,2.833213344056216,0,2.108145106091718,1.3853524982888432,264,0.7227926078028748,20.661342650361867,0,3.4196821007880445,3.8533576654697694,3.556005951859091,1,264.0,5.579729825986222,0.02105558424900461
6,EP4296444A2,20231227,0.9184282371406676,0,2,4,0,4,,14,0,0,13.0,10.0,20231124,20241002,1.0,0.0,20231227,2,4,4,0,,,,EP,1,0,0,0,0,0,0,0,0,0,2023,12,737,2.0177960301163584,0,0,1.6094379124341003,2.70805020110221,0,2.108145106091718,1.2511978097193703,313,0.8569472963723477,13.584865174164939,0,2.5432583578019936,3.0574267356254023,3.5649974974745575,0,313.0,5.749392985908253,0.018310168744930744
7,EP4297487A2,20231227,1.2243720950461965,1,2,4,0,16,,14,0,0,48.0,15.0,20231124,20251215,1.0,0.0,20231227,2,4,16,0,,,,EP,1,0,0,0,0,0,0,0,0,0,2023,12,737,2.0177960301163584,0,0,2.833213344056216,2.70805020110221,0,2.108145106091718,0.049281314168377825,752,2.0588637919233403,22.233917757839002,1,2.8492022157075225,4.484520490861527,4.76691399302555,2,752.0,6.6240652277998935,0.008796899372908226
8,EP4296513A2,20231227,1.1573060983975267,0,2,4,0,12,,6,0,0,43.0,15.0,20231124,20251029,1.0,0.0,20231227,2,4,12,0,,,,EP,1,0,0,0,0,0,0,0,0,0,2023,12,737,2.0177960301163584,0,0,2.5649493574615367,1.9459101490553132,0,2.108145106091718,0.17796030116358658,705,1.9301848049281314,21.180337817335896,1,2.3248521878307145,3.8829630707875933,3.8760949539834444,1,705.0,6.559615237493242,0.009291239713163231
9,EP4297208A2,20231227,1.1208149003506114,0,2,10,0,6,,7,0,0,20.0,12.0,20231124,20251015,1.0,0.0,20231227,2,10,6,0,,,,EP,1,0,0,0,0,0,0,0,0,0,2023,12,737,2.0177960301163584,0,0,1.9459101490553132,2.0794415416798357,0,2.108145106091718,0.216290212183436,691,1.891854893908282,10.040892065564757,1,2.368479825358513,3.903592761703482,3.9712964355881177,1,691.0,6.539585955617669,0.009450268721990852
10,EP4295894A2,20231227,1.1526027729455732,0,3,2,0,12,,18,0,0,36.0,19.0,20231124,20251126,1.0,0.0,20231227,3,2,12,0,,,,EP,1,0,0,0,0,0,0,0,0,0,2023,12,737,2.0177960301163584,0,0,2.5649493574615367,2.9444389791664403,0,2.108145106091718,0.10130047912388775,733,2.00684462696783,17.087164159708912,1,2.9192661604454373,4.523372936626136,4.95128360613427,2,733.0,6.598509028614515,0.008989794316913508
11,EP4295789A2,20231227,1.382502734732074,2,2,4,0,31,,10,0,0,27.0,15.0,20231124,20251017,1.0,0.0,20231227,2,4,31,0,,,,EP,1,0,0,0,0,0,0,0,0,0,2023,12,737,2.0177960301163584,0,0,3.4657359027997265,2.3978952727983707,0,2.108145106091718,0.2108145106091718,693,1.8973305954825461,13.51804256194099,1,2.821239898411096,4.359638255700624,4.295225868280917,2,693.0,6.542471960506805,0.009427193026666865
12,EP4295818A2,20231227,1.060671577914244,0,2,2,0,11,,9,0,0,13.0,7.0,20231124,20250212,1.0,0.0,20231227,2,2,11,0,,,,EP,1,0,0,0,0,0,0,0,0,0,2023,12,737,2.0177960301163584,0,0,2.4849066497880004,2.302585092994046,0,2.108145106091718,0.8870636550308009,446,1.2210814510609171,9.840422776021967,1,2.4422226337106716,3.5748715043472217,3.5236665440549633,0,446.0,6.102558594613569,0.013652256363788745
13,EP4297417A2,20231227,1.6051559344143467,2,2,18,0,34,,11,0,0,27.0,10.0,20231124,20250423,1.0,0.0,20231227,2,18,34,0,,,,EP,1,0,0,0,0,0,0,0,0,0,2023,12,737,2.0177960301163584,0,0,3.5553480614894135,2.4849066497880004,0,2.108145106091718,0.6954140999315537,516,1.4127310061601643,17.848513641916654,1,3.096099924287147,4.343738527983246,3.8976376559481647,2,516.0,6.248042874508429,0.012085189312395415
14,EP4296971A2,20231227,1.5613971078897342,2,2,8,0,45,,11,0,0,15.0,9.0,20231124,20240703,1.0,0.0,20231227,2,8,45,0,,,,EP,1,0,0,0,0,0,0,0,0,0,2023,12,737,2.0177960301163584,0,0,3.828641396489095,2.4849066497880004,0,2.108145106091718,1.5003422313483916,222,0.6078028747433265,21.192341166231508,0,3.0523410977625343,3.41702282260853,3.092709524531327,0,222.0,5.407171771460119,0.024247407046906363
15,EP4296981A2,20231227,1.500116493381488,2,2,8,0,35,,11,0,0,48.0,15.0,20231124,20251210,1.0,0.0,20231227,2,8,35,0,,,,EP,1,0,0,0,0,0,0,0,0,0,2023,12,737,2.0177960301163584,0,0,3.58351893845611,2.4849066497880004,0,2.108145106091718,0.06297056810403832,747,2.0451745379876796,22.37580166554992,1,2.991060483254288,4.618165206046896,4.53008118777568,2,747.0,6.617402977974478,0.00884679542509957
16,EP4297328A2,20231227,1.4582965795878653,2,2,10,0,26,,10,0,0,15.0,9.0,20231124,20251029,1.0,0.0,20231227,2,10,26,0,,,,EP,1,0,0,0,0,0,0,0,0,0,2023,12,737,2.0177960301163584,0,0,3.295836866004329,2.3978952727983707,0,2.108145106091718,0.17796030116358658,705,1.9301848049281314,7.388489936279964,1,2.8970337432668876,4.455144626223767,4.3280800777265025,2,705.0,6.559615237493242,0.009291239713163231
17,EP4296869A2,20231227,1.4168389399408632,2,2,6,0,29,,20,0,0,21.0,9.0,20231124,20241002,1.0,0.0,20231227,2,6,29,0,,,,EP,1,0,0,0,0,0,0,0,0,0,2023,12,737,2.0177960301163584,0,0,3.4011973816621555,3.044522437723423,0,2.108145106091718,1.2511978097193703,313,0.8569472963723477,21.944782204420285,0,3.2435524025749167,3.7577207803983255,3.9014697340957705,1,313.0,5.749392985908253,0.018310168744930744
18,EP4297027A2,20231227,1.2812493090430128,1,2,8,0,14,,46,0,0,14.0,10.0,20231124,20250507,1.0,0.0,20231227,2,8,14,0,,,,EP,1,0,0,0,0,0,0,0,0,0,2023,12,737,2.0177960301163584,0,0,2.70805020110221,3.8501476017100584,0,2.108145106091718,0.6570841889117043,530,1.4510609171800137,9.02608004942412,1,3.5913378700690477,4.861974420377056,5.301208518890072,2,530.0,6.274762021241939,0.011816877629457512
19,EP4296447A1,20231227,1.080682254832628,0,2,2,0,12,,6,0,0,7.0,6.0,20231124,20240731,1.0,0.0,20231227,2,2,12,0,,,,EP,1,0,0,0,0,0,0,0,0,0,2023,12,737,2.0177960301163584,0,0,2.5649493574615367,1.9459101490553132,0,2.108145106091718,1.4236824093086926,250,0.6844626967830253,8.923305121717128,0,2.248228344265816,2.658905962335631,2.6303728458383384,0,250.0,5.5254529391317835,0.0220137567296087
20,EP4295708A2,20231227,1.0907142960312888,0,2,8,0,6,,6,0,0,12.0,9.0,20231124,20241113,1.0,0.0,20231227,2,8,6,0,,,,EP,1,0,0,0,0,0,0,0,0,0,2023,12,737,2.0177960301163584,0,0,1.9459101490553132,1.9459101490553132,0,2.108145106091718,1.136208076659822,355,0.971937029431896,11.194687440137923,0,2.2582603854644767,2.8414226031236143,2.917847178487209,0,355.0,5.87493073085203,0.016502614412505702
21,EP4297026A2,20231227,1.1158457388593792,0,2,6,0,8,,28,0,0,22.0,14.0,20231124,20251217,1.0,0.0,20231227,2,6,8,0,,,,EP,1,0,0,0,0,0,0,0,0,0,2023,12,737,2.0177960301163584,0,0,2.1972245773362196,3.367295829986474,0,2.108145106091718,0.04380561259411362,754,2.0643394934976045,10.164763922709591,1,3.1362232368512637,4.774826932949827,5.431635323484079,2,754.0,6.626717749249025,0.008777109601654337
22,EP4297327A2,20231227,1.407097976426362,2,2,10,0,21,,10,0,0,15.0,9.0,20231124,20240605,1.0,0.0,20231227,2,10,21,0,,,,EP,1,0,0,0,0,0,0,0,0,0,2023,12,737,2.0177960301163584,0,0,3.091042453358316,2.3978952727983707,0,2.108145106091718,1.5770020533880904,194,0.5311430527036276,23.76640277627156,0,2.8458351401053843,3.164520971727561,2.929038325501998,0,194.0,5.272999558563747,0.027041023377249982
23,EP4296630A2,20231227,1.0150911887157554,0,2,2,0,9,,16,0,0,50.0,19.0,20231124,20251222,1.0,1.0,20231227,2,2,9,0,,,,EP,1,0,0,0,0,0,0,0,0,0,2023,12,737,2.0177960301163584,0,0,2.302585092994046,2.833213344056216,0,2.108145106091718,0.030116358658453114,759,2.078028747433265,22.95653813519374,1,2.715019195149485,4.361836443609444,4.9112420914894805,2,759.0,6.633318433280377,0.008728050570105759
24,EP4296631A2,20231227,0.7907218311991699,0,2,4,0,2,,5,0,0,11.0,8.0,20231124,20241030,1.0,0.0,20231227,2,4,2,0,,,,EP,1,0,0,0,0,0,0,0,0,0,2023,12,737,2.0177960301163584,0,0,1.0986122886681098,1.791759469228055,0,2.108145106091718,1.1745379876796715,341,0.9336071184120466,10.642341566783657,0,1.8657775127360028,2.4259417837832307,2.7253665876401016,0,341.0,5.834810737062605,0.01706085010837019
25,EP4297329A2,20231227,1.166013412724917,0,2,6,0,10,,10,0,0,38.0,16.0,20231124,20251028,1.0,0.0,20231227,2,6,10,0,,,,EP,1,0,0,0,0,0,0,0,0,0,2023,12,737,2.0177960301163584,0,0,2.3978952727983707,2.3978952727983707,0,2.108145106091718,0.1806981519507187,704,1.9274469541409993,18.742783835792174,1,2.6047505764039394,4.1612187488885395,4.3253422269393695,1,704.0,6.558197802812269,0.009302408230939389
26,EP4295707A2,20231227,1.0907142960312888,0,2,8,0,6,,6,0,0,13.0,9.0,20231124,20250108,1.0,0.0,20231227,2,8,6,0,,,,EP,1,0,0,0,0,0,0,0,0,0,2023,12,737,2.0177960301163584,0,0,1.9459101490553132,1.9459101490553132,0,2.108145106091718,0.9828884325804244,411,1.1252566735112937,10.610021786492373,1,2.2582603854644767,3.333414389571253,3.0711668225666067,0,411.0,6.021023349349527,0.014614134343081375
27,EP4296877A2,20231227,1.3268296982415015,1,2,8,0,17,,10,0,0,44.0,16.0,20231124,20251029,1.0,0.0,20231227,2,8,17,0,,,,EP,1,0,0,0,0,0,0,0,0,0,2023,12,737,2.0177960301163584,0,0,2.8903717578961645,2.3978952727983707,0,2.108145106091718,0.17796030116358658,705,1.9301848049281314,21.672903813087892,1,2.765566861920524,4.323677744877403,4.3280800777265025,2,705.0,6.559615237493242,0.009291239713163231
28,EP4297496A2,20231227,1.0366968411953081,0,2,10,0,4,,4,0,0,10.0,7.0,20231124,20240320,1.0,0.0,20231227,2,10,4,0,,,,EP,1,0,0,0,0,0,0,0,0,0,2023,12,737,2.0177960301163584,0,0,1.6094379124341003,1.6094379124341003,0,2.108145106091718,1.787816563997262,117,0.3203285420944558,23.790913531998047,0,2.0023595886557684,2.194556713912442,1.929766454528556,0,117.0,4.770684624465665,0.04042953071581072
29,EP4297335A2,20231227,1.115542577231735,0,2,4,0,10,,15,0,0,43.0,19.0,20231124,20251224,1.0,1.0,20231227,2,4,10,0,,,,EP,1,0,0,0,0,0,0,0,0,0,2023,12,737,2.0177960301163584,0,0,2.3978952727983707,2.772588722239781,0,2.108145106091718,0.024640657084188913,761,2.083504449007529,19.693113068555846,1,2.779095810575604,4.429198479980122,4.85609317124731,2,761.0,6.635946555686647,0.00870859128042867
30,EP4297334A2,20231227,1.115542577231735,0,2,4,0,10,,15,0,0,37.0,17.0,20231124,20251028,1.0,0.0,20231227,2,4,10,0,,,,EP,1,0,0,0,0,0,0,0,0,0,2023,12,737,2.0177960301163584,0,0,2.3978952727983707,2.772588722239781,0,2.108145106091718,0.1806981519507187,704,1.9274469541409993,18.249552682218695,1,2.779095810575604,4.3355639830602035,4.7000356763807805,2,704.0,6.558197802812269,0.009302408230939389
31,EP4297333A2,20231227,1.115542577231735,0,2,4,0,10,,15,0,0,37.0,17.0,20231124,20251028,1.0,0.0,20231227,2,4,10,0,,,,EP,1,0,0,0,0,0,0,0,0,0,2023,12,737,2.0177960301163584,0,0,2.3978952727983707,2.772588722239781,0,2.108145106091718,0.1806981519507187,704,1.9274469541409993,18.249552682218695,1,2.779095810575604,4.3355639830602035,4.7000356763807805,2,704.0,6.558197802812269,0.009302408230939389
32,EP4297332A2,20231227,1.115542577231735,0,2,4,0,10,,15,0,0,41.0,19.0,20231124,20251224,1.0,1.0,20231227,2,4,10,0,,,,EP,1,0,0,0,0,0,0,0,0,0,2023,12,737,2.0177960301163584,0,0,2.3978952727983707,2.772588722239781,0,2.108145106091718,0.024640657084188913,761,2.083504449007529,18.777154321181154,1,2.779095810575604,4.429198479980122,4.85609317124731,2,761.0,6.635946555686647,0.00870859128042867
33,EP4295943A2,20231227,1.3663681044476812,1,2,4,0,29,,17,0,0,28.0,14.0,20231124,20251202,1.0,0.0,20231227,2,4,29,0,,,,EP,1,0,0,0,0,0,0,0,0,0,2023,12,737,2.0177960301163584,0,0,3.4011973816621555,2.8903717578961645,0,2.108145106091718,0.08487337440109514,739,2.023271731690623,13.187195770607007,1,3.10059115918538,4.714554198199754,4.9136434895867875,2,739.0,6.606650186198215,0.008927905657024615
34,EP4296753A2,20231227,1.586002985529363,2,2,10,0,44,,17,0,0,16.0,8.0,20231124,20251204,1.0,0.0,20231227,2,10,44,0,,,,EP,1,0,0,0,0,0,0,0,0,0,2023,12,737,2.0177960301163584,0,0,3.8066624897703196,2.8903717578961645,0,2.108145106091718,0.07939767282683094,741,2.028747433264887,7.516157036751229,1,3.3202260402670616,4.937474500225994,4.919119191161052,2,741.0,6.60934924316738,0.008907478764376524
35,EP4296258A2,20231227,1.7892458335913175,2,2,36,0,48,,55,0,0,14.0,9.0,20231124,20241023,1.0,0.0,20231227,2,36,48,0,,,,EP,1,0,0,0,0,0,0,0,0,0,2023,12,737,2.0177960301163584,0,0,3.8918202981106265,4.02535169073515,0,2.108145106091718,1.1937029431895962,334,0.9144421629021219,13.80068821267121,0,4.204456848032407,4.7531221457736805,4.939793853637272,2,334.0,5.814130531825066,0.01735561352783602
36,EP4296557A2,20231227,1.302087264779359,1,2,14,0,11,,11,0,0,7.0,6.0,20231124,20240103,1.0,0.0,20231227,2,14,11,0,,,,EP,1,0,0,0,0,0,0,0,0,0,2023,12,737,2.0177960301163584,0,0,2.4849066497880004,2.4849066497880004,0,2.108145106091718,1.998631074606434,40,0.10951403148528405,33.41065011434172,0,2.793031254652159,2.8587396735433295,2.5944206812732844,0,40.0,3.713572066704308,0.09057492845620263
37,EP4296683A2,20231227,1.0992092478710584,0,2,2,0,13,,7,0,0,14.0,9.0,20231124,20241002,1.0,0.0,20231227,2,2,13,0,,,,EP,1,0,0,0,0,0,0,0,0,0,2023,12,737,2.0177960301163584,0,0,2.6390573296152584,2.0794415416798357,0,2.108145106091718,1.2511978097193703,313,0.8569472963723477,14.629854802946857,0,2.3468741728789597,2.8610425507023685,2.936388838052183,0,313.0,5.749392985908253,0.018310168744930744
38,EP4295880A2,20231227,1.5069662369285166,2,2,8,0,36,,30,0,0,29.0,14.0,20231124,20251231,1.0,0.0,20231227,2,8,36,0,,,,EP,1,0,0,0,0,0,0,0,0,0,2023,12,737,2.0177960301163584,0,0,3.6109179126442243,3.4339872044851463,0,2.108145106091718,0.0054757015742642025,768,2.102669404517454,13.165843199403374,1,3.5673585596196045,5.228960202330077,5.5366566090026,2,768.0,6.645090969505644,0.008641210623544402
39,EP4297340A2,20231227,1.7179221019355728,2,2,12,0,68,,39,0,0,48.0,17.0,20231124,20251028,1.0,0.0,20231227,2,12,68,0,,,,EP,1,0,0,0,0,0,0,0,0,0,2023,12,737,2.0177960301163584,0,0,4.23410650459726,3.6888794541139363,0,2.108145106091718,0.1806981519507187,704,1.9274469541409993,23.675095371526957,1,3.931249774403934,5.487717946888534,5.616326408254936,2,704.0,6.558197802812269,0.009302408230939389
40,EP4295802A2,20231227,1.0793720283840775,0,2,0,0,24,,13,0,0,17.0,8.0,20231124,20240710,1.0,0.0,20231227,2,0,24,0,,,,EP,1,0,0,0,0,0,0,0,0,0,2023,12,737,2.0177960301163584,0,0,3.2188758248682006,2.6390573296152584,0,2.108145106091718,1.4811772758384667,229,0.6269678302532512,23.38480369080124,0,2.6628064261532325,3.038987124305183,3.2660251598685095,0,229.0,5.438079308923196,0.023643823082274765
41,EP4296419A2,20231227,1.1164574657427964,0,2,2,0,14,,12,0,0,58.0,15.0,20231124,20250827,1.0,0.0,20231227,2,2,14,0,,,,EP,1,0,0,0,0,0,0,0,0,0,2023,12,737,2.0177960301163584,0,0,2.70805020110221,2.5649493574615367,0,2.108145106091718,0.35044490075290896,642,1.757700205338809,31.2213993589035,1,2.6554270802197184,4.1100472034230044,4.322649562800346,1,642.0,6.466144724237619,0.010056212634895208
42,EP4297552A2,20231227,1.480249062287701,2,4,12,0,15,,12,0,0,13.0,9.0,20231124,20240925,1.0,0.0,20231227,4,12,15,0,,,,EP,1,0,0,0,0,0,0,0,0,0,2023,12,737,2.0177960301163584,0,0,2.772588722239781,2.5649493574615367,0,2.108145106091718,1.270362765229295,306,0.837782340862423,13.862491788920517,0,3.019218676764623,3.5218880812820768,3.4027316983239597,0,306.0,5.726847747587197,0.018654227190837775
43,EP4297453A2,20231227,1.2812493090430128,1,2,8,0,14,,8,0,0,17.0,8.0,20231124,20241106,1.0,0.0,20231227,2,8,14,0,,,,EP,1,0,0,0,0,0,0,0,0,0,2023,12,737,2.0177960301163584,0,0,2.70805020110221,2.1972245773362196,0,2.108145106091718,1.1553730321697468,348,0.9527720739219713,16.147844743514725,0,2.5995840554447445,3.171247299797927,3.1499966512581907,0,348.0,5.855071922202427,0.016776710378803517
44,EP4297476A2,20231227,1.2771993684629983,1,2,4,0,20,,8,0,0,43.0,16.0,20231124,20251029,1.0,0.0,20231227,2,4,20,0,,,,EP,1,0,0,0,0,0,0,0,0,0,2023,12,737,2.0177960301163584,0,0,3.044522437723423,2.1972245773362196,0,2.108145106091718,0.17796030116358658,705,1.9301848049281314,21.180337817335896,1,2.59553411486473,4.153644997821609,4.127409382264351,1,705.0,6.559615237493242,0.009291239713163231
45,EP4297031A2,20231227,1.3154726629138223,1,2,6,0,19,,7,0,0,13.0,8.0,20231124,20241023,1.0,0.0,20231227,2,6,19,0,,,,EP,1,0,0,0,0,0,0,0,0,0,2023,12,737,2.0177960301163584,0,0,2.995732273553991,2.0794415416798357,0,2.108145106091718,1.1937029431895962,334,0.9144421629021219,12.81492476890898,0,2.563137587921724,3.111802885662997,2.9938837045819575,0,334.0,5.814130531825066,0.01735561352783602
46,EP4295757A2,20231227,1.2891325339993656,1,2,6,0,17,,8,0,0,12.0,9.0,20231124,20241023,1.0,0.0,20231227,2,6,17,0,,,,EP,1,0,0,0,0,0,0,0,0,0,2023,12,737,2.0177960301163584,0,0,2.8903717578961645,2.1972245773362196,0,2.108145106091718,1.1937029431895962,334,0.9144421629021219,11.829161325146751,0,2.607467280401097,3.1561325781423704,3.1116667402383413,0,334.0,5.814130531825066,0.01735561352783602
47,EP4296151A2,20231227,1.407097976426362,2,2,10,0,21,,14,0,0,13.0,7.0,20231124,20250319,1.0,0.0,20231227,2,10,21,0,,,,EP,1,0,0,0,0,0,0,0,0,0,2023,12,737,2.0177960301163584,0,0,3.091042453358316,2.70805020110221,0,2.108145106091718,0.7912388774811773,481,1.3169062286105406,9.17491908603449,1,3.031928097087688,4.222071834254012,4.02495642971275,1,481.0,6.1779441140506,0.012817311439939005
48,EP4297290A2,20231227,1.2588692939858506,1,2,12,0,10,,6,0,0,13.0,9.0,20231124,20251128,1.0,0.0,20231227,2,12,10,0,,,,EP,1,0,0,0,0,0,0,0,0,0,2023,12,737,2.0177960301163584,0,0,2.3978952727983707,1.9459101490553132,0,2.108145106091718,0.09582477754962354,735,2.0123203285420943,6.154369592689803,1,2.4264153834190383,4.033807580544295,3.9582304775974073,1,735.0,6.601230118728877,0.008969062661316408
49,EP4296750A2,20231227,1.060671577914244,0,2,2,0,11,,8,0,0,21.0,11.0,20231124,20251203,1.0,0.0,20231227,2,2,11,0,,,,EP,1,0,0,0,0,0,0,0,0,0,2023,12,737,2.0177960301163584,0,0,2.4849066497880004,2.1972245773362196,0,2.108145106091718,0.08213552361396304,740,2.026009582477755,9.877660088213513,1,2.3790063243159754,3.9946120738026285,4.223234159813975,1,740.0,6.608000625296087,0.008917679656270022
50,EP4295788A2,20231227,1.2077769338907087,0,2,6,0,12,,12,0,0,39.0,18.0,20231124,20251028,1.0,0.0,20231227,2,6,12,0,,,,EP,1,0,0,0,0,0,0,0,0,0,2023,12,737,2.0177960301163584,0,0,2.5649493574615367,2.5649493574615367,0,2.108145106091718,0.1806981519507187,704,1.9274469541409993,19.236014989365653,1,2.7467465483676308,4.303214720852231,4.492396311602536,2,704.0,6.558197802812269,0.009302408230939389
51,EP4296565A2,20231227,1.226303926929139,1,2,6,0,13,,6,0,0,17.0,9.0,20231124,20241002,1.0,0.0,20231227,2,6,13,0,,,,EP,1,0,0,0,0,0,0,0,0,0,2023,12,737,2.0177960301163584,0,0,2.6390573296152584,1.9459101490553132,0,2.108145106091718,1.2511978097193703,313,0.8569472963723477,17.764823689292612,0,2.393850016362327,2.908018394185736,2.802857445427661,0,313.0,5.749392985908253,0.018310168744930744
52,EP4297030A2,20231227,1.0359291444521013,0,2,4,0,7,,5,0,0,29.0,14.0,20231124,20251224,1.0,0.0,20231227,2,4,7,0,,,,EP,1,0,0,0,0,0,0,0,0,0,2023,12,737,2.0177960301163584,0,0,2.0794415416798357,1.791759469228055,0,2.108145106091718,0.024640657084188913,761,2.083504449007529,13.281401836933012,1,2.1109848259889343,3.761087495393452,3.875263918235584,1,761.0,6.635946555686647,0.00870859128042867
53,EP4295820A2,20231227,1.0870117068287006,0,3,2,0,9,,12,0,0,33.0,18.0,20231124,20251126,1.0,0.0,20231227,3,2,9,0,,,,EP,1,0,0,0,0,0,0,0,0,0,2023,12,737,2.0177960301163584,0,0,2.302585092994046,2.5649493574615367,0,2.108145106091718,0.10130047912388775,733,2.00684462696783,15.663233813066501,1,2.6259813213056225,4.230088097486321,4.571793984429367,1,733.0,6.598509028614515,0.008989794316913508
54,EP4296141A2,20231227,1.2254634212144606,1,2,8,0,11,,9,0,0,13.0,8.0,20231124,20250806,1.0,0.0,20231227,2,8,11,0,,,,EP,1,0,0,0,0,0,0,0,0,0,2023,12,737,2.0177960301163584,0,0,2.4849066497880004,2.302585092994046,0,2.108145106091718,0.4079397672826831,621,1.700205338809035,7.221398425915364,1,2.607014477010888,4.02713768029631,4.002790431803081,1,621.0,6.432940092739179,0.010342347415979388
55,EP4297289A2,20231227,0.9640086263391562,0,2,4,0,5,,8,0,0,38.0,15.0,20231124,20251215,1.0,0.0,20231227,2,4,5,0,,,,EP,1,0,0,0,0,0,0,0,0,0,2023,12,737,2.0177960301163584,0,0,1.791759469228055,2.1972245773362196,0,2.108145106091718,0.049281314168377825,752,2.0588637919233403,17.60185155828921,1,2.282343372740888,3.917661647894892,4.25608836925956,1,752.0,6.6240652277998935,0.008796899372908226
56,EP4295704A2,20231227,1.2454740981328447,1,2,8,0,12,,9,0,0,13.0,9.0,20231124,20241120,1.0,0.0,20231227,2,8,12,0,,,,EP,1,0,0,0,0,0,0,0,0,0,2023,12,737,2.0177960301163584,0,0,2.5649493574615367,2.302585092994046,0,2.108145106091718,1.1170431211498972,362,0.9911019849418207,11.91455993977793,0,2.627025153929272,3.2216863448943647,3.2936870779358665,0,362.0,5.8944028342648505,0.01623802433681777
57,EP4297522A2,20231227,1.3927822543354051,2,2,16,0,15,,8,0,0,8.0,7.0,20231124,20240320,1.0,0.0,20231227,2,16,15,0,,,,EP,1,0,0,0,0,0,0,0,0,0,2023,12,737,2.0177960301163584,0,0,2.772588722239781,2.1972245773362196,0,2.108145106091718,1.787816563997262,117,0.3203285420944558,19.03273082559844,0,2.711117000737137,2.9033141259938104,2.5175531194306755,0,117.0,4.770684624465665,0.04042953071581072
58,EP4296875A2,20231227,1.0359291444521013,0,2,4,0,7,,4,0,0,26.0,15.0,20231124,20251217,1.0,0.0,20231227,2,4,7,0,,,,EP,1,0,0,0,0,0,0,0,0,0,2023,12,737,2.0177960301163584,0,0,2.0794415416798357,1.6094379124341003,0,2.108145106091718,0.04380561259411362,754,2.0643394934976045,12.012902817747698,1,2.0015918919125615,3.640195588011124,3.6737774059317045,0,754.0,6.626717749249025,0.008777109601654337
59,EP4296846A2,20231227,1.4761613205834014,2,2,10,0,28,,16,0,0,18.0,10.0,20231124,20250430,1.0,0.0,20231227,2,10,28,0,,,,EP,1,0,0,0,0,0,0,0,0,0,2023,12,737,2.0177960301163584,0,0,3.367295829986474,2.833213344056216,0,2.108145106091718,0.676249144421629,523,1.431895961670089,11.750145212456994,1,3.176089327017131,4.435226904019185,4.265109305726305,2,523.0,6.261491684321042,0.011949411611299698
60,EP4296829A2,20231227,1.2672260505550579,1,2,0,0,52,,10,0,0,15.0,10.0,20231124,20251119,1.0,0.0,20231227,2,0,52,0,,,,EP,1,0,0,0,0,0,0,0,0,0,2023,12,737,2.0177960301163584,0,0,3.970291913552122,2.3978952727983707,0,2.108145106091718,0.12046543463381246,726,1.9876796714579055,7.185010327530246,1,2.70596321423408,4.298571017108824,4.385574944256276,2,726.0,6.588926477533519,0.009063172596332214
61,EP4297551A2,20231227,1.416970347123969,2,2,14,0,18,,10,0,0,14.0,9.0,20231124,20240424,1.0,0.0,20231227,2,14,18,0,,,,EP,1,0,0,0,0,0,0,0,0,0,2023,12,737,2.0177960301163584,0,0,2.9444389791664403,2.3978952727983707,0,2.108145106091718,1.6919917864476386,152,0.4161533196440794,27.123723644079035,0,2.8557075108029912,3.1053995025894388,2.8140485924424503,0,152.0,5.030437921392435,0.03287867922478716
62,EP4295710A2,20231227,1.4759361344569208,2,2,6,0,37,,14,0,0,13.0,9.0,20231124,20240925,1.0,0.0,20231227,2,6,37,0,,,,EP,1,0,0,0,0,0,0,0,0,0,2023,12,737,2.0177960301163584,0,0,3.6375861597263857,2.70805020110221,0,2.108145106091718,1.270362765229295,306,0.837782340862423,13.862491788920517,0,3.1007662551182467,3.6034356596357004,3.545832541964633,0,306.0,5.726847747587197,0.018654227190837775
63,EP4297022A2,20231227,1.4460411523432293,2,2,26,0,14,,10,0,0,13.0,9.0,20231124,20250806,1.0,0.0,20231227,2,26,14,0,,,,EP,1,0,0,0,0,0,0,0,0,0,2023,12,737,2.0177960301163584,0,0,2.70805020110221,2.3978952727983707,0,2.108145106091718,0.4079397672826831,621,1.700205338809035,7.221398425915364,1,2.8847783160222518,4.304901519307673,4.098100611607405,2,621.0,6.432940092739179,0.010342347415979388
64,EP4295761A2,20231227,1.4864748118160658,2,2,9,0,31,,41,0,0,45.0,19.0,20231124,20251125,1.0,0.0,20231227,2,9,31,0,,,,EP,1,0,0,0,0,0,0,0,0,0,2023,12,737,2.0177960301163584,0,0,3.4657359027997265,3.7376696182833684,0,2.108145106091718,0.10403832991101986,732,2.004106776180698,21.38674734068508,1,3.7290765827860866,5.331540648494506,5.7417763944640665,2,732.0,6.597145701886651,0.009000198774743043
65,EP4296640A2,20231227,0.8291708166149836,0,2,3,0,3,,6,0,0,12.0,8.0,20231124,20250219,1.0,0.0,20231227,2,3,3,0,,,,EP,1,0,0,0,0,0,0,0,0,0,2023,12,737,2.0177960301163584,0,0,1.3862943611198906,1.9459101490553132,0,2.108145106091718,0.8678986995208761,453,1.2402464065708418,8.953577447525662,1,1.9967169060481715,3.1408647499906768,3.1861565556261553,0,453.0,6.118097198041348,0.013475985017712222
66,EP4295790A2,20231227,1.416970347123969,2,2,14,0,18,,9,0,0,42.0,12.0,20231124,20251112,1.0,0.0,20231227,2,14,18,0,,,,EP,1,0,0,0,0,0,0,0,0,0,2023,12,737,2.0177960301163584,0,0,2.9444389791664403,2.302585092994046,0,2.108145106091718,0.13963039014373715,719,1.9685147159479808,20.30442407597366,1,2.7985214029203966,4.379630232489185,4.271099808942027,2,719.0,6.579251212010101,0.009137848905569585
67,EP4295889A2,20231227,1.2521785038237525,1,2,4,0,18,,19,0,0,28.0,18.0,20231124,20251022,1.0,0.0,20231227,2,4,18,0,,,,EP,1,0,0,0,0,0,0,0,0,0,2023,12,737,2.0177960301163584,0,0,2.9444389791664403,2.995732273553991,0,2.108145106091718,0.1971252566735113,698,1.9110198494182067,13.92328375480753,1,3.049617867956147,4.596229777607071,4.906752122972198,2,698.0,6.54965074223381,0.009370029674154234
68,EP4296172A2,20231227,1.115542577231735,0,2,4,0,10,,17,0,0,49.0,21.0,20231124,20251015,1.0,1.0,20231227,2,4,10,0,,,,EP,1,0,0,0,0,0,0,0,0,0,2023,12,737,2.0177960301163584,0,0,2.3978952727983707,2.8903717578961645,0,2.108145106091718,0.216290212183436,691,1.891854893908282,24.600185560633655,1,2.8497656319694338,4.384878568314403,4.7822266518044465,2,691.0,6.539585955617669,0.009450268721990852
69,EP4295888A2,20231227,1.2812493090430128,1,2,8,0,14,,9,0,0,42.0,18.0,20231124,20251022,1.0,0.0,20231227,2,8,14,0,,,,EP,1,0,0,0,0,0,0,0,0,0,2023,12,737,2.0177960301163584,0,0,2.70805020110221,2.302585092994046,0,2.108145106091718,0.1971252566735113,698,1.9110198494182067,20.884925632211296,1,2.6628003648394403,4.209412274490364,4.213604942412252,1,698.0,6.54965074223381,0.009370029674154234
70,EP4295887A2,20231227,1.208701620120313,0,2,12,0,8,,11,0,0,37.0,18.0,20231124,20251222,1.0,0.0,20231227,2,12,8,0,,,,EP,1,0,0,0,0,0,0,0,0,0,2023,12,737,2.0177960301163584,0,0,2.1972245773362196,2.4849066497880004,0,2.108145106091718,0.030116358658453114,759,2.078028747433265,16.98783822004337,1,2.699645609993113,4.346462858453072,4.562935397221265,2,759.0,6.633318433280377,0.008728050570105759
71,EP4296477A2,20231227,1.142185867773836,0,2,6,0,9,,10,0,0,16.0,10.0,20231124,20250611,1.0,0.0,20231227,2,6,9,0,,,,EP,1,0,0,0,0,0,0,0,0,0,2023,12,737,2.0177960301163584,0,0,2.302585092994046,2.3978952727983707,0,2.108145106091718,0.5612594113620808,565,1.5468856947296372,9.715306928224097,1,2.5809230314528584,3.909054448290641,3.9447809675280077,1,565.0,6.338594078203183,0.011198929466790077
72,EP4296720A2,20231227,1.5585277451878405,2,2,5,0,57,,18,0,0,37.0,14.0,20231124,20251218,1.0,0.0,20231227,2,5,57,0,,,,EP,1,0,0,0,0,0,0,0,0,0,2023,12,737,2.0177960301163584,0,0,4.060443010546419,2.9444389791664403,0,2.108145106091718,0.04106776180698152,755,2.0670773442847366,17.07368687028205,1,3.3251911326877046,4.965437539258547,5.011516323451177,2,755.0,6.628041376179533,0.008767250497591975
73,EP4297326A2,20231227,0.9593053008872028,0,2,2,0,7,,11,0,0,48.0,16.0,20231124,20251215,1.0,0.0,20231227,2,2,7,0,,,,EP,1,0,0,0,0,0,0,0,0,0,2023,12,737,2.0177960301163584,0,0,2.0794415416798357,2.4849066497880004,0,2.108145106091718,0.049281314168377825,752,2.0588637919233403,22.233917757839002,1,2.450249290760003,4.085567565914007,4.543770441711341,1,752.0,6.6240652277998935,0.008796899372908226
74,EP4296140A2,20231227,1.060671577914244,0,2,2,0,11,,29,0,0,28.0,15.0,20231124,20251215,1.0,0.0,20231227,2,2,11,0,,,,EP,1,0,0,0,0,0,0,0,0,0,2023,12,737,2.0177960301163584,0,0,2.4849066497880004,3.4011973816621555,0,2.108145106091718,0.049281314168377825,752,2.0588637919233403,12.969785358739417,1,3.1013900069115374,4.736708282065542,5.460061173585496,2,752.0,6.6240652277998935,0.008796899372908226
75,EP4296530A2,20231227,1.2755747024521673,1,2,10,0,12,,10,0,0,12.0,9.0,20231124,20250219,1.0,0.0,20231227,2,10,12,0,,,,EP,1,0,0,0,0,0,0,0,0,0,2023,12,737,2.0177960301163584,0,0,2.5649493574615367,2.3978952727983707,0,2.108145106091718,0.8678986995208761,453,1.2402464065708418,8.953577447525662,1,2.7143118661311894,3.8584597100736944,3.6381416793692125,1,453.0,6.118097198041348,0.013475985017712222
76,EP4296460A2,20231227,1.147748251481298,0,2,2,0,16,,12,0,0,48.0,15.0,20231124,20251028,1.0,0.0,20231227,2,2,16,0,,,,EP,1,0,0,0,0,0,0,0,0,0,2023,12,737,2.0177960301163584,0,0,2.833213344056216,2.5649493574615367,0,2.108145106091718,0.1806981519507187,704,1.9274469541409993,23.675095371526957,1,2.68671786595822,4.24318603844282,4.492396311602536,1,704.0,6.558197802812269,0.009302408230939389
77,EP4296831A1,20231227,1.4582965795878653,2,2,10,0,26,,14,0,0,10.0,8.0,20231124,20251022,1.0,0.0,20231227,2,10,26,0,,,,EP,1,0,0,0,0,0,0,0,0,0,2023,12,737,2.0177960301163584,0,0,3.295836866004329,2.70805020110221,0,2.108145106091718,0.1971252566735113,698,1.9110198494182067,4.972601341002689,1,3.083126700249191,4.629738609900116,4.619070050520417,2,698.0,6.54965074223381,0.009370029674154234
78,EP4296186A2,20231227,1.2254634212144606,1,2,8,0,11,,8,0,0,14.0,8.0,20231124,20250521,1.0,0.0,20231227,2,8,11,0,,,,EP,1,0,0,0,0,0,0,0,0,0,2023,12,737,2.0177960301163584,0,0,2.4849066497880004,2.1972245773362196,0,2.108145106091718,0.6187542778918549,544,1.4893908281998631,8.808406184057533,1,2.5437981676161923,3.83743266453611,3.6866154055360827,1,544.0,6.300785794663244,0.011561074852593108
79,EP4295929A2,20231227,1.313571805833864,1,2,2,0,32,,43,0,0,43.0,16.0,20231124,20251028,1.0,0.0,20231227,2,2,32,0,,,,EP,1,0,0,0,0,0,0,0,0,0,2023,12,737,2.0177960301163584,0,0,3.4965075614664802,3.784189633918261,0,2.108145106091718,0.1806981519507187,704,1.9274469541409993,21.208939603659566,1,3.5840855861848206,5.14055375866942,5.71163658805926,2,704.0,6.558197802812269,0.009302408230939389
80,EP4297351A2,20231227,1.3154726629138223,1,2,6,0,19,,13,0,0,35.0,16.0,20231124,20251028,1.0,0.0,20231227,2,6,19,0,,,,EP,1,0,0,0,0,0,0,0,0,0,2023,12,737,2.0177960301163584,0,0,2.995732273553991,2.6390573296152584,0,2.108145106091718,0.1806981519507187,704,1.9274469541409993,17.263090375071737,1,2.898907060682977,4.455375233167577,4.566504283756258,2,704.0,6.558197802812269,0.009302408230939389
81,EP4292744A2,20231220,1.080682254832628,0,2,2,0,12,,11,0,0,15.0,8.0,20231117,20250226,1.0,0.0,20231220,2,2,12,0,,,,EP,1,0,0,0,0,0,0,0,0,0,2023,12,744,2.0369609856262834,0,0,2.5649493574615367,2.4849066497880004,0,2.127310061601643,0.8487337440109514,467,1.2785763175906912,10.880790427486222,1,2.571626244705428,3.7387720352598426,3.7634829673786916,1,467.0,6.148468295917647,0.013137752769054802
82,EP4295962A2,20231227,1.2596867750852696,1,2,6,0,15,,9,0,0,15.0,10.0,20231124,20250827,1.0,0.0,20231227,2,6,15,0,,,,EP,1,0,0,0,0,0,0,0,0,0,2023,12,737,2.0177960301163584,0,0,2.772588722239781,2.302585092994046,0,2.108145106091718,0.35044490075290896,642,1.757700205338809,8.074499834199182,1,2.641237830881697,4.095857954084983,4.060285298332855,1,642.0,6.466144724237619,0.010056212634895208
83,EP4297312A1,20231227,1.2005755248980996,0,2,2,0,20,,12,0,0,6.0,6.0,20231124,20240710,1.0,0.0,20231227,2,2,20,0,,,,EP,1,0,0,0,0,0,0,0,0,0,2023,12,737,2.0177960301163584,0,0,3.044522437723423,2.5649493574615367,0,2.108145106091718,1.4811772758384667,229,0.6269678302532512,8.253460126165145,0,2.7395451393750214,3.115725837526972,3.191917187714788,0,229.0,5.438079308923196,0.023643823082274765
84,EP4297339A2,20231227,1.3058788911671755,1,2,2,0,31,,22,0,0,48.0,18.0,20231124,20251215,1.0,0.0,20231227,2,2,31,0,,,,EP,1,0,0,0,0,0,0,0,0,0,2023,12,737,2.0177960301163584,0,0,3.4657359027997265,3.1354942159291497,0,2.108145106091718,0.049281314168377825,752,2.0588637919233403,22.233917757839002,1,3.187175420724665,4.82249369587867,5.19435800785249,2,752.0,6.6240652277998935,0.008796899372908226
85,EP4296118A2,20231227,0.9809109533667557,0,2,10,0,3,,5,0,0,13.0,8.0,20231124,20250226,1.0,0.0,20231227,2,10,3,0,,,,EP,1,0,0,0,0,0,0,0,0,0,2023,12,737,2.0177960301163584,0,0,1.3862943611198906,1.791759469228055,0,2.108145106091718,0.8487337440109514,460,1.2594113620807665,9.562962590000502,1,2.0559666349035886,3.2116134521520485,3.0511708313088217,0,460.0,6.133398042996649,0.013304551069407047
86,EP4297325A2,20231227,1.4406664848919446,2,2,6,0,32,,16,0,0,12.0,9.0,20231124,20250806,1.0,0.0,20231227,2,6,32,0,,,,EP,1,0,0,0,0,0,0,0,0,0,2023,12,737,2.0177960301163584,0,0,3.4965075614664802,2.833213344056216,0,2.108145106091718,0.4079397672826831,621,1.700205338809035,6.66590623930649,1,3.1405944913256745,4.560717694611096,4.533418682865252,2,621.0,6.432940092739179,0.010342347415979388
87,EP4296979A2,20231227,1.5352389511786095,2,2,32,0,18,,8,0,0,16.0,10.0,20231124,20250212,1.0,0.0,20231227,2,32,18,0,,,,EP,1,0,0,0,0,0,0,0,0,0,2023,12,737,2.0177960301163584,0,0,2.9444389791664403,2.1972245773362196,0,2.108145106091718,0.8870636550308009,446,1.2210814510609171,12.111289570488575,1,2.853573697580341,3.986222568216891,3.4183060283971365,1,446.0,6.102558594613569,0.013652256363788745
88,EP4294100A2,20231220,1.2350417490347694,1,2,12,0,9,,9,0,0,18.0,9.0,20231117,20241002,1.0,0.0,20231220,2,12,9,0,,,,EP,1,0,0,0,0,0,0,0,0,0,2023,12,744,2.0369609856262834,0,0,2.302585092994046,2.302585092994046,0,2.127310061601643,1.2511978097193703,320,0.8761122518822724,18.440502068578642,0,2.616592804831197,3.1422601559605603,3.1786973448763183,0,320.0,5.771441123130016,0.01797956736177575
89,EP4297302A2,20231227,1.577191833295117,2,2,8,0,48,,34,0,0,18.0,11.0,20231124,20251015,1.0,0.0,20231227,2,8,48,0,,,,EP,1,0,0,0,0,0,0,0,0,0,2023,12,737,2.0177960301163584,0,0,3.8918202981106265,3.5553480614894135,0,2.108145106091718,0.216290212183436,691,1.891854893908282,9.036802859008281,1,3.710400670188765,5.245513606533734,5.447202955397696,2,691.0,6.539585955617669,0.009450268721990852
90,EP4293198A2,20231220,1.115542577231735,0,2,4,0,10,,4,0,0,10.0,8.0,20231117,20241023,1.0,0.0,20231220,2,4,10,0,,,,EP,1,0,0,0,0,0,0,0,0,0,2023,12,744,2.0369609856262834,0,0,2.3978952727983707,1.6094379124341003,0,2.127310061601643,1.1937029431895962,341,0.9336071184120466,9.674855969803325,0,2.081205324692195,2.641369595739423,2.5430450308461467,0,341.0,5.834810737062605,0.01706085010837019
91,EP4297447A2,20231227,1.3504131485076118,1,2,6,0,22,,9,0,0,17.0,8.0,20231124,20241127,1.0,0.0,20231227,2,6,22,0,,,,EP,1,0,0,0,0,0,0,0,0,0,2023,12,737,2.0177960301163584,0,0,3.1354942159291497,2.302585092994046,0,2.108145106091718,1.0978781656399725,369,1.0102669404517455,15.311633068244864,0,2.731964204304039,3.3381243685750865,3.3128520334457914,0,369.0,5.91350300563827,0.015982440555779107
92,EP4297324A2,20231227,1.2973839393274056,1,2,8,0,15,,17,0,0,10.0,8.0,20231124,20240918,1.0,0.0,20231227,2,8,15,0,,,,EP,1,0,0,0,0,0,0,0,0,0,2023,12,737,2.0177960301163584,0,0,2.772588722239781,2.8903717578961645,0,2.108145106091718,1.2895277207392197,299,0.8186173853524983,10.885925042843306,0,3.031606994065104,3.522777425276603,3.7089891432486626,0,299.0,5.703782474656201,0.019012608248854004
93,EP4296938A2,20231227,1.4846367085023218,2,2,10,0,29,,11,0,0,29.0,12.0,20231124,20251206,1.0,0.0,20231227,2,10,29,0,,,,EP,1,0,0,0,0,0,0,0,0,0,2023,12,737,2.0177960301163584,0,0,3.4011973816621555,2.4849066497880004,0,2.108145106091718,0.07392197125256673,743,2.0342231348391513,13.588082486129373,1,2.975580698375122,4.596114579278613,4.519129784627152,2,743.0,6.612041034833092,0.008887151928539101
94,EP4297484A2,20231227,1.264001091171275,1,2,8,0,13,,14,0,0,12.0,9.0,20231124,20241030,1.0,0.0,20231227,2,8,13,0,,,,EP,1,0,0,0,0,0,0,0,0,0,2023,12,737,2.0177960301163584,0,0,2.6390573296152584,2.70805020110221,0,2.108145106091718,1.1745379876796715,341,0.9336071184120466,11.609827163763988,0,2.888831211832601,3.4489954828798286,3.6416573195142568,0,341.0,5.834810737062605,0.01706085010837019
95,EP4296364A2,20231227,1.2999423130144299,1,2,4,0,22,,10,0,0,46.0,14.0,20231124,20251218,1.0,0.0,20231227,2,4,22,0,,,,EP,1,0,0,0,0,0,0,0,0,0,2023,12,737,2.0177960301163584,0,0,3.1354942159291497,2.3978952727983707,0,2.108145106091718,0.04106776180698152,755,2.0670773442847366,21.226745838729034,1,2.738679476693452,4.378925883264294,4.464972617083108,2,755.0,6.628041376179533,0.008767250497591975
96,EP4296679A2,20231227,1.2724960430110448,1,2,2,0,27,,49,0,0,15.0,9.0,20231124,20241113,1.0,0.0,20231227,2,2,27,0,,,,EP,1,0,0,0,0,0,0,0,0,0,2023,12,737,2.0177960301163584,0,0,3.332204510175204,3.912023005428146,0,2.108145106091718,1.136208076659822,355,0.971937029431896,13.993359300172402,0,3.6197098462679325,4.20287206392707,4.883960034860042,1,355.0,5.87493073085203,0.016502614412505702
97,EP4293641A2,20231220,1.2650018274206403,1,2,4,0,19,,9,0,0,18.0,10.0,20231117,20240925,1.0,0.0,20231220,2,4,19,0,,,,EP,1,0,0,0,0,0,0,0,0,0,2023,12,744,2.0369609856262834,0,0,2.995732273553991,2.302585092994046,0,2.127310061601643,1.270362765229295,313,0.8569472963723477,18.809813318074532,0,2.6465528832170677,3.1607212610404765,3.159532389366394,0,313.0,5.749392985908253,0.018310168744930744
98,EP4297313A2,20231227,1.3881103127497478,2,2,8,0,22,,9,0,0,11.0,8.0,20231124,20240221,1.0,0.0,20231227,2,8,22,0,,,,EP,1,0,0,0,0,0,0,0,0,0,2023,12,737,2.0177960301163584,0,0,3.1354942159291497,2.302585092994046,0,2.108145106091718,1.864476386036961,89,0.243668720054757,32.00756821350328,0,2.769661368546175,2.9158626005790294,2.546253813048803,0,89.0,4.499809670330265,0.04999788522589183
99,EP4297271A2,20231227,1.212205528806823,1,2,2,0,21,,7,0,0,13.0,10.0,20231124,20251105,1.0,0.0,20231227,2,2,21,0,,,,EP,1,0,0,0,0,0,0,0,0,0,2023,12,737,2.0177960301163584,0,0,3.091042453358316,2.0794415416798357,0,2.108145106091718,0.15879534565366188,712,1.949349760438056,6.343475501820247,1,2.4598704538147245,4.029480310077559,4.028791302117892,1,712.0,6.569481420414296,0.009213858934662407
100,EP4293931A2,20231220,1.1535429031015152,0,2,8,0,8,,7,0,0,8.0,7.0,20231117,20240228,1.0,0.0,20231220,2,8,8,0,,,,EP,1,0,0,0,0,0,0,0,0,0,2023,12,744,2.0369609856262834,0,0,2.1972245773362196,2.0794415416798357,0,2.127310061601643,1.8453114305270362,103,0.28199863107460643,20.942483425909337,0,2.401207828109417,2.5704070067541807,2.3614401727544423,0,103.0,4.6443908991413725,0.04465760479943627
101,EP4293949A2,20231220,0.9998518116980193,0,2,1,0,11,,8,0,0,12.0,9.0,20231117,20240417,1.0,0.0,20231220,2,1,11,0,,,,EP,1,0,0,0,0,0,0,0,0,0,2023,12,744,2.0369609856262834,0,0,2.4849066497880004,2.1972245773362196,0,2.127310061601643,1.7111567419575633,152,0.4161533196440794,23.248905980639172,0,2.318186558099751,2.5678785498861987,2.6133778969802988,0,152.0,5.030437921392435,0.03287867922478716
102,EP4292445A2,20231220,1.2973839393274056,1,2,8,0,15,,4,0,0,14.0,9.0,20231117,20240424,1.0,0.0,20231220,2,8,15,0,,,,EP,1,0,0,0,0,0,0,0,0,0,2023,12,744,2.0369609856262834,0,0,2.772588722239781,1.6094379124341003,0,2.127310061601643,1.6919917864476386,159,0.4353182751540041,26.152665899501343,0,2.263046686787866,2.5242376518802683,2.0447561875881046,0,159.0,5.075173815233827,0.031719836345211416
103,EP4296171A2,20231227,1.6190483972030494,2,2,18,0,36,,63,0,0,15.0,9.0,20231124,20251001,1.0,0.0,20231227,2,18,36,0,,,,EP,1,0,0,0,0,0,0,0,0,0,2023,12,737,2.0177960301163584,0,0,3.6109179126442243,4.1588830833596715,0,2.108145106091718,0.2546201232032854,677,1.8535249828884326,7.67842752531446,1,4.114378247218852,5.626493236951912,6.0124080662481045,2,677.0,6.519147287940395,0.009615261486637751
104,EP4295987A2,20231227,1.3353246500812714,1,2,2,0,35,,12,0,0,63.0,17.0,20231124,20251212,1.0,1.0,20231227,2,2,35,0,,,,EP,1,0,0,0,0,0,0,0,0,0,2023,12,737,2.0177960301163584,0,0,3.58351893845611,2.5649493574615367,0,2.108145106091718,0.057494866529774126,749,2.0506502395619437,29.29346615320964,1,2.8742942645581935,4.50468440829536,4.615599597023481,2,749.0,6.620073206530356,0.008826764275373808
105,EP4296959A2,20231227,1.3954679725176389,2,2,10,0,20,,17,0,0,11.0,8.0,20231124,20240403,1.0,0.0,20231227,2,10,20,0,,,,EP,1,0,0,0,0,0,0,0,0,0,2023,12,737,2.0177960301163584,0,0,3.044522437723423,2.8903717578961645,0,2.108145106091718,1.7494866529774127,131,0.3586584531143053,23.982987613788985,0,3.1296910272553378,3.344886099123921,3.24903021101047,0,131.0,4.882801922586371,0.03699092365595735
106,EP4295898A2,20231227,1.398750216354447,2,2,8,0,23,,12,0,0,25.0,13.0,20231124,20251218,1.0,0.0,20231227,2,8,23,0,,,,EP,1,0,0,0,0,0,0,0,0,0,2023,12,737,2.0177960301163584,0,0,3.1780538303479458,2.5649493574615367,0,2.108145106091718,0.04106776180698152,755,2.0670773442847366,11.536274912352736,1,2.937719830831369,4.577966237402212,4.632026701746273,2,755.0,6.628041376179533,0.008767250497591975
107,EP4293821A2,20231220,1.6826938986404767,2,2,14,0,54,,7,0,0,13.0,9.0,20231117,20240814,1.0,0.0,20231220,2,14,54,0,,,,EP,1,0,0,0,0,0,0,0,0,0,2023,12,744,2.0369609856262834,0,0,4.007333185232471,2.0794415416798357,0,2.127310061601643,1.3853524982888432,271,0.7419575633127995,15.440208113161532,0,2.930358823648378,3.375533361636058,2.8213991049926355,0,271.0,5.605802066295998,0.020609566420205873
108,EP4297404A2,20231227,1.2999423130144299,1,2,4,0,22,,25,0,0,14.0,9.0,20231124,20240911,1.0,0.0,20231227,2,4,22,0,,,,EP,1,0,0,0,0,0,0,0,0,0,2023,12,737,2.0177960301163584,0,0,3.1354942159291497,3.258096538021482,0,2.108145106091718,1.3086926762491444,292,0.7994524298425736,15.56502549273267,0,3.254800235827319,3.7344716937328633,4.057548967864056,1,292.0,5.680172609017068,0.019386254638283508
109,EP4296895A2,20231227,1.091715032280654,0,2,4,0,9,,13,0,0,23.0,15.0,20231124,20251203,1.0,0.0,20231227,2,4,9,0,,,,EP,1,0,0,0,0,0,0,0,0,0,2023,12,737,2.0177960301163584,0,0,2.302585092994046,2.6390573296152584,0,2.108145106091718,0.08213552361396304,740,2.026009582477755,10.818389620424325,1,2.675149430049809,4.290755179536462,4.665066912093014,1,740.0,6.608000625296087,0.008917679656270022
110,EP4297403A2,20231227,1.2999423130144299,1,2,4,0,22,,25,0,0,14.0,9.0,20231124,20240904,1.0,0.0,20231227,2,4,22,0,,,,EP,1,0,0,0,0,0,0,0,0,0,2023,12,737,2.0177960301163584,0,0,3.1354942159291497,3.258096538021482,0,2.108145106091718,1.3278576317590691,285,0.7802874743326489,15.903895498017262,0,3.254800235827319,3.7229727204269083,4.038384012354131,1,285.0,5.655991810819852,0.019776195142726757
111,EP4293098A2,20231220,1.3504131485076118,1,2,6,0,22,,23,0,0,16.0,10.0,20231117,20251001,1.0,0.0,20231220,2,6,22,0,,,,EP,1,0,0,0,0,0,0,0,0,0,2023,12,744,2.0369609856262834,0,0,3.1354942159291497,3.1780538303479458,0,2.127310061601643,0.2546201232032854,684,1.8726899383983573,8.110752576246487,1,3.257245446716379,4.780859409755394,5.050743768746303,2,684.0,6.529418838262226,0.009531998304032447
112,EP4297260A2,20231227,1.0653749033661972,0,2,4,0,8,,4,0,0,65.0,16.0,20231124,20251208,1.0,1.0,20231227,2,4,8,0,,,,EP,1,0,0,0,0,0,0,0,0,0,2023,12,737,2.0177960301163584,0,0,2.1972245773362196,1.6094379124341003,0,2.108145106091718,0.06844626967830253,745,2.0396988364134154,30.378106906368956,1,2.0310376508266574,3.6548569526747063,3.649136748847516,1,745.0,6.61472560020376,0.008866924397055978
113,EP4297490A2,20231227,1.3712585507423745,1,2,6,0,24,,25,0,0,34.0,17.0,20231124,20251027,1.0,0.0,20231227,2,6,24,0,,,,EP,1,0,0,0,0,0,0,0,0,0,2023,12,737,2.0177960301163584,0,0,3.2188758248682006,3.258096538021482,0,2.108145106091718,0.1834360027378508,703,1.9247091033538672,16.792535749298537,1,3.3261164735552637,4.880941935567584,5.182805641375349,2,703.0,6.556778356158042,0.009313605619542673
114,EP4294048A2,20231220,1.3901956493987626,2,2,4,0,32,,20,0,0,16.0,11.0,20231117,20251217,1.0,0.0,20231220,2,4,32,0,,,,EP,1,0,0,0,0,0,0,0,0,0,2023,12,744,2.0369609856262834,0,0,3.4965075614664802,3.044522437723423,0,2.127310061601643,0.04380561259411362,761,2.083504449007529,7.327669978997524,1,3.216909112032816,4.867011781437334,5.128026886730952,2,761.0,6.635946555686647,0.00870859128042867
115,EP4296104A2,20231227,1.6190696332910175,2,2,2,0,111,,20,0,0,24.0,9.0,20231124,20250709,1.0,0.0,20231227,2,2,111,0,,,,EP,1,0,0,0,0,0,0,0,0,0,2023,12,737,2.0177960301163584,0,0,4.718498871295094,3.044522437723423,0,2.108145106091718,0.48459958932238195,593,1.623545516769336,13.92478455978714,1,3.445783095925071,4.819910405986673,4.668067954492759,2,593.0,6.386879319362645,0.0107523220864691
116,EP4297105A2,20231227,1.4089557149845104,2,2,8,0,24,,13,0,0,16.0,9.0,20231124,20241127,1.0,0.0,20231227,2,8,24,0,,,,EP,1,0,0,0,0,0,0,0,0,0,2023,12,737,2.0177960301163584,0,0,3.2188758248682006,2.6390573296152584,0,2.108145106091718,1.0978781656399725,369,1.0102669404517455,14.410948770112814,0,2.9923901127536654,3.598550277024713,3.649324270067004,0,369.0,5.91350300563827,0.015982440555779107
117,EP4296042A2,20231227,1.2999423130144299,1,2,4,0,22,,11,0,0,43.0,16.0,20231124,20251215,1.0,0.0,20231227,2,4,22,0,,,,EP,1,0,0,0,0,0,0,0,0,0,2023,12,737,2.0177960301163584,0,0,3.1354942159291497,2.4849066497880004,0,2.108145106091718,0.049281314168377825,752,2.0588637919233403,19.917884658064104,1,2.79088630288723,4.426204578041235,4.543770441711341,2,752.0,6.6240652277998935,0.008796899372908226
118,EP4296060A2,20231227,1.3058788911671755,1,5,2,0,15,,10,0,0,20.0,11.0,20231124,20241218,1.0,0.0,20231227,5,2,15,0,,,,EP,1,0,0,0,0,0,0,0,0,0,2023,12,737,2.0177960301163584,0,0,2.772588722239781,2.3978952727983707,0,2.108145106091718,1.0403832991101984,390,1.0677618069815196,17.126780376296814,0,2.7446160548461975,3.3852731390351094,3.4656570797798905,0,390.0,5.968707559985366,0.015265236726305283
119,EP4296353A2,20231227,1.2888293723717215,1,2,4,0,21,,36,0,0,19.0,11.0,20231124,20250430,1.0,0.0,20231227,2,4,21,0,,,,EP,1,0,0,0,0,0,0,0,0,0,2023,12,737,2.0177960301163584,0,0,3.091042453358316,3.6109179126442243,0,2.108145106091718,0.676249144421629,523,1.431895961670089,12.402931057593493,1,3.4553801199582557,4.71451769696031,5.042813874314313,2,523.0,6.261491684321042,0.011949411611299698
120,EP4296721A2,20231227,1.6589015576420798,2,2,6,0,78,,15,0,0,25.0,9.0,20231124,20241023,1.0,0.0,20231227,2,6,78,0,,,,EP,1,0,0,0,0,0,0,0,0,0,2023,12,737,2.0177960301163584,0,0,4.3694478524670215,2.772588722239781,0,2.108145106091718,1.1937029431895962,334,0.9144421629021219,24.64408609405573,0,3.3224547909859483,3.8711200887272215,3.687030885141903,1,334.0,5.814130531825066,0.01735561352783602
121,EP4292436A2,20231220,1.871404086031798,2,2,14,0,116,,38,0,0,15.0,10.0,20231117,20250226,1.0,0.0,20231220,2,14,116,0,,,,EP,1,0,0,0,0,0,0,0,0,0,2023,12,744,2.0369609856262834,0,0,4.762173934797756,3.6635616461296463,0,2.127310061601643,0.8487337440109514,467,1.2785763175906912,10.880790427486222,1,4.069541073709586,5.236686864264001,4.942137963720338,2,467.0,6.148468295917647,0.013137752769054802
122,EP4294072A2,20231220,1.382502734732074,2,2,4,0,31,,9,0,0,15.0,8.0,20231117,20240320,1.0,0.0,20231220,2,4,31,0,,,,EP,1,0,0,0,0,0,0,0,0,0,2023,12,744,2.0369609856262834,0,0,3.4657359027997265,2.302585092994046,0,2.127310061601643,1.787816563997262,124,0.3394934976043806,34.13019778850646,0,2.7640537905285014,2.9677498890911296,2.6420785905984263,0,124.0,4.8283137373023015,0.03862650989841841
123,EP4293574A2,20231220,1.2650018274206403,1,2,4,0,19,,11,0,0,18.0,10.0,20231117,20250226,1.0,0.0,20231220,2,4,19,0,,,,EP,1,0,0,0,0,0,0,0,0,0,2023,12,744,2.0369609856262834,0,0,2.995732273553991,2.4849066497880004,0,2.127310061601643,0.8487337440109514,467,1.2785763175906912,13.056948512983466,1,2.7559458172934406,3.923091607847855,3.7634829673786916,1,467.0,6.148468295917647,0.013137752769054802
124,EP4295800A2,20231227,1.500116493381488,2,2,8,0,35,,14,0,0,10.0,8.0,20231124,20241009,1.0,0.0,20231227,2,8,35,0,,,,EP,1,0,0,0,0,0,0,0,0,0,2023,12,737,2.0177960301163584,0,0,3.58351893845611,2.70805020110221,0,2.108145106091718,1.2320328542094456,320,0.8761122518822724,10.24472337143258,0,3.124946614042814,3.650613965172177,3.5841624529844824,1,320.0,5.771441123130016,0.01797956736177575
125,EP4296225A2,20231227,1.1573060983975267,0,2,4,0,12,,10,0,0,12.0,9.0,20231124,20241002,1.0,0.0,20231227,2,4,12,0,,,,EP,1,0,0,0,0,0,0,0,0,0,2023,12,737,2.0177960301163584,0,0,2.5649493574615367,2.3978952727983707,0,2.108145106091718,1.2511978097193703,313,0.8569472963723477,12.53987554538302,0,2.596043262076549,3.1102116398999575,3.2548425691707186,0,313.0,5.749392985908253,0.018310168744930744
126,EP4292632A2,20231220,1.4545556681038487,2,2,2,0,57,,13,0,0,38.0,15.0,20231117,20260101,1.0,0.0,20231220,2,2,57,0,,,,EP,1,0,0,0,0,0,0,0,0,0,2023,12,744,2.0369609856262834,0,0,4.060443010546419,2.6390573296152584,0,2.127310061601643,0.0027378507871321013,776,2.1245722108145104,17.081935940432604,1,3.0379900658730037,4.71273339236171,4.763629540429768,2,776.0,6.655440350367647,0.00856556029648346
127,EP4293874A2,20231220,1.2999423130144299,1,2,4,0,22,,5,0,0,12.0,8.0,20231117,20250205,1.0,0.0,20231220,2,4,22,0,,,,EP,1,0,0,0,0,0,0,0,0,0,2023,12,744,2.0369609856262834,0,0,3.1354942159291497,1.791759469228055,0,2.127310061601643,0.9062286105407256,446,1.2210814510609171,9.083467177866432,1,2.3749979945512627,3.5076468651878128,3.012840920288972,0,446.0,6.102558594613569,0.013652256363788745
128,EP4294008A2,20231220,1.3207877152491925,1,2,4,0,24,,8,0,0,15.0,9.0,20231117,20240918,1.0,0.0,20231220,2,4,24,0,,,,EP,1,0,0,0,0,0,0,0,0,0,2023,12,744,2.0369609856262834,0,0,3.2188758248682006,2.1972245773362196,0,2.127310061601643,1.2895277207392197,306,0.837782340862423,15.995182833369828,0,2.639122461650924,3.141791866168378,3.0350069181986425,0,306.0,5.726847747587197,0.018654227190837775
129,EP4292444A2,20231220,0.8411926666923519,0,2,6,0,2,,13,0,0,44.0,17.0,20231117,20251215,1.0,0.0,20231220,2,6,2,0,,,,EP,1,0,0,0,0,0,0,0,0,0,2023,12,744,2.0369609856262834,0,0,1.0986122886681098,2.6390573296152584,0,2.127310061601643,0.049281314168377825,759,2.078028747433265,20.20175355897049,1,2.424627064461507,4.071444312921466,4.717086077048523,1,759.0,6.633318433280377,0.008728050570105759
130,EP4292561A2,20231220,1.310582216619129,1,2,4,0,23,,16,0,0,28.0,12.0,20231117,20251210,1.0,0.0,20231220,2,4,23,0,,,,EP,1,0,0,0,0,0,0,0,0,0,2023,12,744,2.0369609856262834,0,0,3.1780538303479458,2.833213344056216,0,2.127310061601643,0.06297056810403832,754,2.0643394934976045,12.936972265266752,1,3.010510223052859,4.6491139191514215,4.897552837553821,2,754.0,6.626717749249025,0.008777109601654337
131,EP4296345A2,20231227,1.3113499133623354,1,2,10,0,14,,11,0,0,17.0,10.0,20231124,20250813,1.0,0.0,20231227,2,10,14,0,,,,EP,1,0,0,0,0,0,0,0,0,0,2023,12,737,2.0177960301163584,0,0,2.70805020110221,2.4849066497880004,0,2.108145106091718,0.3887748117727584,628,1.7193702943189597,9.343892253865542,1,2.8022939032351353,4.233916079826511,4.20427694410696,1,628.0,6.444131256700441,0.01024504174356191
132,EP4293816A2,20231220,1.226303926929139,1,2,6,0,13,,9,0,0,14.0,9.0,20231117,20241023,1.0,0.0,20231220,2,6,13,0,,,,EP,1,0,0,0,0,0,0,0,0,0,2023,12,744,2.0369609856262834,0,0,2.6390573296152584,2.302585092994046,0,2.127310061601643,1.1937029431895962,341,0.9336071184120466,13.544798357724654,0,2.6078549827255664,3.168019253772794,3.2361922114060926,0,341.0,5.834810737062605,0.01706085010837019
133,EP4296340A2,20231227,1.3579411270566062,1,2,5,0,25,,23,0,0,53.0,17.0,20231124,20251022,1.0,0.0,20231227,2,5,25,0,,,,EP,1,0,0,0,0,0,0,0,0,0,2023,12,737,2.0177960301163584,0,0,3.258096538021482,3.1780538303479458,0,2.108145106091718,0.1971252566735113,698,1.9110198494182067,26.35478710731425,1,3.2647734252653735,4.811385334916298,5.089073679766153,2,698.0,6.54965074223381,0.009370029674154234
134,EP4292454A2,20231220,1.4790184945393072,2,3,10,0,21,,26,0,0,65.0,17.0,20231117,20251029,1.0,0.0,20231220,3,10,21,0,,,,EP,1,0,0,0,0,0,0,0,0,0,2023,12,744,2.0369609856262834,0,0,3.091042453358316,3.295836866004329,0,2.127310061601643,0.17796030116358658,712,1.949349760438056,31.717377509101237,1,3.4565206141419047,5.0261304704047385,5.245186626442385,2,712.0,6.569481420414296,0.009213858934662407
135,EP4293529A2,20231220,1.1541977485067418,0,2,10,0,7,,8,0,0,14.0,10.0,20231117,20251210,1.0,0.0,20231220,2,10,7,0,,,,EP,1,0,0,0,0,0,0,0,0,0,2023,12,744,2.0369609856262834,0,0,2.0794415416798357,2.1972245773362196,0,2.127310061601643,0.06297056810403832,754,2.0643394934976045,6.468486132633376,1,2.4725324949084735,4.111136191007036,4.261564070833824,1,754.0,6.626717749249025,0.008777109601654337
136,EP4296256A2,20231227,1.4833546922873402,2,2,12,0,26,,25,0,0,12.0,9.0,20231124,20241106,1.0,0.0,20231227,2,12,26,0,,,,EP,1,0,0,0,0,0,0,0,0,0,2023,12,737,2.0177960301163584,0,0,3.295836866004329,3.258096538021482,0,2.108145106091718,1.1553730321697468,348,0.9527720739219713,11.398478642480983,0,3.4382126151002295,4.0098758594534125,4.210868611943454,1,348.0,5.855071922202427,0.016776710378803517
137,EP4293431A2,20231220,0.8411926666923519,0,2,6,0,2,,8,0,0,13.0,10.0,20231117,20251210,1.0,0.0,20231220,2,6,2,0,,,,EP,1,0,0,0,0,0,0,0,0,0,2023,12,744,2.0369609856262834,0,0,1.0986122886681098,2.1972245773362196,0,2.127310061601643,0.06297056810403832,754,2.0643394934976045,6.006451408873849,1,2.1595274130940836,3.798131109192646,4.261564070833824,1,754.0,6.626717749249025,0.008777109601654337
138,EP4296525A2,20231227,0.9887510598012987,0,2,2,0,8,,12,0,0,13.0,9.0,20231124,20240619,1.0,0.0,20231227,2,2,8,0,,,,EP,1,0,0,0,0,0,0,0,0,0,2023,12,737,2.0177960301163584,0,0,2.1972245773362196,2.5649493574615367,0,2.108145106091718,1.538672142368241,208,0.5694729637234771,19.418259891626622,0,2.527720674278221,2.869404452512307,3.134422321185014,0,208.0,5.342334251964811,0.025561407904137853
139,EP4297483A2,20231227,1.2386616985061836,1,2,4,0,17,,8,0,0,16.0,9.0,20231124,20240306,1.0,0.0,20231227,2,4,17,0,,,,EP,1,0,0,0,0,0,0,0,0,0,2023,12,737,2.0177960301163584,0,0,2.8903717578961645,2.1972245773362196,0,2.108145106091718,1.8261464750171115,103,0.28199863107460643,41.884966851818675,0,2.5569964449079152,2.726195623552679,2.479223208410826,0,103.0,4.6443908991413725,0.04465760479943627
140,EP4297010A2,20231227,1.1573060983975267,0,2,4,0,12,,5,0,0,11.0,8.0,20231124,20240320,1.0,0.0,20231227,2,4,12,0,,,,EP,1,0,0,0,0,0,0,0,0,0,2023,12,737,2.0177960301163584,0,0,2.5649493574615367,1.791759469228055,0,2.108145106091718,1.787816563997262,117,0.3203285420944558,26.170004885197855,0,2.23236177993436,2.4245589051910335,2.112088011322511,0,117.0,4.770684624465665,0.04042953071581072
141,EP4294003A2,20231220,1.2077769338907087,0,2,6,0,12,,6,0,0,10.0,8.0,20231117,20250205,1.0,0.0,20231220,2,6,12,0,,,,EP,1,0,0,0,0,0,0,0,0,0,2023,12,744,2.0369609856262834,0,0,2.5649493574615367,1.9459101490553132,0,2.127310061601643,0.9062286105407256,446,1.2210814510609171,7.56955598155536,1,2.3753230233238964,3.5079718939604465,3.1669916001162304,0,446.0,6.102558594613569,0.013652256363788745
142,EP4295970A2,20231227,1.4168389399408632,2,4,6,0,17,,8,0,0,13.0,9.0,20231124,20241009,1.0,0.0,20231227,4,6,17,0,,,,EP,1,0,0,0,0,0,0,0,0,0,2023,12,737,2.0177960301163584,0,0,2.8903717578961645,2.1972245773362196,0,2.108145106091718,1.2320328542094456,320,0.8761122518822724,13.318140382862353,0,2.735173686342595,3.260841037471958,3.073336829218492,0,320.0,5.771441123130016,0.01797956736177575
143,EP4292420A2,20231220,1.162037854941285,0,2,2,0,17,,9,0,0,17.0,10.0,20231117,20251112,1.0,0.0,20231220,2,2,17,0,,,,EP,1,0,0,0,0,0,0,0,0,0,2023,12,744,2.0369609856262834,0,0,2.8903717578961645,2.302585092994046,0,2.127310061601643,0.13963039014373715,726,1.9876796714579055,8.143011704534278,1,2.5435889107377125,4.136196713612456,4.290264764451951,1,726.0,6.588926477533519,0.009063172596332214
144,EP4292939A2,20231220,1.3901956493987626,2,2,4,0,32,,6,0,0,18.0,10.0,20231117,20250820,1.0,0.0,20231220,2,4,32,0,,,,EP,1,0,0,0,0,0,0,0,0,0,2023,12,744,2.0369609856262834,0,0,3.4965075614664802,1.9459101490553132,0,2.127310061601643,0.36960985626283366,642,1.757700205338809,9.689399801039018,1,2.5577417388319503,4.012361862035236,3.7036103543941223,1,642.0,6.466144724237619,0.010056212634895208
145,EP4293943A2,20231220,1.4089557149845104,2,2,8,0,24,,8,0,0,15.0,9.0,20231117,20240911,1.0,0.0,20231220,2,8,24,0,,,,EP,1,0,0,0,0,0,0,0,0,0,2023,12,744,2.0369609856262834,0,0,3.2188758248682006,2.1972245773362196,0,2.127310061601643,1.3086926762491444,299,0.8186173853524983,16.32888756426496,0,2.727290461386242,3.218460892597741,3.015841962688718,0,299.0,5.703782474656201,0.019012608248854004
146,EP4296103A2,20231227,1.166013412724917,0,2,6,0,10,,8,0,0,10.0,7.0,20231124,20250625,1.0,0.0,20231227,2,6,10,0,,,,EP,1,0,0,0,0,0,0,0,0,0,2023,12,737,2.0177960301163584,0,0,2.3978952727983707,2.1972245773362196,0,2.108145106091718,0.5229295003422314,579,1.5852156057494866,5.93395881564518,1,2.4843481591266485,3.8354775225763404,3.782440183085706,1,579.0,6.363028103540465,0.010970738109552526
147,EP4296218A2,20231227,0.8873847827742576,0,2,2,0,5,,7,0,0,60.0,15.0,20231124,20251029,1.0,0.0,20231227,2,2,5,0,,,,EP,1,0,0,0,0,0,0,0,0,0,2023,12,737,2.0177960301163584,0,0,1.791759469228055,2.0794415416798357,0,2.108145106091718,0.17796030116358658,705,1.9301848049281314,29.553959745119855,1,2.135049707782159,3.6931605907390375,4.009626346607967,1,705.0,6.559615237493242,0.009291239713163231
148,EP4296646A2,20231227,1.2596867750852696,1,2,6,0,15,,12,0,0,40.0,18.0,20231124,20251210,1.0,0.0,20231227,2,6,15,0,,,,EP,1,0,0,0,0,0,0,0,0,0,2023,12,737,2.0177960301163584,0,0,2.772588722239781,2.5649493574615367,0,2.108145106091718,0.06297056810403832,747,2.0451745379876796,18.646501387958267,1,2.7986563895621916,4.4257611123548,4.610123895449217,2,747.0,6.617402977974478,0.00884679542509957
149,EP4292559A2,20231220,1.302087264779359,1,2,14,0,11,,6,0,0,17.0,9.0,20231117,20250514,1.0,0.0,20231220,2,14,11,0,,,,EP,1,0,0,0,0,0,0,0,0,0,2023,12,744,2.0369609856262834,0,0,2.4849066497880004,1.9459101490553132,0,2.127310061601643,0.6379192334017796,544,1.4893908281998631,10.695921794927004,1,2.4696333542125473,3.763267851132465,3.435300977255176,1,544.0,6.300785794663244,0.011561074852593108
150,EP4295871A2,20231227,1.4677343814747223,2,2,4,0,44,,18,0,0,20.0,10.0,20231124,20250514,1.0,0.0,20231227,2,4,44,0,,,,EP,1,0,0,0,0,0,0,0,0,0,2023,12,737,2.0177960301163584,0,0,3.8066624897703196,2.9444389791664403,0,2.108145106091718,0.6379192334017796,537,1.4702258726899384,12.737021054008107,1,3.2343977689745866,4.51653329258855,4.4146648518563785,2,537.0,6.2878585601617845,0.011687469442679897
151,EP4292651A2,20231220,1.1164574657427964,0,2,2,0,14,,12,0,0,12.0,9.0,20231117,20241016,1.0,0.0,20231220,2,2,14,0,,,,EP,1,0,0,0,0,0,0,0,0,0,2023,12,744,2.0369609856262834,0,0,2.70805020110221,2.5649493574615367,0,2.127310061601643,1.212867898699521,334,0.9144421629021219,11.829161325146751,0,2.6554270802197184,3.2040923779609916,3.4793915203636585,0,334.0,5.814130531825066,0.01735561352783602
152,EP4295785A2,20231227,1.398750216354447,2,2,8,0,23,,16,0,0,42.0,19.0,20231124,20251205,1.0,1.0,20231227,2,8,23,0,,,,EP,1,0,0,0,0,0,0,0,0,0,2023,12,737,2.0177960301163584,0,0,3.1780538303479458,2.833213344056216,0,2.108145106091718,0.07665982203969883,742,2.0314852840520192,19.704569538550462,1,3.098678222788177,4.717569393219389,4.864698628108235,2,742.0,6.610696044717759,0.008897302886564951
153,EP4293596A2,20231220,1.3504131485076118,1,2,6,0,22,,10,0,0,17.0,10.0,20231117,20250115,1.0,0.0,20231220,2,6,22,0,,,,EP,1,0,0,0,0,0,0,0,0,0,2023,12,744,2.0369609856262834,0,0,3.1354942159291497,2.3978952727983707,0,2.127310061601643,0.9637234770704997,425,1.163586584531143,13.45376740154921,1,2.789150312186634,3.8873022629053198,3.5614818573295137,1,425.0,6.054439346269371,0.014212298934904626
154,EP4293526A2,20231220,1.2973839393274056,1,2,8,0,15,,10,0,0,26.0,14.0,20231117,20251023,1.0,0.0,20231220,2,8,15,0,,,,EP,1,0,0,0,0,0,0,0,0,0,2023,12,744,2.0369609856262834,0,0,2.772588722239781,2.3978952727983707,0,2.127310061601643,0.1943874058863792,706,1.9329226557152634,12.789468368068414,1,2.736121103006428,4.295874696435586,4.330817928513634,1,706.0,6.561030665896573,0.009280099951763187
155,EP4293990A2,20231220,1.4083635520219429,2,2,6,0,28,,12,0,0,55.0,20.0,20231117,20251022,1.0,1.0,20231220,2,6,28,0,,,,EP,1,0,0,0,0,0,0,0,0,0,2023,12,744,2.0369609856262834,0,0,3.367295829986474,2.5649493574615367,0,2.127310061601643,0.1971252566735113,705,1.9301848049281314,27.091129766359867,1,2.947333166498865,4.505444049455744,4.495134162389668,2,705.0,6.559615237493242,0.009291239713163231
156,EP4294114A2,20231220,1.3393002078649034,1,2,6,0,21,,13,0,0,10.0,8.0,20231117,20240313,1.0,0.0,20231220,2,6,21,0,,,,EP,1,0,0,0,0,0,0,0,0,0,2023,12,744,2.0369609856262834,0,0,3.091042453358316,2.6390573296152584,0,2.127310061601643,1.8069815195071868,117,0.3203285420944558,23.790913531998047,0,2.9227346056340586,3.1149317308907323,2.9593858717097143,0,117.0,4.770684624465665,0.04042953071581072
157,EP4292463A2,20231220,0.7860185057472165,0,2,2,0,3,,10,0,0,10.0,8.0,20231117,20240828,1.0,0.0,20231220,2,2,3,0,,,,EP,1,0,0,0,0,0,0,0,0,0,2023,12,744,2.0369609856262834,0,0,1.3862943611198906,2.3978952727983707,0,2.127310061601643,1.3470225872689938,285,0.7802874743326489,11.359925355726615,0,2.224755669426239,2.6929281540258283,3.17818274713102,0,285.0,5.655991810819852,0.019776195142726757
158,EP4296069A2,20231227,1.0025462962959708,0,2,4,0,6,,6,0,0,16.0,10.0,20231124,20251203,1.0,0.0,20231227,2,4,6,0,,,,EP,1,0,0,0,0,0,0,0,0,0,2023,12,737,2.0177960301163584,0,0,1.9459101490553132,1.9459101490553132,0,2.108145106091718,0.08213552361396304,740,2.026009582477755,7.525836257686487,1,2.1700923857291587,3.7856981352158114,3.9719197315330685,1,740.0,6.608000625296087,0.008917679656270022
159,EP4297017A2,20231227,1.3400279755332247,1,2,4,0,26,,34,0,0,14.0,9.0,20231124,20241016,1.0,0.0,20231227,2,4,26,0,,,,EP,1,0,0,0,0,0,0,0,0,0,2023,12,737,2.0177960301163584,0,0,3.295836866004329,3.5553480614894135,0,2.108145106091718,1.212867898699521,327,0.8952772073921971,14.0664328450588,0,3.4732368124268724,4.010403136862191,4.450625268881611,1,327.0,5.793013608384144,0.017661626854829707
160,EP4293948A2,20231220,1.3125400947815145,1,2,8,0,16,,12,0,0,57.0,18.0,20231117,20251020,1.0,1.0,20231220,2,8,16,0,,,,EP,1,0,0,0,0,0,0,0,0,0,2023,12,744,2.0369609856262834,0,0,2.833213344056216,2.5649493574615367,0,2.127310061601643,0.2026009582477755,703,1.9247091033538672,28.152192285588722,1,2.8515097092584365,4.406335171270757,4.489658460815404,2,703.0,6.556778356158042,0.009313605619542673
161,EP4293568A2,20231220,1.1073353430932715,0,2,12,0,5,,9,0,0,26.0,14.0,20231117,20251008,1.0,0.0,20231220,2,12,5,0,,,,EP,1,0,0,0,0,0,0,0,0,0,2023,12,744,2.0369609856262834,0,0,1.791759469228055,2.302585092994046,0,2.127310061601643,0.23545516769336072,691,1.891854893908282,13.053159685234183,1,2.488886398889699,4.023999335234668,4.194439986902328,1,691.0,6.539585955617669,0.009450268721990852
162,EP4293553A2,20231220,1.1158457388593792,0,2,6,0,8,,11,0,0,26.0,13.0,20231117,20251008,1.0,0.0,20231220,2,6,8,0,,,,EP,1,0,0,0,0,0,0,0,0,0,2023,12,744,2.0369609856262834,0,0,2.1972245773362196,2.4849066497880004,0,2.127310061601643,0.23545516769336072,691,1.891854893908282,13.053159685234183,1,2.6067897287321795,4.141902665077149,4.376761543696283,1,691.0,6.539585955617669,0.009450268721990852
163,EP4293947A2,20231220,1.2435521448008768,1,2,6,0,14,,11,0,0,33.0,17.0,20231117,20251223,1.0,0.0,20231220,2,6,14,0,,,,EP,1,0,0,0,0,0,0,0,0,0,2023,12,744,2.0369609856262834,0,0,2.70805020110221,2.4849066497880004,0,2.127310061601643,0.02737850787132101,767,2.099931553730322,15.000466693631186,1,2.7344961346736767,4.39445506691187,4.584838203518322,2,767.0,6.643789733147672,0.008650767881702699
164,EP4296270A2,20231227,1.4254652989637389,2,2,4,0,37,,57,0,0,51.0,16.0,20231124,20251215,1.0,0.0,20231227,2,4,37,0,,,,EP,1,0,0,0,0,0,0,0,0,0,2023,12,737,2.0177960301163584,0,0,3.6375861597263857,4.060443010546419,0,2.108145106091718,0.049281314168377825,752,2.0588637919233403,23.62353761770394,1,3.8617311052915904,5.497049380445595,6.11930680246976,2,752.0,6.6240652277998935,0.008796899372908226
165,EP4297197A2,20231227,1.1573060983975267,0,2,4,0,12,,6,0,0,12.0,9.0,20231124,20250101,1.0,0.0,20231227,2,4,12,0,,,,EP,1,0,0,0,0,0,0,0,0,0,2023,12,737,2.0177960301163584,0,0,2.5649493574615367,1.9459101490553132,0,2.108145106091718,1.002053388090349,404,1.106091718001369,9.949492083309686,0,2.3248521878307145,2.988507218631536,3.052001867056682,0,404.0,6.003887067106539,0.014824412511374169
166,EP4293924A2,20231220,1.3058788911671755,1,3,2,0,23,,8,0,0,43.0,16.0,20231117,20251127,1.0,0.0,20231220,3,2,23,0,,,,EP,1,0,0,0,0,0,0,0,0,0,2023,12,744,2.0369609856262834,0,0,3.1780538303479458,2.1972245773362196,0,2.127310061601643,0.09856262833675565,741,2.028747433264887,20.19967203626893,1,2.624213637568907,4.241462097527839,4.225972010601106,1,741.0,6.60934924316738,0.008907478764376524
167,EP4296545A1,20231227,1.060671577914244,0,2,2,0,11,,12,0,0,18.0,9.0,20231124,20250409,1.0,0.0,20231227,2,2,11,0,,,,EP,1,0,0,0,0,0,0,0,0,0,2023,12,737,2.0177960301163584,0,0,2.4849066497880004,2.5649493574615367,0,2.108145106091718,0.7337440109514032,502,1.374401095140315,12.208346873404205,1,2.599641192391166,3.824281849475355,3.9393504526018517,1,502.0,6.220590170099739,0.012366978469383179
168,EP4297043A2,20231227,1.1535429031015152,0,2,8,0,8,,7,0,0,10.0,7.0,20231124,20250108,1.0,0.0,20231227,2,8,8,0,,,,EP,1,0,0,0,0,0,0,0,0,0,2023,12,737,2.0177960301163584,0,0,2.1972245773362196,2.0794415416798357,0,2.108145106091718,0.9828884325804244,411,1.1252566735112937,8.16155522037875,1,2.401207828109417,3.476361832216193,3.2046982151911294,0,411.0,6.021023349349527,0.014614134343081375
169,EP4294007A2,20231220,1.4582965795878653,2,2,10,0,26,,40,0,0,59.0,17.0,20191004,20251126,1.0,0.0,20231220,2,10,26,0,,,,EP,1,0,0,0,0,0,0,0,0,0,2023,12,744,2.0369609856262834,0,0,3.295836866004329,3.713572066704308,0,6.247775496235455,0.10130047912388775,2245,6.146475017111568,9.4453271386463,1,3.6864398196104498,7.774324829877391,9.860047083815875,2,2245.0,7.716906135298388,0.0034358442276484365
170,EP4294009A2,20231220,1.2254634212144606,1,2,8,0,11,,20,0,0,14.0,10.0,20231117,20241002,1.0,0.0,20231220,2,8,11,0,,,,EP,1,0,0,0,0,0,0,0,0,0,2023,12,744,2.0369609856262834,0,0,2.4849066497880004,3.044522437723423,0,2.127310061601643,1.2511978097193703,320,0.8761122518822724,14.342612720005611,0,3.0521768838485146,3.577844234977878,3.9206346896056954,0,320.0,5.771441123130016,0.01797956736177575
171,EP4292455A2,20231220,1.0992092478710584,0,2,2,0,13,,9,0,0,33.0,14.0,20231117,20251215,1.0,0.0,20231220,2,2,13,0,,,,EP,1,0,0,0,0,0,0,0,0,0,2023,12,744,2.0369609856262834,0,0,2.6390573296152584,2.302585092994046,0,2.127310061601643,0.049281314168377825,759,2.078028747433265,15.151315169227868,1,2.480760303667486,4.127577552127445,4.38061384042731,1,759.0,6.633318433280377,0.008728050570105759
172,EP4293527A2,20231220,1.2891325339993656,1,2,6,0,17,,17,0,0,17.0,12.0,20231117,20241106,1.0,0.0,20231220,2,6,17,0,,,,EP,1,0,0,0,0,0,0,0,0,0,2023,12,744,2.0369609856262834,0,0,2.8903717578961645,2.8903717578961645,0,2.127310061601643,1.1553730321697468,355,0.971937029431896,15.85914054019539,0,3.023355588737064,3.6065178063962016,3.8623087873280606,0,355.0,5.87493073085203,0.016502614412505702
173,EP4292803A2,20231220,1.5022719660949266,2,4,4,0,30,,7,0,0,27.0,14.0,20231117,20251218,1.0,0.0,20231220,4,4,30,0,,,,EP,1,0,0,0,0,0,0,0,0,0,2023,12,744,2.0369609856262834,0,0,3.4339872044851463,2.0794415416798357,0,2.127310061601643,0.04106776180698152,762,2.086242299794661,12.34995773457312,1,2.749936891102828,4.401682270979625,4.165683841474497,2,762.0,6.637258031284457,0.008698896502338738
174,EP4293468A2,20231220,1.3712585507423745,1,2,6,0,24,,8,0,0,20.0,10.0,20231117,20250129,1.0,0.0,20231220,2,6,24,0,,,,EP,1,0,0,0,0,0,0,0,0,0,2023,12,744,2.0369609856262834,0,0,3.2188758248682006,2.1972245773362196,0,2.127310061601643,0.9253935660506503,439,1.2019164955509924,15.361968350770201,1,2.689593297144106,3.8107431944747012,3.399141072887212,1,439.0,6.0867747269123065,0.013833578924800697
175,EP4293663A2,20231220,1.162037854941285,0,2,2,0,17,,10,0,0,18.0,9.0,20231117,20241009,1.0,0.0,20231220,2,2,17,0,,,,EP,1,0,0,0,0,0,0,0,0,0,2023,12,744,2.0369609856262834,0,0,2.8903717578961645,2.3978952727983707,0,2.127310061601643,1.2320328542094456,327,0.8952772073921971,18.085413657932744,0,2.6007750186203076,3.1379413430556258,3.2931724801905675,0,327.0,5.793013608384144,0.017661626854829707
176,EP4293072A2,20231220,1.1930813093076948,0,2,4,0,14,,8,0,0,28.0,15.0,20231117,20250827,1.0,0.0,20231220,2,4,14,0,,,,EP,1,0,0,0,0,0,0,0,0,0,2023,12,744,2.0369609856262834,0,0,2.70805020110221,2.1972245773362196,0,2.127310061601643,0.35044490075290896,649,1.7768651608487338,14.918493125706574,1,2.5114160557094265,3.9775351522186666,3.9740897381849534,1,649.0,6.476972362889683,0.009964572865984128
177,EP4293661A2,20231220,1.5499344191909987,2,2,16,0,29,,18,0,0,14.0,8.0,20231117,20250115,1.0,0.0,20231220,2,16,29,0,,,,EP,1,0,0,0,0,0,0,0,0,0,2023,12,744,2.0369609856262834,0,0,3.4011973816621555,2.9444389791664403,0,2.127310061601643,0.9637234770704997,425,1.163586584531143,11.079573154216996,1,3.316597806690863,4.414749757409549,4.108025563697583,2,425.0,6.054439346269371,0.014212298934904626
178,EP4293702A2,20231220,1.203710576967053,0,2,8,0,10,,5,0,0,13.0,9.0,20231117,20241016,1.0,0.0,20231220,2,8,10,0,,,,EP,1,0,0,0,0,0,0,0,0,0,2023,12,744,2.0369609856262834,0,0,2.3978952727983707,1.791759469228055,0,2.127310061601643,1.212867898699521,334,0.9144421629021219,12.81492476890898,0,2.278766258503886,2.827431556245159,2.7062016321301767,0,334.0,5.814130531825066,0.01735561352783602
179,EP4293894A2,20231220,1.0653749033661972,0,2,4,0,8,,7,0,0,38.0,20.0,20231117,20251015,1.0,0.0,20231220,2,4,8,0,,,,EP,1,0,0,0,0,0,0,0,0,0,2023,12,744,2.0369609856262834,0,0,2.1972245773362196,2.0794415416798357,0,2.127310061601643,0.216290212183436,698,1.9110198494182067,18.89588509581022,1,2.313039828374099,3.859651738025023,3.9904613910980427,1,698.0,6.54965074223381,0.009370029674154234
180,EP4296185A2,20231227,0.9640086263391562,0,2,4,0,5,,4,0,0,35.0,16.0,20231124,20251215,1.0,0.0,20231227,2,4,5,0,,,,EP,1,0,0,0,0,0,0,0,0,0,2023,12,737,2.0177960301163584,0,0,1.791759469228055,1.6094379124341003,0,2.108145106091718,0.049281314168377825,752,2.0588637919233403,16.212231698424272,1,1.9296713737996163,3.5649896489536204,3.6683017043574404,0,752.0,6.6240652277998935,0.008796899372908226
181,EP4292456A2,20231220,1.142185867773836,0,2,6,0,9,,8,0,0,17.0,11.0,20231117,20250305,1.0,0.0,20231220,2,6,9,0,,,,EP,1,0,0,0,0,0,0,0,0,0,2023,12,744,2.0369609856262834,0,0,2.302585092994046,2.1972245773362196,0,2.127310061601643,0.8295687885010267,474,1.297741273100616,12.16247980020567,1,2.4605206141755676,3.639165378035937,3.4949658504368353,0,474.0,6.163314804034641,0.01297539958744135
182,EP4297021A2,20231227,1.2919651922905049,1,2,18,0,9,,4,0,0,18.0,10.0,20231124,20250827,1.0,0.0,20231227,2,18,9,0,,,,EP,1,0,0,0,0,0,0,0,0,0,2023,12,737,2.0177960301163584,0,0,2.302585092994046,1.6094379124341003,0,2.108145106091718,0.35044490075290896,642,1.757700205338809,9.689399801039018,1,2.257627939750965,3.71224806295425,3.3671381177729094,1,642.0,6.466144724237619,0.010056212634895208
183,EP4293427A2,20231220,1.1240971441874192,0,2,8,0,7,,8,0,0,13.0,9.0,20231117,20241009,1.0,0.0,20231220,2,8,7,0,,,,EP,1,0,0,0,0,0,0,0,0,0,2023,12,744,2.0369609856262834,0,0,2.0794415416798357,2.1972245773362196,0,2.127310061601643,1.2320328542094456,327,0.8952772073921971,13.061687641840315,0,2.442431890589151,2.979598215024469,3.092501784728417,0,327.0,5.793013608384144,0.017661626854829707
184,EP4294024A2,20231220,1.2888293723717215,1,2,4,0,21,,7,0,0,12.0,9.0,20231117,20241113,1.0,0.0,20231220,2,4,21,0,,,,EP,1,0,0,0,0,0,0,0,0,0,2023,12,744,2.0369609856262834,0,0,3.091042453358316,2.0794415416798357,0,2.127310061601643,1.136208076659822,362,0.9911019849418207,10.998055329025783,0,2.536494297379623,3.1311554883447155,3.0705435266216563,0,362.0,5.8944028342648505,0.01623802433681777
185,EP4293980A2,20231220,1.3491198865759433,1,2,4,0,27,,7,0,0,22.0,9.0,20231117,20240731,1.0,0.0,20231220,2,4,27,0,,,,EP,1,0,0,0,0,0,0,0,0,0,2023,12,744,2.0369609856262834,0,0,3.332204510175204,2.0794415416798357,0,2.127310061601643,1.4236824093086926,257,0.70362765229295,27.375862362660765,0,2.596784811583845,3.018961402959615,2.7830691939727856,0,257.0,5.552959584921617,0.021523099166362858
186,EP4296070A2,20231227,1.5746373920101737,2,2,10,0,42,,12,0,0,13.0,9.0,20231124,20251022,1.0,0.0,20231227,2,10,42,0,,,,EP,1,0,0,0,0,0,0,0,0,0,2023,12,737,2.0177960301163584,0,0,3.7612001156935624,2.5649493574615367,0,2.108145106091718,0.1971252566735113,698,1.9110198494182067,6.464381743303496,1,3.1136070064870958,4.66021891613802,4.475969206879744,2,698.0,6.54965074223381,0.009370029674154234
187,EP4293096A2,20231220,0.9184282371406676,0,2,4,0,4,,11,0,0,15.0,9.0,20231117,20240918,1.0,0.0,20231220,2,4,4,0,,,,EP,1,0,0,0,0,0,0,0,0,0,2023,12,744,2.0369609856262834,0,0,1.6094379124341003,2.4849066497880004,0,2.127310061601643,1.2895277207392197,306,0.837782340862423,15.995182833369828,0,2.409372227013468,2.9120416315309217,3.3226889906504233,0,306.0,5.726847747587197,0.018654227190837775
188,EP4295907A2,20231227,1.2386616985061836,1,2,4,0,17,,35,0,0,11.0,7.0,20231124,20240313,1.0,0.0,20231227,2,4,17,0,,,,EP,1,0,0,0,0,0,0,0,0,0,2023,12,737,2.0177960301163584,0,0,2.8903717578961645,3.58351893845611,0,2.108145106091718,1.8069815195071868,110,0.30116358658453113,27.420235454700567,0,3.3887730615798493,3.569471213530568,3.884682525040641,0,110.0,4.709530201312334,0.04242820001182283
189,EP4296608A2,20231227,1.226303926929139,1,2,6,0,13,,15,0,0,14.0,8.0,20231124,20240529,1.0,0.0,20231227,2,6,13,0,,,,EP,1,0,0,0,0,0,0,0,0,0,2023,12,737,2.0177960301163584,0,0,2.6390573296152584,2.772588722239781,0,2.108145106091718,1.596167008898015,187,0.5119780971937029,22.876635723073484,0,2.8898571602730074,3.1970440185892293,3.284566819433484,0,187.0,5.236441962829949,0.027853414695903984
190,EP4295917A2,20231227,1.1190632657997472,0,2,5,0,9,,7,0,0,21.0,11.0,20231124,20241002,1.0,0.0,20231227,2,5,9,0,,,,EP,1,0,0,0,0,0,0,0,0,0,2023,12,737,2.0177960301163584,0,0,2.302585092994046,2.0794415416798357,0,2.108145106091718,1.2511978097193703,313,0.8569472963723477,21.944782204420285,0,2.366728190807649,2.8808965686310577,2.936388838052183,0,313.0,5.749392985908253,0.018310168744930744
191,EP4292487A2,20231220,1.0144794618323383,0,2,6,0,5,,6,0,0,14.0,11.0,20231117,20251024,1.0,0.0,20231220,2,6,5,0,,,,EP,1,0,0,0,0,0,0,0,0,0,2023,12,744,2.0369609856262834,0,0,1.791759469228055,1.9459101490553132,0,2.127310061601643,0.19164955509924708,707,1.9356605065023955,6.87737466796678,1,2.182025551265526,3.743421855166963,3.8815706555577085,1,707.0,6.56244409369372,0.009268988832900733
192,EP4292550A2,20231220,1.7898527971970015,2,3,22,0,48,,15,0,0,17.0,11.0,20231117,20250430,1.0,0.0,20231220,3,22,48,0,,,,EP,1,0,0,0,0,0,0,0,0,0,2023,12,744,2.0369609856262834,0,0,3.8918202981106265,2.772588722239781,0,2.127310061601643,0.676249144421629,530,1.4510609171800137,10.960240060015003,1,3.4534060305408705,4.724042580848879,4.223649639419795,2,530.0,6.274762021241939,0.011816877629457512
193,EP4293918A2,20231220,1.1325920960271891,0,2,2,0,15,,9,0,0,15.0,10.0,20231117,20251224,1.0,0.0,20231220,2,2,15,0,,,,EP,1,0,0,0,0,0,0,0,0,0,2023,12,744,2.0369609856262834,0,0,2.772588722239781,2.302585092994046,0,2.127310061601643,0.024640657084188913,768,2.102669404517454,6.809918896243125,1,2.5141431518236166,4.175744794534089,4.4052544975115,1,768.0,6.645090969505644,0.008641210623544402
194,EP4292973A2,20231220,0.841804393575769,0,2,2,0,4,,6,0,0,9.0,7.0,20231117,20250212,1.0,0.0,20231220,2,2,4,0,,,,EP,1,0,0,0,0,0,0,0,0,0,2023,12,744,2.0369609856262834,0,0,1.6094379124341003,1.9459101490553132,0,2.127310061601643,0.8870636550308009,453,1.2402464065708418,6.715183085644247,1,2.009350483008957,3.153498326951462,3.1861565556261553,0,453.0,6.118097198041348,0.013475985017712222
195,EP4293279A2,20231220,1.4791656863071618,2,2,2,0,63,,13,0,0,22.0,9.0,20231117,20240710,1.0,0.0,20231220,2,2,63,0,,,,EP,1,0,0,0,0,0,0,0,0,0,2023,12,744,2.0369609856262834,0,0,4.1588830833596715,2.6390573296152584,0,2.127310061601643,1.4811772758384667,236,0.6461327857631759,29.485368314833504,0,3.062600084076317,3.4502797555342224,3.2851901153784344,0,236.0,5.4680601411351315,0.023071983717869754
196,EP4297101A2,20231227,1.2350417490347694,1,2,12,0,9,,8,0,0,36.0,18.0,20231124,20251126,1.0,0.0,20231227,2,12,9,0,,,,EP,1,0,0,0,0,0,0,0,0,0,2023,12,737,2.0177960301163584,0,0,2.302585092994046,2.1972245773362196,0,2.108145106091718,0.10130047912388775,733,2.00684462696783,17.087164159708912,1,2.553376495436501,4.157483271617199,4.20406920430405,1,733.0,6.598509028614515,0.008989794316913508
197,EP4293417A2,20231220,1.493073774139814,2,2,8,0,34,,8,0,0,21.0,8.0,20231117,20241211,1.0,0.0,20231220,2,8,34,0,,,,EP,1,0,0,0,0,0,0,0,0,0,2023,12,744,2.0369609856262834,0,0,3.5553480614894135,2.1972245773362196,0,2.127310061601643,1.0595482546201231,390,1.0677618069815196,17.983119395111657,0,2.8114085205415456,3.4520656047304574,3.264986384317739,0,390.0,5.968707559985366,0.015265236726305283
198,EP4292923A2,20231220,1.7035038928407968,2,2,10,0,71,,65,0,0,29.0,10.0,20231117,20250702,1.0,0.0,20231220,2,10,71,0,,,,EP,1,0,0,0,0,0,0,0,0,0,2023,12,744,2.0369609856262834,0,0,4.276666119016055,4.189654742026425,0,2.127310061601643,0.5037645448323066,593,1.623545516769336,16.82578134307613,1,4.2172967380566515,5.591424048118253,5.813200258795761,2,593.0,6.386879319362645,0.0107523220864691
199,EP4292922A2,20231220,1.7035038928407968,2,2,10,0,71,,65,0,0,29.0,10.0,20231117,20250702,1.0,0.0,20231220,2,10,71,0,,,,EP,1,0,0,0,0,0,0,0,0,0,2023,12,744,2.0369609856262834,0,0,4.276666119016055,4.189654742026425,0,2.127310061601643,0.5037645448323066,593,1.623545516769336,16.82578134307613,1,4.2172967380566515,5.591424048118253,5.813200258795761,2,593.0,6.386879319362645,0.0107523220864691
200,EP4292921A2,20231220,1.7035038928407968,2,2,10,0,71,,65,0,0,29.0,10.0,20231117,20250625,1.0,0.0,20231220,2,10,71,0,,,,EP,1,0,0,0,0,0,0,0,0,0,2023,12,744,2.0369609856262834,0,0,4.276666119016055,4.189654742026425,0,2.127310061601643,0.5229295003422314,586,1.6043805612594113,17.014979318099673,1,4.2172967380566515,5.579925074812299,5.7940353032858365,2,586.0,6.375024819828097,0.010860348926453316
201,EP4296741A2,20231227,1.2565068755808704,1,2,14,0,9,,27,0,0,12.0,8.0,20231124,20241030,1.0,0.0,20231227,2,14,9,0,,,,EP,1,0,0,0,0,0,0,0,0,0,2023,12,737,2.0177960301163584,0,0,2.302585092994046,3.332204510175204,0,2.108145106091718,1.1745379876796715,341,0.9336071184120466,11.609827163763988,0,3.2558295816859926,3.8159938527332207,4.26581162858725,1,341.0,5.834810737062605,0.01706085010837019
202,EP4293193A2,20231220,1.1636355503935991,0,3,4,0,9,,6,0,0,32.0,15.0,20231117,20251009,1.0,0.0,20231220,3,4,9,0,,,,EP,1,0,0,0,0,0,0,0,0,0,2023,12,744,2.0369609856262834,0,0,2.302585092994046,1.9459101490553132,0,2.127310061601643,0.2327173169062286,692,1.894592744695414,16.0433753131327,1,2.331181639826787,3.8679372866440356,3.8405028937507275,1,692.0,6.541029999189903,0.009438715727546758
203,EP4297097A2,20231227,1.2233184694495314,1,2,2,0,22,,20,0,0,16.0,9.0,20231124,20241106,1.0,0.0,20231227,2,2,22,0,,,,EP,1,0,0,0,0,0,0,0,0,0,2023,12,737,2.0177960301163584,0,0,3.1354942159291497,3.044522437723423,0,2.108145106091718,1.1553730321697468,348,0.9527720739219713,15.197971523307977,0,3.050031932083585,3.6216951764367677,3.997294511645394,0,348.0,5.855071922202427,0.016776710378803517
204,EP4292881A2,20231220,1.1573060983975267,0,2,4,0,12,,12,0,0,19.0,11.0,20231117,20250917,1.0,0.0,20231220,2,4,12,0,,,,EP,1,0,0,0,0,0,0,0,0,0,2023,12,744,2.0369609856262834,0,0,2.5649493574615367,2.5649493574615367,0,2.127310061601643,0.2929500342231348,670,1.834360027378508,9.822370050599766,1,2.696275712874449,4.196891729301553,4.399309384840045,1,670.0,6.508769136971682,0.009700103035725308
205,EP4293694A2,20231220,1.2194954591954188,1,2,16,0,7,,11,0,0,45.0,16.0,20231117,20251028,1.0,0.0,20231220,2,16,7,0,,,,EP,1,0,0,0,0,0,0,0,0,0,2023,12,744,2.0369609856262834,0,0,2.0794415416798357,2.4849066497880004,0,2.127310061601643,0.1806981519507187,711,1.946611909650924,21.98755894451691,1,2.710439449068219,4.278406594858773,4.431518559438924,1,711.0,6.568077911411976,0.009224828527264011
206,EP4295916A2,20231227,1.2973839393274056,1,2,8,0,15,,17,0,0,23.0,12.0,20231124,20251203,1.0,0.0,20231227,2,8,15,0,,,,EP,1,0,0,0,0,0,0,0,0,0,2023,12,737,2.0177960301163584,0,0,2.772588722239781,2.8903717578961645,0,2.108145106091718,0.08213552361396304,740,2.026009582477755,10.818389620424325,1,3.031606994065104,4.647212743551758,4.91638134037392,2,740.0,6.608000625296087,0.008917679656270022
207,EP4294115A2,20231220,1.142185867773836,0,2,6,0,9,,10,0,0,14.0,9.0,20231117,20240925,1.0,0.0,20231220,2,6,9,0,,,,EP,1,0,0,0,0,0,0,0,0,0,2023,12,744,2.0369609856262834,0,0,2.302585092994046,2.3978952727983707,0,2.127310061601643,1.270362765229295,313,0.8569472963723477,14.629854802946857,0,2.5809230314528584,3.095091409276267,3.2548425691707186,0,313.0,5.749392985908253,0.018310168744930744
208,EP4293667A2,20231220,1.2771993684629983,1,2,4,0,20,,56,0,0,16.0,11.0,20231117,20251217,1.0,0.0,20231220,2,4,20,0,,,,EP,1,0,0,0,0,0,0,0,0,0,2023,12,744,2.0369609856262834,0,0,3.044522437723423,4.04305126783455,0,2.127310061601643,0.04380561259411362,761,2.083504449007529,7.327669978997524,1,3.703030129163728,5.353132798568246,6.126555716842079,2,761.0,6.635946555686647,0.00870859128042867
209,EP4294109A2,20231220,1.3308052560251336,1,2,20,0,10,,7,0,0,14.0,9.0,20231117,20240925,1.0,0.0,20231220,2,20,10,0,,,,EP,1,0,0,0,0,0,0,0,0,0,2023,12,744,2.0369609856262834,0,0,2.3978952727983707,2.0794415416798357,0,2.127310061601643,1.270362765229295,313,0.8569472963723477,14.629854802946857,0,2.578470181033035,3.092638558856444,2.936388838052183,0,313.0,5.749392985908253,0.018310168744930744
210,EP4292520A2,20231220,1.708931610870998,2,4,16,0,33,,13,0,0,16.0,10.0,20231117,20251202,1.0,0.0,20231220,4,16,33,0,,,,EP,1,0,0,0,0,0,0,0,0,0,2023,12,744,2.0369609856262834,0,0,3.5263605246161616,2.6390573296152584,0,2.127310061601643,0.08487337440109514,746,2.0424366872005475,7.468132008562026,1,3.292366008640153,4.917828020960481,4.681494016815806,2,746.0,6.616065185132817,0.00885684763739333
211,EP4293517A2,20231220,1.3035394973774546,1,4,4,0,13,,8,0,0,13.0,8.0,20231117,20250205,1.0,0.0,20231220,4,4,13,0,,,,EP,1,0,0,0,0,0,0,0,0,0,2023,12,744,2.0369609856262834,0,0,2.6390573296152584,2.1972245773362196,0,2.127310061601643,0.9062286105407256,446,1.2210814510609171,9.840422776021967,1,2.621874243779186,3.7545231144157363,3.4183060283971365,1,446.0,6.102558594613569,0.013652256363788745
212,EP4293972A2,20231220,1.2812688729638624,1,2,2,0,28,,19,0,0,16.0,9.0,20231117,20240724,1.0,0.0,20231220,2,2,28,0,,,,EP,1,0,0,0,0,0,0,0,0,0,2023,12,744,2.0369609856262834,0,0,3.367295829986474,2.995732273553991,0,2.127310061601643,1.4428473648186173,250,0.6844626967830253,20.396125992496295,0,3.078708237096257,3.489385855166072,3.6801949703370163,0,250.0,5.5254529391317835,0.0220137567296087
213,EP4293971A2,20231220,1.2812688729638624,1,2,2,0,28,,19,0,0,19.0,10.0,20231117,20251224,1.0,0.0,20231220,2,2,28,0,,,,EP,1,0,0,0,0,0,0,0,0,0,2023,12,744,2.0369609856262834,0,0,3.367295829986474,2.995732273553991,0,2.127310061601643,0.024640657084188913,768,2.102669404517454,8.625897268574624,1,3.078708237096257,4.74030987980673,5.098401678071445,2,768.0,6.645090969505644,0.008641210623544402
214,EP4297357A2,20231227,1.2812688729638624,1,2,2,0,28,,19,0,0,13.0,8.0,20231124,20240731,1.0,0.0,20231227,2,2,28,0,,,,EP,1,0,0,0,0,0,0,0,0,0,2023,12,737,2.0177960301163584,0,0,3.367295829986474,2.995732273553991,0,2.108145106091718,1.4236824093086926,250,0.6844626967830253,16.571852368903237,0,3.078708237096257,3.489385855166072,3.6801949703370163,0,250.0,5.5254529391317835,0.0220137567296087
215,EP4297356A2,20231227,1.2812688729638624,1,2,2,0,28,,19,0,0,14.0,8.0,20231124,20240731,1.0,0.0,20231227,2,2,28,0,,,,EP,1,0,0,0,0,0,0,0,0,0,2023,12,737,2.0177960301163584,0,0,3.367295829986474,2.995732273553991,0,2.108145106091718,1.4236824093086926,250,0.6844626967830253,17.846610243434256,0,3.078708237096257,3.489385855166072,3.6801949703370163,0,250.0,5.5254529391317835,0.0220137567296087
216,EP4292585A2,20231220,1.2521785038237525,1,2,4,0,18,,6,0,0,13.0,10.0,20231117,20250101,1.0,0.0,20231220,2,4,18,0,,,,EP,1,0,0,0,0,0,0,0,0,0,2023,12,744,2.0369609856262834,0,0,2.9444389791664403,1.9459101490553132,0,2.127310061601643,1.002053388090349,411,1.1252566735112937,10.610021786492373,0,2.4197245932569404,3.0948785973637167,3.0711668225666067,0,411.0,6.021023349349527,0.014614134343081375
217,EP4289384A2,20231213,1.1541977485067418,0,2,10,0,7,,8,0,0,10.0,9.0,20231110,20250115,1.0,0.0,20231213,2,10,7,0,,,,EP,1,0,0,0,0,0,0,0,0,0,2023,12,751,2.0561259411362083,0,0,2.0794415416798357,2.1972245773362196,0,2.1464750171115674,0.9637234770704997,432,1.1827515400410678,7.795741956138946,1,2.4725324949084735,3.582183418933114,3.3799761173772875,0,432.0,6.07073772800249,0.01402017951039836
218,EP4289290A2,20231213,1.382502734732074,2,2,4,0,31,,17,0,0,11.0,8.0,20231110,20240306,1.0,0.0,20231213,2,4,31,0,,,,EP,1,0,0,0,0,0,0,0,0,0,2023,12,751,2.0561259411362083,0,0,3.4657359027997265,2.8903717578961645,0,2.1464750171115674,1.8261464750171115,117,0.3203285420944558,26.170004885197855,0,3.116725789469773,3.3089229147264465,3.2107002999906205,0,117.0,4.770684624465665,0.04042953071581072
219,EP4289289A2,20231213,1.382502734732074,2,2,4,0,31,,17,0,0,13.0,9.0,20231110,20250205,1.0,0.0,20231213,2,4,31,0,,,,EP,1,0,0,0,0,0,0,0,0,0,2023,12,751,2.0561259411362083,0,0,3.4657359027997265,2.8903717578961645,0,2.1464750171115674,0.9062286105407256,453,1.2402464065708418,9.699708901486135,1,3.116725789469773,4.260873633412278,4.130618164467006,1,453.0,6.118097198041348,0.013475985017712222
220,EP4295869A2,20231227,1.3901956493987626,2,2,4,0,32,,12,0,0,26.0,12.0,20231124,20251105,1.0,0.0,20231227,2,4,32,0,,,,EP,1,0,0,0,0,0,0,0,0,0,2023,12,737,2.0177960301163584,0,0,3.4965075614664802,2.5649493574615367,0,2.108145106091718,0.15879534565366188,712,1.949349760438056,12.686951003640495,1,2.9291652638756847,4.498775120138519,4.514299117899593,2,712.0,6.569481420414296,0.009213858934662407
221,EP4292893A2,20231220,1.2999423130144299,1,2,4,0,22,,21,0,0,29.0,16.0,20231117,20251022,1.0,0.0,20231220,2,4,22,0,,,,EP,1,0,0,0,0,0,0,0,0,0,2023,12,744,2.0369609856262834,0,0,3.1354942159291497,3.091042453358316,0,2.127310061601643,0.1971252566735113,705,1.9301848049281314,14.28441387680793,1,3.1545677850294194,4.712678667986299,5.021227258286448,2,705.0,6.559615237493242,0.009291239713163231
222,EP4296061A2,20231227,1.5069662369285166,2,2,8,0,36,,5,0,0,19.0,9.0,20231124,20241030,1.0,0.0,20231227,2,8,36,0,,,,EP,1,0,0,0,0,0,0,0,0,0,2023,12,737,2.0177960301163584,0,0,3.6109179126442243,1.791759469228055,0,2.108145106091718,1.1745379876796715,341,0.9336071184120466,18.382226342626314,0,2.5820219184653492,3.142186189512577,2.7253665876401016,0,341.0,5.834810737062605,0.01706085010837019
223,EP4296371A2,20231227,1.203710576967053,0,2,8,0,10,,7,0,0,12.0,10.0,20231124,20241030,1.0,0.0,20231227,2,8,10,0,,,,EP,1,0,0,0,0,0,0,0,0,0,2023,12,737,2.0177960301163584,0,0,2.3978952727983707,2.0794415416798357,0,2.108145106091718,1.1745379876796715,341,0.9336071184120466,11.609827163763988,0,2.4513755019749546,3.0115397730221822,3.0130486600918824,0,341.0,5.834810737062605,0.01706085010837019
224,EP4293706A2,20231220,1.3540103328706365,1,4,6,0,13,,10,0,0,12.0,9.0,20231117,20241002,1.0,0.0,20231220,4,6,13,0,,,,EP,1,0,0,0,0,0,0,0,0,0,2023,12,744,2.0369609856262834,0,0,2.6390573296152584,2.3978952727983707,0,2.127310061601643,1.2511978097193703,320,0.8761122518822724,12.293668045719095,0,2.7927474965496586,3.318414847679022,3.274007524680643,0,320.0,5.771441123130016,0.01797956736177575
225,EP4293707A2,20231220,1.3540103328706365,1,4,6,0,13,,10,0,0,14.0,9.0,20231117,20241023,1.0,0.0,20231220,4,6,13,0,,,,EP,1,0,0,0,0,0,0,0,0,0,2023,12,744,2.0369609856262834,0,0,2.6390573296152584,2.3978952727983707,0,2.127310061601643,1.1937029431895962,341,0.9336071184120466,13.544798357724654,0,2.7927474965496586,3.3529117675968862,3.3315023912104174,0,341.0,5.834810737062605,0.01706085010837019
226,EP4290881A2,20231213,1.1372954214791426,0,2,4,0,11,,12,0,0,13.0,8.0,20231110,20240403,1.0,0.0,20231213,2,4,11,0,,,,EP,1,0,0,0,0,0,0,0,0,0,2023,12,751,2.0561259411362083,0,0,2.4849066497880004,2.5649493574615367,0,2.1464750171115674,1.7494866529774127,145,0.39698836413415467,26.157554055915163,0,2.6762650359560647,2.9144580544365573,2.9619377215956915,0,145.0,4.983606621708336,0.034134291929509154
227,EP4292674A2,20231220,1.3578927165287609,1,2,4,0,28,,16,0,0,21.0,9.0,20231117,20241002,1.0,0.0,20231220,2,4,28,0,,,,EP,1,0,0,0,0,0,0,0,0,0,2023,12,744,2.0369609856262834,0,0,3.367295829986474,2.833213344056216,0,2.127310061601643,1.2511978097193703,320,0.8761122518822724,21.513919080008417,0,3.0578207229624903,3.5834880740918535,3.7093255959384885,0,320.0,5.771441123130016,0.01797956736177575
228,EP4293333A2,20231220,0.8873847827742576,0,2,2,0,5,,6,0,0,12.0,9.0,20231117,20240306,1.0,0.0,20231220,2,2,5,0,,,,EP,1,0,0,0,0,0,0,0,0,0,2023,12,744,2.0369609856262834,0,0,1.791759469228055,1.9459101490553132,0,2.127310061601643,1.8261464750171115,110,0.30116358658453113,29.912984132400616,0,2.0549308722074455,2.2356290241581642,2.2470737356398445,0,110.0,4.709530201312334,0.04242820001182283
229,EP4296303A2,20231227,1.6781066139734275,2,2,14,0,53,,63,0,0,19.0,10.0,20231124,20250108,1.0,0.0,20231227,2,14,53,0,,,,EP,1,0,0,0,0,0,0,0,0,0,2023,12,737,2.0177960301163584,0,0,3.9889840465642745,4.1588830833596715,0,2.108145106091718,0.9828884325804244,411,1.1252566735112937,15.506954918719623,1,4.173436463989231,5.248590468096007,5.284139756870966,2,411.0,6.021023349349527,0.014614134343081375
230,EP4293299A2,20231220,1.56273037976286,2,2,10,0,40,,13,0,0,20.0,11.0,20231117,20251119,1.0,0.0,20231220,2,10,40,0,,,,EP,1,0,0,0,0,0,0,0,0,0,2023,12,744,2.0369609856262834,0,0,3.713572066704308,2.6390573296152584,0,2.127310061601643,0.12046543463381246,733,2.00684462696783,9.492868977616062,1,3.146164777532015,4.750271553712714,4.645901956583089,2,733.0,6.598509028614515,0.008989794316913508
231,EP4293467A2,20231220,1.3400279755332247,1,2,4,0,26,,14,0,0,39.0,16.0,20231117,20251215,1.0,0.0,20231220,2,4,26,0,,,,EP,1,0,0,0,0,0,0,0,0,0,2023,12,744,2.0369609856262834,0,0,3.295836866004329,2.70805020110221,0,2.127310061601643,0.049281314168377825,759,2.078028747433265,17.906099745451115,1,2.9648580961945505,4.611675344654509,4.786078948535475,2,759.0,6.633318433280377,0.008728050570105759
232,EP4293268A2,20231220,1.060671577914244,0,2,2,0,11,,5,0,0,16.0,11.0,20231117,20251105,1.0,0.0,20231220,2,2,11,0,,,,EP,1,0,0,0,0,0,0,0,0,0,2023,12,744,2.0369609856262834,0,0,2.4849066497880004,1.791759469228055,0,2.127310061601643,0.15879534565366188,719,1.9685147159479808,7.735018695609013,1,2.1357272594510768,3.716836089019865,3.7602741851760357,1,719.0,6.579251212010101,0.009137848905569585
233,EP4295715A2,20231227,1.2999423130144299,1,2,4,0,22,,67,0,0,16.0,10.0,20231124,20251210,1.0,0.0,20231227,2,4,22,0,,,,EP,1,0,0,0,0,0,0,0,0,0,2023,12,737,2.0177960301163584,0,0,3.1354942159291497,4.219507705176107,0,2.108145106091718,0.06297056810403832,747,2.0451745379876796,7.458600555183306,1,3.8316469361200935,5.458751658912702,6.2646822431637865,2,747.0,6.617402977974478,0.00884679542509957
234,EP4289402A2,20231213,1.3578927165287609,1,2,4,0,28,,15,0,0,32.0,16.0,20231110,20251217,1.0,0.0,20231213,2,4,28,0,,,,EP,1,0,0,0,0,0,0,0,0,0,2023,12,751,2.0561259411362083,0,0,3.367295829986474,2.772588722239781,0,2.1464750171115674,0.04380561259411362,768,2.102669404517454,14.527826978651998,1,3.0214459498726294,4.683047592583102,4.875258126757235,2,768.0,6.645090969505644,0.008641210623544402
235,EP4293521A2,20231220,1.4034535418064,2,2,14,0,17,,9,0,0,24.0,15.0,20231117,20251112,1.0,0.0,20231220,2,14,17,0,,,,EP,1,0,0,0,0,0,0,0,0,0,2023,12,744,2.0369609856262834,0,0,2.8903717578961645,2.302585092994046,0,2.127310061601643,0.13963039014373715,726,1.9876796714579055,11.496016524048393,1,2.7850045976028275,4.377612400477571,4.290264764451951,2,726.0,6.588926477533519,0.009063172596332214
236,EP4293450A2,20231220,1.2724960430110448,1,2,2,0,27,,49,0,0,16.0,10.0,20231117,20241023,1.0,0.0,20231220,2,2,27,0,,,,EP,1,0,0,0,0,0,0,0,0,0,2023,12,744,2.0369609856262834,0,0,3.332204510175204,3.912023005428146,0,2.127310061601643,1.1937029431895962,341,0.9336071184120466,15.479769551685319,0,3.6197098462679325,4.17987411731516,4.845630123840192,1,341.0,5.834810737062605,0.01706085010837019
237,EP4296623A2,20231227,1.091715032280654,0,2,4,0,9,,7,0,0,16.0,10.0,20231124,20250528,1.0,0.0,20231227,2,4,9,0,,,,EP,1,0,0,0,0,0,0,0,0,0,2023,12,737,2.0177960301163584,0,0,2.302585092994046,2.0794415416798357,0,2.108145106091718,0.5995893223819302,551,1.5085557837097878,9.946810774009617,1,2.339379957288555,3.6445134275144278,3.5879973253896233,0,551.0,6.313548046277095,0.011437587040357055
238,EP4294158A2,20231220,1.6507363236128354,2,2,18,0,41,,23,0,0,18.0,9.0,20231117,20250430,1.0,0.0,20231220,2,18,41,0,,,,EP,1,0,0,0,0,0,0,0,0,0,2023,12,744,2.0369609856262834,0,0,3.7376696182833684,3.1780538303479458,0,2.127310061601643,0.676249144421629,530,1.4510609171800137,11.604960063545297,1,3.557568621821603,4.8282051721296115,4.629114747527959,2,530.0,6.274762021241939,0.011816877629457512
239,EP4293166A2,20231220,0.841804393575769,0,2,2,0,4,,5,0,0,11.0,8.0,20231117,20241002,1.0,0.0,20231220,2,2,4,0,,,,EP,1,0,0,0,0,0,0,0,0,0,2023,12,744,2.0369609856262834,0,0,1.6094379124341003,1.791759469228055,0,2.127310061601643,1.2511978097193703,320,0.8761122518822724,11.269195708575836,0,1.9168600751126017,2.442527426241965,2.6678717211103273,0,320.0,5.771441123130016,0.01797956736177575
240,EP4293399A2,20231220,1.2941016954905975,1,2,10,0,13,,9,0,0,21.0,10.0,20231117,20251105,1.0,0.0,20231220,2,10,13,0,,,,EP,1,0,0,0,0,0,0,0,0,0,2023,12,744,2.0369609856262834,0,0,2.6390573296152584,2.302585092994046,0,2.127310061601643,0.15879534565366188,719,1.9685147159479808,10.15221203798683,1,2.675652751287025,4.256761580855813,4.271099808942027,1,719.0,6.579251212010101,0.009137848905569585
241,EP4293484A2,20231220,1.4582965795878653,2,2,10,0,26,,10,0,0,16.0,9.0,20231117,20250910,1.0,0.0,20231220,2,10,26,0,,,,EP,1,0,0,0,0,0,0,0,0,0,2023,12,744,2.0369609856262834,0,0,3.295836866004329,2.3978952727983707,0,2.127310061601643,0.31211498973305957,663,1.8151950718685832,8.354240377398948,1,2.8970337432668876,4.386150786388038,4.213090344666954,2,663.0,6.498282149476434,0.009786569502223544
242,EP4294102A2,20231220,1.453621215671938,2,2,14,0,21,,20,0,0,27.0,14.0,20231117,20251120,1.0,0.0,20231220,2,14,21,0,,,,EP,1,0,0,0,0,0,0,0,0,0,2023,12,744,2.0369609856262834,0,0,3.091042453358316,3.044522437723423,0,2.127310061601643,0.11772758384668036,734,2.0095824777549622,12.798741118068849,1,3.2803346783059917,4.8860841649589695,5.054104915478385,2,734.0,6.5998704992128365,0.008979415645187533
243,EP4293356A2,20231220,1.1208149003506114,0,2,10,0,6,,10,0,0,53.0,16.0,20231117,20251222,1.0,0.0,20231220,2,10,6,0,,,,EP,1,0,0,0,0,0,0,0,0,0,2023,12,744,2.0369609856262834,0,0,1.9459101490553132,2.3978952727983707,0,2.127310061601643,0.030116358658453114,766,2.0971937029431897,24.121678452384657,1,2.5595520640296336,4.217868285795547,4.49508897574156,1,766.0,6.642486801367256,0.00866034785054401
244,EP4293247A2,20231220,1.2233184694495314,1,2,2,0,22,,10,0,0,28.0,12.0,20231117,20251224,1.0,0.0,20231220,2,2,22,0,,,,EP,1,0,0,0,0,0,0,0,0,0,2023,12,744,2.0369609856262834,0,0,3.1354942159291497,2.3978952727983707,0,2.127310061601643,0.024640657084188913,768,2.102669404517454,12.7118486063205,1,2.6620556331285536,4.323657275839026,4.5005646773158245,2,768.0,6.645090969505644,0.008641210623544402
245,EP4294092A2,20231220,1.3220979416977432,1,2,14,0,12,,15,0,0,18.0,12.0,20231117,20251204,1.0,0.0,20231220,2,14,12,0,,,,EP,1,0,0,0,0,0,0,0,0,0,2023,12,744,2.0369609856262834,0,0,2.5649493574615367,2.772588722239781,0,2.127310061601643,0.07939767282683094,748,2.0479123887748116,8.380230075523405,1,2.985651175041612,4.6143986083065,4.820501111014593,2,748.0,6.618738983517219,0.008836767668247288
246,EP4290002A2,20231213,1.2650018274206403,1,2,4,0,19,,8,0,0,35.0,13.0,20231110,20251215,1.0,0.0,20231213,2,4,19,0,,,,EP,1,0,0,0,0,0,0,0,0,0,2023,12,751,2.0561259411362083,0,0,2.995732273553991,2.1972245773362196,0,2.1464750171115674,0.049281314168377825,766,2.0971937029431897,15.929410298744585,1,2.583336573822372,4.241652795588286,4.294418280279409,1,766.0,6.642486801367256,0.00866034785054401
247,EP4294094A2,20231220,1.2254634212144606,1,2,8,0,11,,10,0,0,40.0,15.0,20231117,20251029,1.0,0.0,20231220,2,8,11,0,,,,EP,1,0,0,0,0,0,0,0,0,0,2023,12,744,2.0369609856262834,0,0,2.4849066497880004,2.3978952727983707,0,2.127310061601643,0.17796030116358658,712,1.949349760438056,19.518386159446916,1,2.664200584893483,4.233810441156317,4.347245033236427,1,712.0,6.569481420414296,0.009213858934662407
248,EP4293557A2,20231220,1.382502734732074,2,2,4,0,31,,11,0,0,56.0,15.0,20231117,20251028,1.0,0.0,20231220,2,4,31,0,,,,EP,1,0,0,0,0,0,0,0,0,0,2023,12,744,2.0369609856262834,0,0,3.4657359027997265,2.4849066497880004,0,2.127310061601643,0.1806981519507187,711,1.946611909650924,27.362295575398818,1,2.8734467246048743,4.441413870395429,4.431518559438924,2,711.0,6.568077911411976,0.009224828527264011
249,EP4292626A2,20231220,1.5069662369285166,2,2,8,0,36,,18,0,0,14.0,9.0,20231117,20240925,1.0,0.0,20231220,2,8,36,0,,,,EP,1,0,0,0,0,0,0,0,0,0,2023,12,744,2.0369609856262834,0,0,3.6109179126442243,2.9444389791664403,0,2.127310061601643,1.270362765229295,313,0.8569472963723477,14.629854802946857,0,3.2736296244283807,3.7877980022517894,3.801386275538788,1,313.0,5.749392985908253,0.018310168744930744
250,EP4293009A2,20231220,1.5154611887682865,2,2,2,0,73,,58,0,0,65.0,19.0,20161220,20260101,1.0,0.0,20231220,2,2,73,0,,,,EP,1,0,0,0,0,0,0,0,0,0,2023,12,744,2.0369609856262834,0,0,4.30406509320417,4.07753744390572,0,9.034907597535934,0.0027378507871321013,3299,9.032169746748803,7.117695115461584,1,3.9619836551117182,9.781285503161,13.109707190654522,2,3299.0,8.101677747454572,0.0024550538628650216
251,EP4292818A2,20231220,1.1798830320159719,0,2,8,0,9,,7,0,0,18.0,12.0,20231117,20251015,1.0,0.0,20231220,2,8,9,0,,,,EP,1,0,0,0,0,0,0,0,0,0,2023,12,744,2.0369609856262834,0,0,2.302585092994046,2.0794415416798357,0,2.127310061601643,0.216290212183436,698,1.9110198494182067,8.95068241380484,1,2.427547957023873,3.974159866674797,3.9904613910980427,1,698.0,6.54965074223381,0.009370029674154234
252,EP4290655A2,20231213,1.2092159395920876,0,2,4,0,15,,9,0,0,11.0,8.0,20231110,20240306,1.0,0.0,20231213,2,4,15,0,,,,EP,1,0,0,0,0,0,0,0,0,0,2023,12,751,2.0561259411362083,0,0,2.772588722239781,2.302585092994046,0,2.1464750171115674,1.8261464750171115,117,0.3203285420944558,26.170004885197855,0,2.590766995388515,2.7829641206451887,2.622913635088502,0,117.0,4.770684624465665,0.04042953071581072
253,EP4296173A2,20231227,1.6361706593949008,2,2,10,0,54,,11,0,0,90.0,16.0,20231124,20251215,1.0,0.0,20231227,2,10,54,0,,,,EP,1,0,0,0,0,0,0,0,0,0,2023,12,737,2.0177960301163584,0,0,4.007333185232471,2.4849066497880004,0,2.108145106091718,0.049281314168377825,752,2.0588637919233403,41.688595795948125,1,3.1271146492677007,4.762432924421705,4.543770441711341,2,752.0,6.6240652277998935,0.008796899372908226
254,EP4293570A2,20231220,1.3268296982415015,1,2,8,0,17,,6,0,0,16.0,9.0,20231117,20240821,1.0,0.0,20231220,2,8,17,0,,,,EP,1,0,0,0,0,0,0,0,0,0,2023,12,744,2.0369609856262834,0,0,2.8903717578961645,1.9459101490553132,0,2.127310061601643,1.3661875427789185,278,0.7611225188227242,18.580399014386774,0,2.4943757876746897,2.951049298968324,2.707032667878037,0,278.0,5.631211781821365,0.02018355477355328
255,EP4290960A2,20231213,1.0144794618323383,0,2,6,0,5,,7,0,0,15.0,9.0,20231110,20250205,1.0,0.0,20231213,2,6,5,0,,,,EP,1,0,0,0,0,0,0,0,0,0,2023,12,751,2.0561259411362083,0,0,1.791759469228055,2.0794415416798357,0,2.1464750171115674,0.9062286105407256,453,1.2402464065708418,11.191971809407079,1,2.26214438684024,3.406292230782745,3.3196879482506776,0,453.0,6.118097198041348,0.013475985017712222
256,EP4292560A2,20231220,1.330592893537513,1,2,4,0,25,,11,0,0,20.0,10.0,20231117,20250917,1.0,0.0,20231220,2,4,25,0,,,,EP,1,0,0,0,0,0,0,0,0,0,2023,12,744,2.0369609856262834,0,0,3.258096538021482,2.4849066497880004,0,2.127310061601643,0.2929500342231348,670,1.834360027378508,10.339336895368175,1,2.821536883410313,4.322152899837418,4.3192666771665085,2,670.0,6.508769136971682,0.009700103035725308
257,EP4289901A2,20231213,1.6237729587429708,2,2,4,0,83,,40,0,0,14.0,10.0,20231110,20250305,1.0,0.0,20231213,2,4,83,0,,,,EP,1,0,0,0,0,0,0,0,0,0,2023,12,751,2.0561259411362083,0,0,4.430816798843313,3.713572066704308,0,2.1464750171115674,0.8295687885010267,481,1.3169062286105406,9.88068209265253,1,3.8519161987655552,5.04205993593188,5.030478295314849,2,481.0,6.1779441140506,0.012817311439939005
258,EP4293175A2,20231220,1.080682254832628,0,2,2,0,12,,4,0,0,19.0,8.0,20231117,20250122,1.0,0.0,20231220,2,2,12,0,,,,EP,1,0,0,0,0,0,0,0,0,0,2023,12,744,2.0369609856262834,0,0,2.5649493574615367,1.6094379124341003,0,2.127310061601643,0.944558521560575,432,1.1827515400410678,14.811909716663997,1,2.046345002293088,3.1559959263177286,2.792189452475168,0,432.0,6.07073772800249,0.01402017951039836
259,EP4292903A2,20231220,1.060671577914244,0,2,2,0,11,,29,0,0,28.0,15.0,20231117,20251215,1.0,0.0,20231220,2,2,11,0,,,,EP,1,0,0,0,0,0,0,0,0,0,2023,12,744,2.0369609856262834,0,0,2.4849066497880004,3.4011973816621555,0,2.127310061601643,0.049281314168377825,759,2.078028747433265,12.855661355708495,1,3.1013900069115374,4.748207255371497,5.47922612909542,2,759.0,6.633318433280377,0.008728050570105759
260,EP4293419A2,20231220,1.1164574657427964,0,2,2,0,14,,7,0,0,28.0,14.0,20231117,20251210,1.0,0.0,20231220,2,2,14,0,,,,EP,1,0,0,0,0,0,0,0,0,0,2023,12,744,2.0369609856262834,0,0,2.70805020110221,2.0794415416798357,0,2.127310061601643,0.06297056810403832,754,2.0643394934976045,12.936972265266752,1,2.3641223907506976,4.00272608684926,4.14378103517744,1,754.0,6.626717749249025,0.008777109601654337
261,EP4293900A2,20231220,1.2233184694495314,1,2,2,0,22,,5,0,0,14.0,7.0,20231117,20240327,1.0,0.0,20231220,2,2,22,0,,,,EP,1,0,0,0,0,0,0,0,0,0,2023,12,744,2.0369609856262834,0,0,3.1354942159291497,1.791759469228055,0,2.127310061601643,1.7686516084873374,131,0.3586584531143053,30.523802417549618,0,2.298374150986364,2.5135692228549473,2.1504179223423603,0,131.0,4.882801922586371,0.03699092365595735
262,EP4292629A2,20231220,1.2979417165885305,1,2,2,0,30,,16,0,0,18.0,10.0,20231117,20250903,1.0,0.0,20231220,2,2,30,0,,,,EP,1,0,0,0,0,0,0,0,0,0,2023,12,744,2.0369609856262834,0,0,3.4339872044851463,2.833213344056216,0,2.127310061601643,0.33127994524298426,656,1.7960301163586585,9.493520089527454,1,2.9978697230222604,4.4754877928374555,4.629243460414875,2,656.0,6.48768401848461,0.009874709312761963
263,EP4290739A2,20231213,1.142185867773836,0,2,6,0,9,,7,0,0,36.0,18.0,20231110,20251203,1.0,0.0,20231213,2,6,9,0,,,,EP,1,0,0,0,0,0,0,0,0,0,2023,12,751,2.0561259411362083,0,0,2.302585092994046,2.0794415416798357,0,2.1464750171115674,0.08213552361396304,754,2.0643394934976045,16.633250055342966,1,2.389850792781737,4.0284544888803,4.14378103517744,1,754.0,6.626717749249025,0.008777109601654337
264,EP4290799A2,20231213,1.3154726629138223,1,2,6,0,19,,8,0,0,14.0,10.0,20231110,20250910,1.0,0.0,20231213,2,6,19,0,,,,EP,1,0,0,0,0,0,0,0,0,0,2023,12,751,2.0561259411362083,0,0,2.995732273553991,2.1972245773362196,0,2.1464750171115674,0.31211498973305957,670,1.834360027378508,7.237535826757722,1,2.633807409315554,4.134423425742659,4.031584604714728,1,670.0,6.508769136971682,0.009700103035725308
265,EP4293673A2,20231220,1.147748251481298,0,2,2,0,16,,11,0,0,14.0,9.0,20231117,20241030,1.0,0.0,20231220,2,2,16,0,,,,EP,1,0,0,0,0,0,0,0,0,0,2023,12,744,2.0369609856262834,0,0,2.833213344056216,2.4849066497880004,0,2.127310061601643,1.1745379876796715,348,0.9527720739219713,13.298225082894481,0,2.6386922413540983,3.210355485707281,3.4376787237099715,0,348.0,5.855071922202427,0.016776710378803517
266,EP4293343A2,20231220,1.175833091435957,0,2,4,0,13,,13,0,0,24.0,11.0,20231117,20250122,1.0,0.0,20231220,2,4,13,0,,,,EP,1,0,0,0,0,0,0,0,0,0,2023,12,744,2.0369609856262834,0,0,2.6390573296152584,2.6390573296152584,0,2.127310061601643,0.944558521560575,432,1.1827515400410678,18.70978069473347,1,2.759267489205112,3.8689184132297525,3.8218088696563264,1,432.0,6.07073772800249,0.01402017951039836
267,EP4295904A2,20231227,1.4224013236483253,2,2,2,0,50,,23,0,0,15.0,10.0,20231124,20251217,1.0,0.0,20231227,2,2,50,0,,,,EP,1,0,0,0,0,0,0,0,0,0,2023,12,737,2.0177960301163584,0,0,3.9318256327243257,3.1780538303479458,0,2.108145106091718,0.04380561259411362,754,2.0643394934976045,6.930520856392903,1,3.3292336218570924,4.967837317955656,5.24239332384555,2,754.0,6.626717749249025,0.008777109601654337
268,EP4292576A2,20231220,1.5920476884128174,2,2,8,0,51,,12,0,0,29.0,11.0,20231117,20240807,1.0,0.0,20231220,2,8,51,0,,,,EP,1,0,0,0,0,0,0,0,0,0,2023,12,744,2.0369609856262834,0,0,3.9512437185814275,2.5649493574615367,0,2.127310061601643,1.404517453798768,264,0.7227926078028748,35.24581981532318,0,3.1310173028897395,3.5646928675714644,3.2877419652644115,0,264.0,5.579729825986222,0.02105558424900461
269,EP4292564A2,20231220,1.489023833559799,2,2,4,0,48,,20,0,0,47.0,15.0,20231117,20251028,1.0,0.0,20231220,2,4,48,0,,,,EP,1,0,0,0,0,0,0,0,0,0,2023,12,744,2.0369609856262834,0,0,3.8918202981106265,3.044522437723423,0,2.127310061601643,0.1806981519507187,711,1.946611909650924,22.96478378649544,1,3.315737296193853,4.883704441984408,4.991134347374347,2,711.0,6.568077911411976,0.009224828527264011
270,EP4292663A2,20231220,0.9593053008872028,0,2,2,0,7,,19,0,0,16.0,10.0,20231117,20251217,1.0,0.0,20231220,2,2,7,0,,,,EP,1,0,0,0,0,0,0,0,0,0,2023,12,744,2.0369609856262834,0,0,2.0794415416798357,2.995732273553991,0,2.127310061601643,0.04380561259411362,761,2.083504449007529,7.327669978997524,1,2.756744665019597,4.406847334424115,5.07923672256152,2,761.0,6.635946555686647,0.00870859128042867
271,EP4289626A2,20231213,1.226303926929139,1,2,6,0,13,,32,0,0,33.0,16.0,20231110,20251022,1.0,0.0,20231213,2,6,13,0,,,,EP,1,0,0,0,0,0,0,0,0,0,2023,12,751,2.0561259411362083,0,0,2.6390573296152584,3.4965075614664802,0,2.1464750171115674,0.1971252566735113,712,1.949349760438056,16.102668581543703,1,3.324208463809027,4.893818320071861,5.445857321904536,2,712.0,6.569481420414296,0.009213858934662407
272,EP4292571A2,20231220,0.9593053008872028,0,2,2,0,7,,7,0,0,8.0,7.0,20231117,20240306,1.0,0.0,20231220,2,2,7,0,,,,EP,1,0,0,0,0,0,0,0,0,0,2023,12,744,2.0369609856262834,0,0,2.0794415416798357,2.0794415416798357,0,2.127310061601643,1.8261464750171115,110,0.30116358658453113,19.94198942160041,0,2.2069702258951045,2.387668377845823,2.3806051282643668,0,110.0,4.709530201312334,0.04242820001182283
273,EP4290088A2,20231213,1.1541977485067418,0,2,10,0,7,,4,0,0,21.0,13.0,20231110,20251008,1.0,0.0,20231213,2,10,7,0,,,,EP,1,0,0,0,0,0,0,0,0,0,2023,12,751,2.0561259411362083,0,0,2.0794415416798357,1.6094379124341003,0,2.1464750171115674,0.23545516769336072,698,1.9110198494182067,10.442462816105648,1,2.119860495967202,3.666472405618126,3.520457761852307,1,698.0,6.54965074223381,0.009370029674154234
274,EP4289373A2,20231213,1.2243720950461965,1,2,4,0,16,,4,0,0,13.0,10.0,20231110,20250115,1.0,0.0,20231213,2,4,16,0,,,,EP,1,0,0,0,0,0,0,0,0,0,2023,12,751,2.0561259411362083,0,0,2.833213344056216,1.6094379124341003,0,2.1464750171115674,0.9637234770704997,432,1.1827515400410678,10.13446454298063,1,2.1900348425066567,3.2996857665312973,2.792189452475168,0,432.0,6.07073772800249,0.01402017951039836
275,EP4296418A2,20231227,1.5634824445387487,2,2,4,0,65,,18,0,0,26.0,9.0,20231124,20251203,1.0,0.0,20231227,2,4,65,0,,,,EP,1,0,0,0,0,0,0,0,0,0,2023,12,737,2.0177960301163584,0,0,4.189654742026425,2.9444389791664403,0,2.108145106091718,0.08213552361396304,740,2.026009582477755,12.229483918740542,1,3.330145832038613,4.945751581525267,4.970448561644195,2,740.0,6.608000625296087,0.008917679656270022
276,EP4293190A1,20231220,1.115542577231735,0,2,4,0,10,,11,0,0,6.0,5.0,20231117,20241120,1.0,0.0,20231220,2,4,10,0,,,,EP,1,0,0,0,0,0,0,0,0,0,2023,12,744,2.0369609856262834,0,0,2.3978952727983707,2.4849066497880004,0,2.127310061601643,1.1170431211498972,369,1.0102669404517455,5.404105788792306,0,2.606486567104535,3.2126467313755827,3.495173590239746,0,369.0,5.91350300563827,0.015982440555779107
277,EP4289998A2,20231213,1.7820801504294939,2,4,22,0,37,,24,0,0,19.0,9.0,20231110,20240807,1.0,0.0,20231213,4,22,37,0,,,,EP,1,0,0,0,0,0,0,0,0,0,2023,12,751,2.0561259411362083,0,0,3.6375861597263857,3.2188758248682006,0,2.1464750171115674,1.404517453798768,271,0.7419575633127995,22.566458011543777,0,3.713405645350414,4.158580183338094,3.9608333881810003,1,271.0,5.605802066295998,0.020609566420205873
278,EP4290027A2,20231213,1.7300296820647052,2,2,6,0,104,,20,0,0,16.0,9.0,20231110,20240605,1.0,0.0,20231213,2,6,104,0,,,,EP,1,0,0,0,0,0,0,0,0,0,2023,12,751,2.0561259411362083,0,0,4.653960350157523,3.044522437723423,0,2.1464750171115674,1.5770020533880904,208,0.5694729637234771,23.899396789694304,0,3.5567431446987587,3.898426922932845,3.6139954014469002,1,208.0,5.342334251964811,0.025561407904137853
279,EP4289400A2,20231213,1.4406664848919446,2,2,6,0,32,,13,0,0,11.0,8.0,20231110,20240703,1.0,0.0,20231213,2,6,32,0,,,,EP,1,0,0,0,0,0,0,0,0,0,2023,12,751,2.0561259411362083,0,0,3.4965075614664802,2.6390573296152584,0,2.1464750171115674,1.5003422313483916,236,0.6461327857631759,14.742684157416752,0,3.0241008826610996,3.411780554119005,3.2851901153784344,0,236.0,5.4680601411351315,0.023071983717869754
280,EP4289925A2,20231213,1.2888293723717215,1,2,4,0,21,,9,0,0,15.0,10.0,20231110,20250326,1.0,0.0,20231213,2,4,21,0,,,,EP,1,0,0,0,0,0,0,0,0,0,2023,12,751,2.0561259411362083,0,0,3.091042453358316,2.302585092994046,0,2.1464750171115674,0.7720739219712526,502,1.374401095140315,10.173622394503504,1,2.6703804281681487,3.8950210852523375,3.676986188134361,1,502.0,6.220590170099739,0.012366978469383179
281,EP4290110A2,20231213,1.4406664848919446,2,2,6,0,32,,16,0,0,13.0,8.0,20231110,20250115,1.0,0.0,20231213,2,6,32,0,,,,EP,1,0,0,0,0,0,0,0,0,0,2023,12,751,2.0561259411362083,0,0,3.4965075614664802,2.833213344056216,0,2.1464750171115674,0.9637234770704997,432,1.1827515400410678,10.13446454298063,1,3.1405944913256745,4.2502454153503155,4.015964884097284,1,432.0,6.07073772800249,0.01402017951039836
282,EP4290808A2,20231213,1.4034535418064,2,2,14,0,17,,8,0,0,43.0,15.0,20231110,20251215,1.0,0.0,20231213,2,14,17,0,,,,EP,1,0,0,0,0,0,0,0,0,0,2023,12,751,2.0561259411362083,0,0,2.8903717578961645,2.1972245773362196,0,2.1464750171115674,0.049281314168377825,766,2.0971937029431897,19.570418367029063,1,2.7217882882081317,4.380104509974045,4.294418280279409,2,766.0,6.642486801367256,0.00866034785054401
283,EP4293195A2,20231220,1.5136332986990568,2,2,8,0,37,,38,0,0,12.0,9.0,20231117,20240904,1.0,0.0,20231220,2,8,37,0,,,,EP,1,0,0,0,0,0,0,0,0,0,2023,12,744,2.0369609856262834,0,0,3.6375861597263857,3.6635616461296463,0,2.127310061601643,1.3278576317590691,292,0.7994524298425736,13.341450422342287,0,3.7117702863768445,4.191441744282389,4.46301407597222,1,292.0,5.680172609017068,0.019386254638283508
284,EP4290862A2,20231213,1.4288508206737696,2,2,10,0,23,,26,0,0,14.0,9.0,20231110,20240501,1.0,0.0,20231213,2,10,23,0,,,,EP,1,0,0,0,0,0,0,0,0,0,2023,12,751,2.0561259411362083,0,0,3.1780538303479458,3.295836866004329,0,2.1464750171115674,1.672826830937714,173,0.4736481861738535,24.405202243169075,0,3.406352940276367,3.690541851980679,3.7694850521781826,1,173.0,5.159055299214529,0.029649743098934075
285,EP4293186A2,20231220,1.1883779838557416,0,2,2,0,19,,18,0,0,18.0,10.0,20231117,20250618,1.0,0.0,20231220,2,2,19,0,,,,EP,1,0,0,0,0,0,0,0,0,0,2023,12,744,2.0369609856262834,0,0,2.995732273553991,2.9444389791664403,0,2.127310061601643,0.5420944558521561,579,1.5852156057494866,10.681125868161326,1,2.9550413713556054,4.306170734805297,4.529654584915927,2,579.0,6.363028103540465,0.010970738109552526
286,EP4292645A2,20231220,1.3207877152491925,1,2,4,0,24,,41,0,0,57.0,21.0,20231117,20251222,1.0,1.0,20231220,2,4,24,0,,,,EP,1,0,0,0,0,0,0,0,0,0,2023,12,744,2.0369609856262834,0,0,3.2188758248682006,3.7376696182833684,0,2.127310061601643,0.030116358658453114,766,2.0971937029431897,25.942182486526896,1,3.5633894862192133,5.2217057079851275,5.834863321226559,2,766.0,6.642486801367256,0.00866034785054401
287,EP4292856A2,20231220,0.9640086263391562,0,2,4,0,5,,5,0,0,69.0,18.0,20231117,20251212,1.0,1.0,20231220,2,4,5,0,,,,EP,1,0,0,0,0,0,0,0,0,0,2023,12,744,2.0369609856262834,0,0,1.791759469228055,1.791759469228055,0,2.127310061601643,0.057494866529774126,756,2.0698151950718686,31.799943219456797,1,2.039064307875989,3.68095342491911,3.8615746642999236,1,756.0,6.6293632534374485,0.008757415130036259
288,EP4290864A2,20231213,1.4457828381510314,2,2,2,0,55,,222,0,0,22.0,9.0,20231110,20241016,1.0,0.0,20231213,2,2,55,0,,,,EP,1,0,0,0,0,0,0,0,0,0,2023,12,751,2.0561259411362083,0,0,4.02535169073515,5.407171771460119,0,2.1464750171115674,1.212867898699521,341,0.9336071184120466,21.284683133567313,0,4.6900859010271025,5.25025017207433,6.3407788898721655,2,341.0,5.834810737062605,0.01706085010837019
289,EP4290329A2,20231213,1.6817510485933893,2,2,10,0,65,,13,0,0,15.0,9.0,20231110,20250122,1.0,0.0,20231213,2,10,65,0,,,,EP,1,0,0,0,0,0,0,0,0,0,2023,12,751,2.0561259411362083,0,0,4.189654742026425,2.6390573296152584,0,2.1464750171115674,0.944558521560575,439,1.2019164955509924,11.52147626307765,1,3.265185446362544,4.38633534369314,3.840973825166251,2,439.0,6.0867747269123065,0.013833578924800697
290,EP4293670A2,20231220,1.2596867750852696,1,2,6,0,15,,10,0,0,14.0,10.0,20231117,20241023,1.0,0.0,20231220,2,6,15,0,,,,EP,1,0,0,0,0,0,0,0,0,0,2023,12,744,2.0369609856262834,0,0,2.772588722239781,2.3978952727983707,0,2.127310061601643,1.1937029431895962,341,0.9336071184120466,13.544798357724654,0,2.698423938764292,3.2585882098115198,3.3315023912104174,0,341.0,5.834810737062605,0.01706085010837019
291,EP4292855A2,20231220,1.4545361041829992,2,2,8,0,29,,8,0,0,17.0,8.0,20231117,20250108,1.0,0.0,20231220,2,8,29,0,,,,EP,1,0,0,0,0,0,0,0,0,0,2023,12,744,2.0369609856262834,0,0,3.4011973816621555,2.1972245773362196,0,2.127310061601643,0.9828884325804244,418,1.1444216290212184,13.660964743413453,1,2.772870850584731,3.8595238279974615,3.3416462063574377,1,418.0,6.037870919922137,0.014410193126305816
292,EP4292616A2,20231220,1.2999423130144299,1,2,4,0,22,,5,0,0,43.0,15.0,20231117,20251215,1.0,0.0,20231220,2,4,22,0,,,,EP,1,0,0,0,0,0,0,0,0,0,2023,12,744,2.0369609856262834,0,0,3.1354942159291497,1.791759469228055,0,2.127310061601643,0.049281314168377825,759,2.078028747433265,19.742622796266616,1,2.3749979945512627,4.021815243011222,3.86978821666132,1,759.0,6.633318433280377,0.008728050570105759
293,EP4293418A2,20231220,1.115542577231735,0,2,4,0,10,,8,0,0,13.0,9.0,20231117,20241023,1.0,0.0,20231220,2,4,10,0,,,,EP,1,0,0,0,0,0,0,0,0,0,2023,12,744,2.0369609856262834,0,0,2.3978952727983707,2.1972245773362196,0,2.127310061601643,1.1937029431895962,341,0.9336071184120466,12.577312760744322,0,2.4338773236334665,2.994041594680694,3.1308316957482663,0,341.0,5.834810737062605,0.01706085010837019
294,EP4293728A2,20231220,1.2454740981328447,1,2,8,0,12,,8,0,0,12.0,8.0,20231117,20250326,1.0,0.0,20231220,2,8,12,0,,,,EP,1,0,0,0,0,0,0,0,0,0,2023,12,744,2.0369609856262834,0,0,2.5649493574615367,2.1972245773362196,0,2.127310061601643,0.7720739219712526,495,1.3552361396303902,8.24608437985043,1,2.5638088445345764,3.77695052831281,3.5524607169666096,1,495.0,6.206575926724928,0.01251325791678413
295,EP4290554A2,20231213,0.7775235539074468,0,2,8,0,1,,4,0,0,10.0,8.0,20231110,20240911,1.0,0.0,20231213,2,8,1,0,,,,EP,1,0,0,0,0,0,0,0,0,0,2023,12,751,2.0561259411362083,0,0,0.6931471805599453,1.6094379124341003,0,2.1464750171115674,1.3086926762491444,306,0.837782340862423,10.663455222246553,0,1.7431863013679068,2.2458557058853605,2.447220253296523,0,306.0,5.726847747587197,0.018654227190837775
296,EP4289511A2,20231213,1.2077769338907087,0,2,6,0,12,,9,0,0,15.0,9.0,20231110,20241023,1.0,0.0,20231213,2,6,12,0,,,,EP,1,0,0,0,0,0,0,0,0,0,2023,12,751,2.0561259411362083,0,0,2.5649493574615367,2.302585092994046,0,2.1464750171115674,1.1937029431895962,348,0.9527720739219713,14.248098303101228,0,2.589327989687136,3.160991234040319,3.255357166916017,0,348.0,5.855071922202427,0.016776710378803517
297,EP4290830A2,20231213,1.147748251481298,0,2,2,0,16,,13,0,0,13.0,8.0,20231110,20240724,1.0,0.0,20231213,2,2,16,0,,,,EP,1,0,0,0,0,0,0,0,0,0,2023,12,751,2.0561259411362083,0,0,2.833213344056216,2.6390573296152584,0,2.1464750171115674,1.4428473648186173,257,0.70362765229295,16.176645941572268,0,2.731182649250453,3.153359240626223,3.3426849819082083,0,257.0,5.552959584921617,0.021523099166362858
298,EP4290120A2,20231213,1.4949326112014014,2,2,6,0,40,,12,0,0,13.0,9.0,20231110,20241120,1.0,0.0,20231213,2,6,40,0,,,,EP,1,0,0,0,0,0,0,0,0,0,2023,12,751,2.0561259411362083,0,0,3.713572066704308,2.5649493574615367,0,2.1464750171115674,1.1170431211498972,376,1.0294318959616702,11.51021150233319,0,3.0339022256783235,3.6515613632553254,3.594381253423207,1,376.0,5.932245187448011,0.015735398375193662
299,EP4290335A2,20231213,1.4157645772632537,2,2,36,0,10,,28,0,0,11.0,8.0,20231110,20240306,1.0,0.0,20231213,2,36,10,0,,,,EP,1,0,0,0,0,0,0,0,0,0,2023,12,751,2.0561259411362083,0,0,2.3978952727983707,3.367295829986474,0,2.1464750171115674,1.8261464750171115,117,0.3203285420944558,26.170004885197855,0,3.4361420752551384,3.628339200511812,3.68762437208093,0,117.0,4.770684624465665,0.04042953071581072
300,EP4293723A2,20231220,1.462733559888747,2,2,8,0,30,,27,0,0,9.0,7.0,20231117,20240313,1.0,0.0,20231220,2,8,30,0,,,,EP,1,0,0,0,0,0,0,0,0,0,2023,12,744,2.0369609856262834,0,0,3.4339872044851463,3.332204510175204,0,2.127310061601643,1.8069815195071868,117,0.3203285420944558,21.411822178798243,0,3.462056265993869,3.654253391250543,3.6525330522696597,1,117.0,4.770684624465665,0.04042953071581072
301,EP4290801A2,20231213,1.2596867750852696,1,2,6,0,15,,4,0,0,15.0,9.0,20231110,20240821,1.0,0.0,20231213,2,6,15,0,,,,EP,1,0,0,0,0,0,0,0,0,0,2023,12,751,2.0561259411362083,0,0,2.772588722239781,1.6094379124341003,0,2.1464750171115674,1.3661875427789185,285,0.7802874743326489,17.03988803358992,0,2.22534952254573,2.693522007145319,2.389725386766749,0,285.0,5.655991810819852,0.019776195142726757
302,EP4290953A2,20231213,1.2435521448008768,1,2,6,0,14,,11,0,0,36.0,15.0,20231110,20251029,1.0,0.0,20231213,2,6,14,0,,,,EP,1,0,0,0,0,0,0,0,0,0,2023,12,751,2.0561259411362083,0,0,2.70805020110221,2.4849066497880004,0,2.1464750171115674,0.17796030116358658,719,1.9685147159479808,17.40379206512028,1,2.7344961346736767,4.315604964242465,4.453421365735981,2,719.0,6.579251212010101,0.009137848905569585
303,EP4290774A2,20231213,1.0717723298109645,0,2,1,0,15,,15,0,0,12.0,9.0,20231110,20250326,1.0,0.0,20231213,2,1,15,0,,,,EP,1,0,0,0,0,0,0,0,0,0,2023,12,751,2.0561259411362083,0,0,2.772588722239781,2.772588722239781,0,2.1464750171115674,0.7720739219712526,502,1.374401095140315,8.138897915602803,1,2.7353255631548334,3.9599662202390222,4.146989817380096,1,502.0,6.220590170099739,0.012366978469383179
304,EP4289698A2,20231213,1.0025462962959708,0,2,4,0,6,,5,0,0,12.0,9.0,20231110,20240717,1.0,0.0,20231213,2,4,6,0,,,,EP,1,0,0,0,0,0,0,0,0,0,2023,12,751,2.0561259411362083,0,0,1.9459101490553132,1.791759469228055,0,2.1464750171115674,1.462012320328542,250,0.6844626967830253,15.29709449437222,0,2.0776019778328036,2.4882795959026187,2.4762221660110804,0,250.0,5.5254529391317835,0.0220137567296087
305,EP4294091A2,20231220,1.4846367085023218,2,2,10,0,29,,12,0,0,19.0,11.0,20231117,20250402,1.0,0.0,20231220,2,10,29,0,,,,EP,1,0,0,0,0,0,0,0,0,0,2023,12,744,2.0369609856262834,0,0,3.4011973816621555,2.5649493574615367,0,2.127310061601643,0.7529089664613279,502,1.374401095140315,12.886588366371104,1,3.023606322979244,4.248246980063433,3.9393504526018517,1,502.0,6.220590170099739,0.012366978469383179
306,EP4292685A2,20231220,1.3393002078649034,1,2,6,0,21,,17,0,0,50.0,16.0,20231117,20251029,1.0,0.0,20231220,2,6,21,0,,,,EP,1,0,0,0,0,0,0,0,0,0,2023,12,744,2.0369609856262834,0,0,3.091042453358316,2.8903717578961645,0,2.127310061601643,0.17796030116358658,712,1.949349760438056,24.397982699308642,1,3.073523262602602,4.643133118865436,4.839721518334221,2,712.0,6.569481420414296,0.009213858934662407
307,EP4290846A2,20231213,1.175554660258854,0,2,2,0,18,,9,0,0,41.0,15.0,20231110,20251020,1.0,0.0,20231213,2,2,18,0,,,,EP,1,0,0,0,0,0,0,0,0,0,2023,12,751,2.0561259411362083,0,0,2.9444389791664403,2.302585092994046,0,2.1464750171115674,0.2026009582477755,710,1.943874058863792,20.059944409095475,1,2.5571057160552817,4.123430151373557,4.246459151857838,1,710.0,6.566672429803241,0.00923582620225491
308,EP4290038A2,20231213,1.115542577231735,0,2,4,0,10,,6,0,0,22.0,13.0,20231110,20251010,1.0,0.0,20231213,2,4,10,0,,,,EP,1,0,0,0,0,0,0,0,0,0,2023,12,751,2.0561259411362083,0,0,2.3978952727983707,1.9459101490553132,0,2.1464750171115674,0.2299794661190965,700,1.9164955509924708,10.910016632157769,1,2.283088666664923,3.8329859972604052,3.862405700047784,1,700.0,6.55250788703459,0.0093473721641007
309,EP4290879A2,20231213,1.2771993684629983,1,2,4,0,20,,10,0,0,15.0,9.0,20231110,20241023,1.0,0.0,20231213,2,4,20,0,,,,EP,1,0,0,0,0,0,0,0,0,0,2023,12,751,2.0561259411362083,0,0,3.044522437723423,2.3978952727983707,0,2.1464750171115674,1.1937029431895962,348,0.9527720739219713,14.248098303101228,0,2.7159365321420204,3.287599776495203,3.350667346720342,0,348.0,5.855071922202427,0.016776710378803517
310,EP4290971A2,20231213,1.2941016954905975,1,2,10,0,13,,7,0,0,17.0,11.0,20231110,20251203,1.0,0.0,20231213,2,10,13,0,,,,EP,1,0,0,0,0,0,0,0,0,0,2023,12,751,2.0561259411362083,0,0,2.6390573296152584,2.0794415416798357,0,2.1464750171115674,0.08213552361396304,754,2.0643394934976045,7.854590303911957,1,2.5417666204984988,4.180370316597061,4.14378103517744,1,754.0,6.626717749249025,0.008777109601654337
311,EP4289298A2,20231213,1.4759361344569208,2,2,6,0,37,,54,0,0,68.0,23.0,20231110,20251021,1.0,1.0,20231213,2,6,37,0,,,,EP,1,0,0,0,0,0,0,0,0,0,2023,12,751,2.0561259411362083,0,0,3.6375861597263857,4.007333185232471,0,2.1464750171115674,0.1998631074606434,711,1.946611909650924,33.22564462726999,1,3.8803360455964038,5.448303191386959,5.953945094883395,2,711.0,6.568077911411976,0.009224828527264011
312,EP4292802A2,20231220,1.3403465035590705,1,2,8,0,18,,14,0,0,40.0,14.0,20231117,20251215,1.0,0.0,20231220,2,8,18,0,,,,EP,1,0,0,0,0,0,0,0,0,0,2023,12,744,2.0369609856262834,0,0,2.9444389791664403,2.70805020110221,0,2.127310061601643,0.049281314168377825,759,2.078028747433265,18.36523050815499,1,2.9651766242203967,4.611993872680356,4.786078948535475,2,759.0,6.633318433280377,0.008728050570105759
313,EP4290959A2,20231213,1.1372954214791426,0,2,4,0,11,,13,0,0,12.0,9.0,20231110,20240918,1.0,0.0,20231213,2,4,11,0,,,,EP,1,0,0,0,0,0,0,0,0,0,2023,12,751,2.0561259411362083,0,0,2.4849066497880004,2.6390573296152584,0,2.1464750171115674,1.2895277207392197,313,0.8569472963723477,12.53987554538302,0,2.7207298192482976,3.2348981970717063,3.496004625987606,0,313.0,5.749392985908253,0.018310168744930744
314,EP4290912A2,20231213,1.4083285441747555,2,2,12,0,19,,9,0,0,15.0,8.0,20231110,20240313,1.0,0.0,20231213,2,12,19,0,,,,EP,1,0,0,0,0,0,0,0,0,0,2023,12,751,2.0561259411362083,0,0,2.995732273553991,2.302585092994046,0,2.1464750171115674,1.8069815195071868,124,0.3394934976043806,34.13019778850646,0,2.789879599971183,2.993575698533811,2.6420785905984263,0,124.0,4.8283137373023015,0.03862650989841841
315,EP4293338A2,20231220,1.7390475150359326,2,2,10,0,82,,75,0,0,32.0,10.0,20231117,20251126,1.0,0.0,20231220,2,10,82,0,,,,EP,1,0,0,0,0,0,0,0,0,0,2023,12,744,2.0369609856262834,0,0,4.418840607796598,4.330733340286331,0,2.127310061601643,0.10130047912388775,740,2.026009582477755,15.051672515372974,1,4.337487519207731,5.953093268694385,6.356742922764086,2,740.0,6.608000625296087,0.008917679656270022
316,EP4290042A2,20231213,0.9137249116887143,0,4,2,0,3,,7,0,0,25.0,15.0,20231110,20251119,1.0,0.0,20231213,4,2,3,0,,,,EP,1,0,0,0,0,0,0,0,0,0,2023,12,751,2.0561259411362083,0,0,1.3862943611198906,2.0794415416798357,0,2.1464750171115674,0.12046543463381246,740,2.026009582477755,11.759119152635137,1,2.1613898366966158,3.776995586183269,4.105451124157591,1,740.0,6.608000625296087,0.008917679656270022
317,EP4289573A2,20231213,1.2338111812863757,1,2,10,0,10,,9,0,0,17.0,9.0,20231110,20241218,1.0,0.0,20231213,2,10,10,0,,,,EP,1,0,0,0,0,0,0,0,0,0,2023,12,751,2.0561259411362083,0,0,2.3978952727983707,2.302585092994046,0,2.1464750171115674,1.0403832991101984,404,1.106091718001369,14.095113784688722,0,2.6153622370828034,3.2790172678836247,3.4086768109954146,0,404.0,6.003887067106539,0.014824412511374169
318,EP4289580A2,20231213,1.3276702039561803,1,2,6,0,20,,12,0,0,17.0,9.0,20231110,20250723,1.0,0.0,20231213,2,6,20,0,,,,EP,1,0,0,0,0,0,0,0,0,0,2023,12,751,2.0561259411362083,0,0,3.044522437723423,2.5649493574615367,0,2.1464750171115674,0.4462696783025325,621,1.700205338809035,9.443367172350861,1,2.8666398184331023,4.2867630217185235,4.265154696270572,1,621.0,6.432940092739179,0.010342347415979388
319,EP4294055A1,20231220,1.4250903452689032,2,4,8,0,15,,15,0,0,53.0,14.0,20231117,20251212,1.0,1.0,20231220,4,8,15,0,,,,EP,1,0,0,0,0,0,0,0,0,0,2023,12,744,2.0369609856262834,0,0,2.772588722239781,2.772588722239781,0,2.127310061601643,0.057494866529774126,756,2.0698151950718686,24.426043342481307,1,3.088643578612772,4.730532695655894,4.84240391731165,2,756.0,6.6293632534374485,0.008757415130036259
320,EP4290860A2,20231213,1.3553353269996555,1,2,2,0,38,,60,0,0,23.0,8.0,20231110,20240214,1.0,0.0,20231213,2,2,38,0,,,,EP,1,0,0,0,0,0,0,0,0,0,2023,12,751,2.0561259411362083,0,0,3.6635616461296463,4.110873864173311,0,2.1464750171115674,1.8836413415468858,96,0.26283367556468173,63.38992642897567,0,3.8218596455036424,3.9795598508424517,4.373707539737993,1,96.0,4.574710978503383,0.04716196885055034
321,EP4290357A2,20231213,1.226303926929139,1,2,6,0,13,,9,0,0,24.0,14.0,20231110,20251008,1.0,0.0,20231213,2,6,13,0,,,,EP,1,0,0,0,0,0,0,0,0,0,2023,12,751,2.0561259411362083,0,0,2.6390573296152584,2.302585092994046,0,2.1464750171115674,0.23545516769336072,698,1.9110198494182067,11.934243218406454,1,2.6078549827255664,4.15446689237649,4.213604942412252,1,698.0,6.54965074223381,0.009370029674154234
322,EP4289388A2,20231213,1.5559023812100403,2,2,8,0,44,,15,0,0,13.0,10.0,20231110,20241218,1.0,0.0,20231213,2,8,44,0,,,,EP,1,0,0,0,0,0,0,0,0,0,2023,12,751,2.0561259411362083,0,0,3.8066624897703196,2.772588722239781,0,2.1464750171115674,1.0403832991101984,404,1.106091718001369,10.778616423585493,0,3.219455614553909,3.8831106453547304,3.8786804402411503,1,404.0,6.003887067106539,0.014824412511374169
323,EP4292796A2,20231220,1.4621161675117076,2,2,4,0,43,,7,0,0,12.0,9.0,20231117,20250402,1.0,0.0,20231220,2,4,43,0,,,,EP,1,0,0,0,0,0,0,0,0,0,2023,12,744,2.0369609856262834,0,0,3.784189633918261,2.0794415416798357,0,2.127310061601643,0.7529089664613279,502,1.374401095140315,8.138897915602803,1,2.7097810925196093,3.934421749603798,3.4538426368201507,1,502.0,6.220590170099739,0.012366978469383179
324,EP4293415A2,20231220,1.0150911887157554,0,2,2,0,9,,5,0,0,18.0,12.0,20231117,20251112,1.0,0.0,20231220,2,2,9,0,,,,EP,1,0,0,0,0,0,0,0,0,0,2023,12,744,2.0369609856262834,0,0,2.302585092994046,1.791759469228055,0,2.127310061601643,0.13963039014373715,726,1.9876796714579055,8.622012393036295,1,2.090146870252588,3.6827546731273313,3.7794391406859607,1,726.0,6.588926477533519,0.009063172596332214
325,EP4287271A2,20231206,1.2973839393274056,1,2,8,0,15,,21,0,0,45.0,14.0,20231103,20251029,1.0,0.0,20231206,2,8,15,0,,,,EP,1,0,0,0,0,0,0,0,0,0,2023,12,758,2.0752908966461328,0,0,2.772588722239781,3.091042453358316,0,2.1656399726214923,0.17796030116358658,726,1.9876796714579055,21.555030982590736,1,3.1520094113423953,4.744617214217139,5.078722124816221,2,726.0,6.588926477533519,0.009063172596332214
326,EP4287270A2,20231206,1.3191598081900726,1,2,12,0,13,,5,0,0,22.0,11.0,20231103,20251105,1.0,0.0,20231206,2,12,13,0,,,,EP,1,0,0,0,0,0,0,0,0,0,2023,12,758,2.0752908966461328,0,0,2.6390573296152584,1.791759469228055,0,2.1656399726214923,0.15879534565366188,733,2.00684462696783,10.442155875377669,1,2.3942154897269052,3.998322265907603,3.798604096195885,1,733.0,6.598509028614515,0.008989794316913508
327,EP4287269A2,20231206,1.2973839393274056,1,2,8,0,15,,21,0,0,39.0,14.0,20231020,20251029,1.0,0.0,20231206,2,8,15,0,,,,EP,1,0,0,0,0,0,0,0,0,0,2023,12,758,2.0752908966461328,0,0,2.772588722239781,3.091042453358316,0,2.2039698836413417,0.17796030116358658,740,2.026009582477755,18.344225878110812,1,3.1520094113423953,4.767615160829049,5.117052035836071,2,740.0,6.608000625296087,0.008917679656270022
328,EP4290859A2,20231213,1.5557895298720603,2,2,4,0,63,,86,0,0,31.0,11.0,20231110,20251105,1.0,0.0,20231213,2,4,63,0,,,,EP,1,0,0,0,0,0,0,0,0,0,2023,12,751,2.0561259411362083,0,0,4.1588830833596715,4.465908118654584,0,2.1464750171115674,0.15879534565366188,726,1.9876796714579055,14.849021343562507,1,4.235334401064811,5.827942203939554,6.453587790112489,2,726.0,6.588926477533519,0.009063172596332214
329,EP4290927A2,20231213,1.3403465035590705,1,2,8,0,18,,18,0,0,23.0,12.0,20231110,20251209,1.0,0.0,20231213,2,8,18,0,,,,EP,1,0,0,0,0,0,0,0,0,0,2023,12,751,2.0561259411362083,0,0,2.9444389791664403,2.9444389791664403,0,2.1464750171115674,0.06570841889117043,760,2.080766598220397,10.546749945073914,1,3.1070098910589348,4.755469849991173,5.025205577386837,2,760.0,6.634633357861686,0.008718309274456881
330,EP4296673A2,20231227,1.3954679725176389,2,2,10,0,20,,24,0,0,14.0,8.0,20231124,20250219,1.0,0.0,20231227,2,10,20,0,,,,EP,1,0,0,0,0,0,0,0,0,0,2023,12,737,2.0177960301163584,0,0,3.044522437723423,3.2188758248682006,0,2.108145106091718,0.8678986995208761,453,1.2402464065708418,10.445840355446606,1,3.3267934674385593,4.470941311381065,4.459122231439043,2,453.0,6.118097198041348,0.013475985017712222
331,EP4293398A2,20231220,1.2748429305393785,1,2,6,0,16,,8,0,0,14.0,10.0,20231117,20250813,1.0,0.0,20231220,2,6,16,0,,,,EP,1,0,0,0,0,0,0,0,0,0,2023,12,744,2.0369609856262834,0,0,2.833213344056216,2.1972245773362196,0,2.127310061601643,0.3887748117727584,635,1.7385352498288844,7.614757455046349,1,2.59317767694111,4.036298826838441,3.935759827165104,1,635.0,6.455198563340122,0.010149683275692016
332,EP4290169A2,20231213,1.3276702039561803,1,2,6,0,20,,10,0,0,25.0,13.0,20231110,20251224,1.0,0.0,20231213,2,6,20,0,,,,EP,1,0,0,0,0,0,0,0,0,0,2023,12,751,2.0561259411362083,0,0,3.044522437723423,2.3978952727983707,0,2.1464750171115674,0.024640657084188913,775,2.1218343600273784,11.251963895135702,1,2.7664073676352023,4.439507983651629,4.519729632825749,2,775.0,6.654152520183219,0.008574938814669097
333,EP4297020A2,20231227,1.2999423130144299,1,2,4,0,22,,13,0,0,41.0,20.0,20231124,20251126,1.0,1.0,20231227,2,4,22,0,,,,EP,1,0,0,0,0,0,0,0,0,0,2023,12,737,2.0177960301163584,0,0,3.1354942159291497,2.6390573296152584,0,2.108145106091718,0.10130047912388775,733,2.00684462696783,19.460381404112926,1,2.883376710783585,4.487483486964283,4.645901956583089,2,733.0,6.598509028614515,0.008989794316913508
334,EP4290792A2,20231213,1.080682254832628,0,2,2,0,12,,7,0,0,13.0,8.0,20231110,20240117,1.0,0.0,20231213,2,2,12,0,,,,EP,1,0,0,0,0,0,0,0,0,0,2023,12,751,2.0561259411362083,0,0,2.5649493574615367,2.0794415416798357,0,2.1464750171115674,1.9603011635865846,68,0.1861738535249829,45.426931356134894,0,2.3283471798405295,2.4400514919555194,2.2656153952048186,0,68.0,4.23410650459726,0.06136386238546753
335,EP4290878A2,20231213,1.212205528806823,1,2,2,0,21,,5,0,0,24.0,8.0,20231110,20250205,1.0,0.0,20231213,2,2,21,0,,,,EP,1,0,0,0,0,0,0,0,0,0,2023,12,751,2.0561259411362083,0,0,3.091042453358316,1.791759469228055,0,2.1464750171115674,0.9062286105407256,453,1.2402464065708418,17.907154895051324,1,2.287261210343656,3.431409054286161,3.032005875798897,0,453.0,6.118097198041348,0.013475985017712222
336,EP4290872A1,20231213,0.9640086263391562,0,2,4,0,5,,6,0,0,9.0,7.0,20231110,20250430,1.0,0.0,20231213,2,4,5,0,,,,EP,1,0,0,0,0,0,0,0,0,0,2023,12,751,2.0561259411362083,0,0,1.791759469228055,1.9459101490553132,0,2.1464750171115674,0.676249144421629,537,1.4702258726899384,5.731659474303648,1,2.131554715772344,3.413690239386307,3.4161360217452517,0,537.0,6.2878585601617845,0.011687469442679897
337,EP4294133A2,20231220,1.4089557149845104,2,2,8,0,24,,39,0,0,12.0,9.0,20231117,20241030,1.0,0.0,20231220,2,8,24,0,,,,EP,1,0,0,0,0,0,0,0,0,0,2023,12,744,2.0369609856262834,0,0,3.2188758248682006,3.6888794541139363,0,2.127310061601643,1.1745379876796715,348,0.9527720739219713,11.398478642480983,0,3.622283387452872,4.193946631806055,4.641651528035908,1,348.0,5.855071922202427,0.016776710378803517
338,EP4289731A2,20231213,1.2141063858867809,1,4,6,0,7,,4,0,0,56.0,15.0,20231110,20251106,1.0,0.0,20231213,4,6,7,0,,,,EP,1,0,0,0,0,0,0,0,0,0,2023,12,751,2.0561259411362083,0,0,2.0794415416798357,1.6094379124341003,0,2.1464750171115674,0.15605749486652978,727,1.9904175222450375,26.78890671556269,1,2.179769133347241,3.7740196466942635,3.599855434679138,1,727.0,6.590301048196686,0.009052611329940502
339,EP4294004A2,20231220,1.3578927165287609,1,2,4,0,28,,26,0,0,29.0,13.0,20231117,20251029,1.0,0.0,20231220,2,4,28,0,,,,EP,1,0,0,0,0,0,0,0,0,0,2023,12,744,2.0369609856262834,0,0,3.367295829986474,3.295836866004329,0,2.127310061601643,0.17796030116358658,712,1.949349760438056,14.150829965599012,1,3.3353948361313583,4.905004692394193,5.245186626442385,2,712.0,6.569481420414296,0.009213858934662407
340,EP4293150A2,20231220,1.244163871684294,1,2,2,0,24,,15,0,0,49.0,17.0,20231117,20251029,1.0,0.0,20231220,2,2,24,0,,,,EP,1,0,0,0,0,0,0,0,0,0,2023,12,744,2.0369609856262834,0,0,3.2188758248682006,2.772588722239781,0,2.127310061601643,0.17796030116358658,712,1.949349760438056,23.91002304532247,1,2.907717105028163,4.477326961290997,4.721938482677837,2,712.0,6.569481420414296,0.009213858934662407
341,EP4290863A2,20231213,1.091715032280654,0,2,4,0,9,,7,0,0,12.0,9.0,20231110,20240918,1.0,0.0,20231213,2,4,9,0,,,,EP,1,0,0,0,0,0,0,0,0,0,2023,12,751,2.0561259411362083,0,0,2.302585092994046,2.0794415416798357,0,2.1464750171115674,1.2895277207392197,313,0.8569472963723477,12.53987554538302,0,2.339379957288555,2.853548335111964,2.936388838052183,0,313.0,5.749392985908253,0.018310168744930744
342,EP4290983A2,20231213,1.3712585507423745,1,2,6,0,24,,22,0,0,19.0,12.0,20231110,20250903,1.0,0.0,20231213,2,6,24,0,,,,EP,1,0,0,0,0,0,0,0,0,0,2023,12,751,2.0561259411362083,0,0,3.2188758248682006,3.1354942159291497,0,2.1464750171115674,0.33127994524298426,663,1.8151950718685832,9.920660448161252,1,3.252555080299864,4.741672123421014,4.950689287797733,2,663.0,6.498282149476434,0.009786569502223544
343,EP4293149A2,20231220,1.244163871684294,1,2,2,0,24,,15,0,0,29.0,14.0,20231117,20251218,1.0,0.0,20231220,2,2,24,0,,,,EP,1,0,0,0,0,0,0,0,0,0,2023,12,744,2.0369609856262834,0,0,3.2188758248682006,2.772588722239781,0,2.127310061601643,0.04106776180698152,762,2.086242299794661,13.264769418615574,1,2.907717105028163,4.55946248490496,4.858831022034442,2,762.0,6.637258031284457,0.008698896502338738
344,EP4293392A2,20231220,1.226303926929139,1,2,6,0,13,,5,0,0,70.0,19.0,20231117,20251112,1.0,1.0,20231220,2,6,13,0,,,,EP,1,0,0,0,0,0,0,0,0,0,2023,12,744,2.0369609856262834,0,0,2.6390573296152584,1.791759469228055,0,2.127310061601643,0.13963039014373715,726,1.9876796714579055,33.53004819514115,1,2.3013596084659715,3.893967411340715,3.7794391406859607,1,726.0,6.588926477533519,0.009063172596332214
345,EP4289453A2,20231213,1.1573060983975267,0,2,4,0,12,,7,0,0,16.0,10.0,20231110,20251001,1.0,0.0,20231213,2,4,12,0,,,,EP,1,0,0,0,0,0,0,0,0,0,2023,12,751,2.0561259411362083,0,0,2.5649493574615367,2.0794415416798357,0,2.1464750171115674,0.2546201232032854,691,1.891854893908282,8.032713652451806,1,2.4049710234054285,3.9400839597503974,3.9712964355881177,1,691.0,6.539585955617669,0.009450268721990852
346,EP4290905A2,20231213,1.5286805150534963,2,2,28,0,19,,4,0,0,18.0,8.0,20231110,20250820,1.0,0.0,20231213,2,28,19,0,,,,EP,1,0,0,0,0,0,0,0,0,0,2023,12,751,2.0561259411362083,0,0,2.995732273553991,1.6094379124341003,0,2.1464750171115674,0.36960985626283366,649,1.7768651608487338,9.590459866525654,1,2.4943432625139565,3.9604623590231967,3.386303073282834,1,649.0,6.476972362889683,0.009964572865984128
347,EP4290945A2,20231213,1.2386616985061836,1,2,4,0,17,,8,0,0,16.0,8.0,20231110,20240228,1.0,0.0,20231213,2,4,17,0,,,,EP,1,0,0,0,0,0,0,0,0,0,2023,12,751,2.0561259411362083,0,0,2.8903717578961645,2.1972245773362196,0,2.1464750171115674,1.8453114305270362,110,0.30116358658453113,39.88397884320082,0,2.5569964449079152,2.737694596858634,2.4983881639207506,0,110.0,4.709530201312334,0.04242820001182283
348,EP4296778A2,20231227,1.4934125517889205,2,2,46,0,12,,44,0,0,15.0,10.0,20231124,20241204,1.0,0.0,20231227,2,46,12,0,,,,EP,1,0,0,0,0,0,0,0,0,0,2023,12,737,2.0177960301163584,0,0,2.5649493574615367,3.8066624897703196,0,2.108145106091718,1.0787132101300478,376,1.0294318959616702,13.281013271922912,0,3.7774100456511124,4.395069183228115,4.83609438573199,2,376.0,5.932245187448011,0.015735398375193662
349,EP4290253A2,20231213,1.1877662569723246,0,2,6,0,11,,9,0,0,12.0,9.0,20231110,20240918,1.0,0.0,20231213,2,6,11,0,,,,EP,1,0,0,0,0,0,0,0,0,0,2023,12,751,2.0561259411362083,0,0,2.4849066497880004,2.302585092994046,0,2.1464750171115674,1.2895277207392197,313,0.8569472963723477,12.53987554538302,0,2.569317312768752,3.083485690592161,3.159532389366394,0,313.0,5.749392985908253,0.018310168744930744
350,EP4290400A2,20231213,1.1877662569723246,0,2,6,0,11,,8,0,0,13.0,9.0,20231110,20241009,1.0,0.0,20231213,2,6,11,0,,,,EP,1,0,0,0,0,0,0,0,0,0,2023,12,751,2.0561259411362083,0,0,2.4849066497880004,2.1972245773362196,0,2.1464750171115674,1.2320328542094456,334,0.9144421629021219,12.81492476890898,0,2.5061010033740563,3.0547663011153294,3.1116667402383413,0,334.0,5.814130531825066,0.01735561352783602
351,EP4289892A2,20231213,1.432156089125837,2,2,12,0,21,,11,0,0,11.0,8.0,20231110,20240320,1.0,0.0,20231213,2,12,21,0,,,,EP,1,0,0,0,0,0,0,0,0,0,2023,12,751,2.0561259411362083,0,0,3.091042453358316,2.4849066497880004,0,2.1464750171115674,1.787816563997262,131,0.3586584531143053,23.982987613788985,0,2.9231000789986368,3.13829515086722,2.8435651029023057,0,131.0,4.882801922586371,0.03699092365595735
352,EP4289492A2,20231213,1.2350417490347694,1,2,12,0,9,,9,0,0,12.0,9.0,20231110,20240828,1.0,0.0,20231213,2,12,9,0,,,,EP,1,0,0,0,0,0,0,0,0,0,2023,12,751,2.0561259411362083,0,0,2.302585092994046,2.302585092994046,0,2.1464750171115674,1.3470225872689938,292,0.7994524298425736,13.341450422342287,0,2.616592804831197,3.0962642627367414,3.1020375228366195,0,292.0,5.680172609017068,0.019386254638283508
353,EP4290503A2,20231213,1.0907142960312888,0,2,8,0,6,,5,0,0,17.0,9.0,20231110,20250115,1.0,0.0,20231213,2,8,6,0,,,,EP,1,0,0,0,0,0,0,0,0,0,2023,12,751,2.0561259411362083,0,0,1.9459101490553132,1.791759469228055,0,2.1464750171115674,0.9637234770704997,432,1.1827515400410678,13.252761325436209,1,2.1657699775681216,3.2754209015927622,2.974511009269123,0,432.0,6.07073772800249,0.01402017951039836
354,EP4290005A2,20231213,1.3113499133623354,1,2,10,0,14,,7,0,0,16.0,10.0,20231110,20250507,1.0,0.0,20231213,2,10,14,0,,,,EP,1,0,0,0,0,0,0,0,0,0,2023,12,751,2.0561259411362083,0,0,2.70805020110221,2.0794415416798357,0,2.1464750171115674,0.6570841889117043,544,1.4893908281998631,10.06674992463718,1,2.5590148383702367,3.8526493352901543,3.568832369879699,1,544.0,6.300785794663244,0.011561074852593108
355,EP4293064A2,20231220,1.166013412724917,0,2,6,0,10,,4,0,0,11.0,8.0,20231117,20250226,1.0,0.0,20231220,2,6,10,0,,,,EP,1,0,0,0,0,0,0,0,0,0,2023,12,744,2.0369609856262834,0,0,2.3978952727983707,1.6094379124341003,0,2.127310061601643,0.8487337440109514,467,1.2785763175906912,7.979246313489896,1,2.131676160185377,3.2988219507397916,2.8880142300247913,0,467.0,6.148468295917647,0.013137752769054802
356,EP4292952A2,20231220,1.2092159395920876,0,2,4,0,15,,2,0,0,,,,,,,20231220,2,4,15,0,,,,EP,1,0,0,0,0,0,0,0,0,0,2023,12,744,2.0369609856262834,0,0,2.772588722239781,1.0986122886681098,1,2.0369609856262834,2.0369609856262834,0,0.0,0.0,0,1.8683833127929534,1.8683833127929534,1.0986122886681098,0,,,
357,EP4286676A2,20231206,1.4254652989637389,2,2,4,0,37,,11,0,0,13.0,9.0,20231103,20241023,1.0,0.0,20231206,2,4,37,0,,,,EP,1,0,0,0,0,0,0,0,0,0,2023,12,758,2.0752908966461328,0,0,3.6375861597263857,2.4849066497880004,0,2.1656399726214923,1.1937029431895962,355,0.971937029431896,12.127578060149416,0,2.916409288836539,3.4995715064956765,3.4568436792198964,0,355.0,5.87493073085203,0.016502614412505702
358,EP4296361A2,20231227,1.385492323946809,2,2,2,0,43,,70,0,0,19.0,8.0,20231124,20240228,1.0,0.0,20231227,2,2,43,0,,,,EP,1,0,0,0,0,0,0,0,0,0,2023,12,737,2.0177960301163584,0,0,3.784189633918261,4.2626798770413155,0,2.108145106091718,1.8453114305270362,96,0.26283367556468173,52.365591397849464,0,3.9431002501715984,4.100800455510408,4.5255135526059975,1,96.0,4.574710978503383,0.04716196885055034
359,EP4290810A2,20231213,1.0907142960312888,0,2,8,0,6,,13,0,0,59.0,18.0,20231110,20251212,1.0,1.0,20231213,2,8,6,0,,,,EP,1,0,0,0,0,0,0,0,0,0,2023,12,751,2.0561259411362083,0,0,1.9459101490553132,2.6390573296152584,0,2.1464750171115674,0.057494866529774126,763,2.088980150581793,26.953190957130797,1,2.6741486938004435,4.32753678414952,4.7280374801970515,2,763.0,6.638567789166521,0.00868922485493
360,EP4293414A2,20231220,1.4406664848919446,2,2,6,0,32,,24,0,0,10.0,8.0,20231117,20240918,1.0,0.0,20231220,2,6,32,0,,,,EP,1,0,0,0,0,0,0,0,0,0,2023,12,744,2.0369609856262834,0,0,3.4965075614664802,3.2188758248682006,0,2.127310061601643,1.2895277207392197,306,0.837782340862423,10.663455222246553,0,3.371991979812865,3.874661384330319,4.0566581657306235,1,306.0,5.726847747587197,0.018654227190837775
361,EP4285867A2,20231206,0.7140979876342713,0,2,2,0,2,,52,0,0,49.0,24.0,20231103,20251105,1.0,1.0,20231206,2,2,2,0,,,,EP,1,0,0,0,0,0,0,0,0,0,2023,12,758,2.0752908966461328,0,0,1.0986122886681098,3.970291913552122,0,2.1656399726214923,0.15879534565366188,733,2.00684462696783,23.25752899515935,1,3.0962731357655446,4.700379911946243,5.977136540519952,2,733.0,6.598509028614515,0.008989794316913508
362,EP4285866A2,20231206,0.7140979876342713,0,2,2,0,2,,52,0,0,51.0,23.0,20231103,20251105,1.0,1.0,20231206,2,2,2,0,,,,EP,1,0,0,0,0,0,0,0,0,0,2023,12,758,2.0752908966461328,0,0,1.0986122886681098,3.970291913552122,0,2.1656399726214923,0.15879534565366188,733,2.00684462696783,24.206815892920957,1,3.0962731357655446,4.700379911946243,5.977136540519952,2,733.0,6.598509028614515,0.008989794316913508
363,EP4289395A2,20231213,1.3276702039561803,1,2,6,0,20,,6,0,0,15.0,11.0,20231110,20251224,1.0,0.0,20231213,2,6,20,0,,,,EP,1,0,0,0,0,0,0,0,0,0,2023,12,751,2.0561259411362083,0,0,3.044522437723423,1.9459101490553132,0,2.1464750171115674,0.024640657084188913,775,2.1218343600273784,6.751178337081421,1,2.495216293389368,4.168316909405795,4.067744509082692,1,775.0,6.654152520183219,0.008574938814669097
364,EP4296680A2,20231227,1.5552752104002854,2,2,12,0,35,,31,0,0,13.0,9.0,20231124,20250219,1.0,0.0,20231227,2,12,35,0,,,,EP,1,0,0,0,0,0,0,0,0,0,2023,12,737,2.0177960301163584,0,0,3.58351893845611,3.4657359027997265,0,2.108145106091718,0.8678986995208761,453,1.2402464065708418,9.699708901486135,1,3.634716752080121,4.778864596022626,4.705982309370569,2,453.0,6.118097198041348,0.013475985017712222
365,EP4296978A2,20231227,1.2092159395920876,0,2,4,0,15,,12,0,0,11.0,8.0,20231124,20250212,1.0,0.0,20231227,2,4,15,0,,,,EP,1,0,0,0,0,0,0,0,0,0,2023,12,737,2.0177960301163584,0,0,2.772588722239781,2.5649493574615367,0,2.108145106091718,0.8870636550308009,446,1.2210814510609171,8.326511579710896,1,2.7481855540690097,3.8808344247055597,3.7860308085224537,1,446.0,6.102558594613569,0.013652256363788745
366,EP4289398A2,20231213,1.6400204403653436,2,2,8,0,62,,39,0,0,16.0,8.0,20231110,20240925,1.0,0.0,20231213,2,8,62,0,,,,EP,1,0,0,0,0,0,0,0,0,0,2023,12,751,2.0561259411362083,0,0,4.143134726391533,3.6888794541139363,0,2.1464750171115674,1.270362765229295,320,0.8761122518822724,16.391557394292125,0,3.853348112833705,4.379015463963069,4.564991705996208,2,320.0,5.771441123130016,0.01797956736177575
367,EP4285939A2,20231206,1.2243720950461965,1,2,4,0,16,,15,0,0,11.0,8.0,20231103,20250702,1.0,0.0,20231206,2,4,16,0,,,,EP,1,0,0,0,0,0,0,0,0,0,2023,12,758,2.0752908966461328,0,0,2.833213344056216,2.772588722239781,0,2.1656399726214923,0.5037645448323066,607,1.6618754277891854,6.243347189308885,1,2.8879253283900654,4.285050585063577,4.434464150028966,1,607.0,6.410174881966167,0.010543050792707512
368,EP4289317A2,20231213,1.1861126110392881,0,2,16,0,6,,8,0,0,12.0,8.0,20231110,20241120,1.0,0.0,20231213,2,16,6,0,,,,EP,1,0,0,0,0,0,0,0,0,0,2023,12,751,2.0561259411362083,0,0,1.9459101490553132,2.1972245773362196,0,2.1464750171115674,1.1170431211498972,376,1.0294318959616702,10.62481061753833,0,2.5044473574410198,3.1221064950180217,3.22665647329789,0,376.0,5.932245187448011,0.015735398375193662
369,EP4293005A2,20231220,1.1573060983975267,0,2,4,0,12,,7,0,0,15.0,10.0,20231117,20250115,1.0,0.0,20231220,2,4,12,0,,,,EP,1,0,0,0,0,0,0,0,0,0,2023,12,744,2.0369609856262834,0,0,2.5649493574615367,2.0794415416798357,0,2.127310061601643,0.9637234770704997,425,1.163586584531143,11.870971236661068,1,2.4049710234054285,3.503122974124114,3.243028126210979,0,425.0,6.054439346269371,0.014212298934904626
370,EP4293525A2,20231220,1.2254634212144606,1,2,8,0,11,,5,0,0,14.0,9.0,20231117,20241218,1.0,0.0,20231220,2,8,11,0,,,,EP,1,0,0,0,0,0,0,0,0,0,2023,12,744,2.0369609856262834,0,0,2.4849066497880004,1.791759469228055,0,2.127310061601643,1.0403832991101984,397,1.0869267624914443,11.79516752205755,0,2.3005191027512932,2.9526751602461596,2.8786862317194992,0,397.0,5.986452005284438,0.015041336696694567
371,EP4292793A2,20231220,1.3274845436467282,1,2,10,0,15,,5,0,0,17.0,8.0,20231117,20250226,1.0,0.0,20231220,2,10,15,0,,,,EP,1,0,0,0,0,0,0,0,0,0,2023,12,744,2.0369609856262834,0,0,2.772588722239781,1.791759469228055,0,2.127310061601643,0.8487337440109514,467,1.2785763175906912,12.331562484484385,1,2.402540225183561,3.5696860157379753,3.070335786818746,0,467.0,6.148468295917647,0.013137752769054802
372,EP4289416A2,20231213,0.9516656224425799,0,2,0,0,14,,31,0,0,20.0,10.0,20231110,20240731,1.0,0.0,20231213,2,0,14,0,,,,EP,1,0,0,0,0,0,0,0,0,0,2023,12,751,2.0561259411362083,0,0,2.70805020110221,3.4657359027997265,0,2.1464750171115674,1.4236824093086926,264,0.7227926078028748,24.307461941602195,0,3.0311071641224157,3.4647827288041406,4.188528510602602,0,264.0,5.579729825986222,0.02105558424900461
373,EP4290243A2,20231213,1.5136332986990568,2,2,8,0,37,,40,0,0,16.0,11.0,20231110,20251126,1.0,0.0,20231213,2,8,37,0,,,,EP,1,0,0,0,0,0,0,0,0,0,2023,12,751,2.0561259411362083,0,0,3.6375861597263857,3.713572066704308,0,2.1464750171115674,0.10130047912388775,747,2.0451745379876796,7.458600555183306,1,3.7417765387216413,5.368881261514249,5.7587466046919875,2,747.0,6.617402977974478,0.00884679542509957
374,EP4290320A2,20231213,1.147748251481298,0,2,2,0,16,,18,0,0,30.0,15.0,20231110,20251224,1.0,0.0,20231213,2,2,16,0,,,,EP,1,0,0,0,0,0,0,0,0,0,2023,12,751,2.0561259411362083,0,0,2.833213344056216,2.9444389791664403,0,2.1464750171115674,0.024640657084188913,775,2.1218343600273784,13.502356674162842,1,2.914411638981162,4.5875122549975895,5.066273339193819,2,775.0,6.654152520183219,0.008574938814669097
375,EP4290563A2,20231213,1.3026493393169345,1,2,6,0,18,,25,0,0,16.0,9.0,20231110,20241016,1.0,0.0,20231213,2,6,18,0,,,,EP,1,0,0,0,0,0,0,0,0,0,2023,12,751,2.0561259411362083,0,0,2.9444389791664403,3.258096538021482,0,2.1464750171115674,1.212867898699521,341,0.9336071184120466,15.479769551685319,0,3.257507262129824,3.8176715331770517,4.191703656433528,1,341.0,5.834810737062605,0.01706085010837019
376,EP4290238A2,20231213,1.5559023812100403,2,2,8,0,44,,20,0,0,20.0,8.0,20231110,20250402,1.0,0.0,20231213,2,8,44,0,,,,EP,1,0,0,0,0,0,0,0,0,0,2023,12,751,2.0561259411362083,0,0,3.8066624897703196,3.044522437723423,0,2.1464750171115674,0.7529089664613279,509,1.3935660506502396,13.39077035882865,1,3.382615843844094,4.618755474234238,4.438088488373663,2,509.0,6.234410725718371,0.012224334756310531
377,EP4292912A2,20231220,1.8161843177648682,2,2,10,0,112,,16,0,0,12.0,9.0,20231117,20241016,1.0,0.0,20231220,2,10,112,0,,,,EP,1,0,0,0,0,0,0,0,0,0,2023,12,744,2.0369609856262834,0,0,4.727387818712341,2.833213344056216,0,2.127310061601643,1.212867898699521,334,0.9144421629021219,11.829161325146751,0,3.516112324198598,4.0647776219398715,3.747655506958338,1,334.0,5.814130531825066,0.01735561352783602
378,EP4290558A2,20231213,1.7300296820647052,2,2,6,0,104,,11,0,0,18.0,10.0,20231110,20251224,1.0,0.0,20231213,2,6,104,0,,,,EP,1,0,0,0,0,0,0,0,0,0,2023,12,751,2.0561259411362083,0,0,4.653960350157523,2.4849066497880004,0,2.1464750171115674,0.024640657084188913,775,2.1218343600273784,8.101414004497705,1,3.2209736719375055,4.8940742879539325,4.606741009815378,2,775.0,6.654152520183219,0.008574938814669097
379,EP4290371A2,20231213,1.3220979416977432,1,2,14,0,12,,11,0,0,11.0,8.0,20231110,20241016,1.0,0.0,20231213,2,14,12,0,,,,EP,1,0,0,0,0,0,0,0,0,0,2023,12,751,2.0561259411362083,0,0,2.5649493574615367,2.4849066497880004,0,2.1464750171115674,1.212867898699521,341,0.9336071184120466,10.642341566783657,0,2.8130419315705435,3.373206202617771,3.418513768200047,0,341.0,5.834810737062605,0.01706085010837019
380,EP4290457A2,20231213,1.462733559888747,2,2,8,0,30,,10,0,0,9.0,8.0,20231110,20240925,1.0,0.0,20231213,2,8,30,0,,,,EP,1,0,0,0,0,0,0,0,0,0,2023,12,751,2.0561259411362083,0,0,3.4339872044851463,2.3978952727983707,0,2.1464750171115674,1.270362765229295,320,0.8761122518822724,9.220251034289321,0,2.901470723567769,3.4271380746971323,3.274007524680643,0,320.0,5.771441123130016,0.01797956736177575
381,EP4290000A2,20231213,1.3154726629138223,1,2,6,0,19,,19,0,0,33.0,15.0,20231110,20251218,1.0,0.0,20231213,2,6,19,0,,,,EP,1,0,0,0,0,0,0,0,0,0,2023,12,751,2.0561259411362083,0,0,2.995732273553991,2.995732273553991,0,2.1464750171115674,0.04106776180698152,769,2.105407255304586,14.963222742931627,1,3.1129120270462165,4.776156380228969,5.101139528858576,2,769.0,6.646390514847729,0.00863167599330874
382,EP4286985A2,20231206,1.2077769338907087,0,2,6,0,12,,14,0,0,43.0,16.0,20231103,20251215,1.0,0.0,20231206,2,6,12,0,,,,EP,1,0,0,0,0,0,0,0,0,0,2023,12,758,2.0752908966461328,0,0,2.5649493574615367,2.70805020110221,0,2.1656399726214923,0.049281314168377825,773,2.116358658453114,19.401192057070503,1,2.8326070545520348,4.502422249623904,4.824408859555325,2,773.0,6.651571873589727,0.008593762110581044
383,EP4287017A2,20231206,1.1372954214791426,0,2,4,0,11,,5,0,0,15.0,9.0,20231103,20240828,1.0,0.0,20231206,2,4,11,0,,,,EP,1,0,0,0,0,0,0,0,0,0,2023,12,758,2.0752908966461328,0,0,2.4849066497880004,1.791759469228055,0,2.1656399726214923,1.3470225872689938,299,0.8186173853524983,16.32888756426496,0,2.2123511030159753,2.703521534227474,2.6103768545805535,0,299.0,5.703782474656201,0.019012608248854004
384,EP4290046A2,20231213,0.9593053008872028,0,2,2,0,7,,19,0,0,15.0,12.0,20231110,20251129,1.0,0.0,20231213,2,2,7,0,,,,EP,1,0,0,0,0,0,0,0,0,0,2023,12,751,2.0561259411362083,0,0,2.0794415416798357,2.995732273553991,0,2.1464750171115674,0.09308692676249145,750,2.0533880903490758,6.9657671402689045,1,2.756744665019597,4.388777519229043,5.049120363903066,2,750.0,6.621405651764134,0.008816785155478209
385,EP4285983A2,20231206,1.0992092478710584,0,2,2,0,13,,10,0,0,14.0,9.0,20231103,20241211,1.0,0.0,20231206,2,2,13,0,,,,EP,1,0,0,0,0,0,0,0,0,0,2023,12,758,2.0752908966461328,0,0,2.6390573296152584,2.3978952727983707,0,2.1656399726214923,1.0595482546201231,404,1.106091718001369,11.607740763861301,0,2.537946411550081,3.2016014423509023,3.5039869907997394,0,404.0,6.003887067106539,0.014824412511374169
386,EP4296410A2,20231227,1.5380572041353537,2,2,2,0,80,,18,0,0,28.0,9.0,20231124,20241120,1.0,0.0,20231227,2,2,80,0,,,,EP,1,0,0,0,0,0,0,0,0,0,2023,12,737,2.0177960301163584,0,0,4.394449154672439,2.9444389791664403,0,2.108145106091718,1.1170431211498972,362,0.9911019849418207,25.66212910106016,0,3.304720591635218,3.8993817826003103,3.935540964108261,1,362.0,5.8944028342648505,0.01623802433681777
387,EP4289639A2,20231213,1.579202704910358,2,4,27,0,14,,17,0,0,32.0,11.0,20231110,20251210,1.0,0.0,20231213,4,27,14,0,,,,EP,1,0,0,0,0,0,0,0,0,0,2023,12,751,2.0561259411362083,0,0,2.70805020110221,2.8903717578961645,0,2.1464750171115674,0.06297056810403832,761,2.083504449007529,14.655339957995048,1,3.313425759648057,4.963528429052575,4.973876206903693,2,761.0,6.635946555686647,0.00870859128042867
388,EP4289718A2,20231213,1.091715032280654,0,2,4,0,9,,8,0,0,12.0,9.0,20231110,20251126,1.0,0.0,20231213,2,4,9,0,,,,EP,1,0,0,0,0,0,0,0,0,0,2023,12,751,2.0561259411362083,0,0,2.302585092994046,2.1972245773362196,0,2.1464750171115674,0.10130047912388775,747,2.0451745379876796,5.59395041638748,1,2.4100497786823856,4.037154501474993,4.242399115323899,1,747.0,6.617402977974478,0.00884679542509957
389,EP4292707A2,20231220,1.3653673681983163,1,2,8,0,20,,12,0,0,19.0,10.0,20231117,20251203,1.0,0.0,20231220,2,8,20,0,,,,EP,1,0,0,0,0,0,0,0,0,0,2023,12,744,2.0369609856262834,0,0,3.044522437723423,2.5649493574615367,0,2.127310061601643,0.08213552361396304,747,2.0451745379876796,8.857088159280176,1,2.9043369826752383,4.531441705467847,4.610123895449217,2,747.0,6.617402977974478,0.00884679542509957
390,EP4290548A2,20231213,1.203710576967053,0,2,8,0,10,,4,0,0,12.0,8.0,20231110,20250108,1.0,0.0,20231213,2,8,10,0,,,,EP,1,0,0,0,0,0,0,0,0,0,2023,12,751,2.0561259411362083,0,0,2.3978952727983707,1.6094379124341003,0,2.1464750171115674,0.9828884325804244,425,1.163586584531143,9.496776989328854,1,2.169373324427513,3.2675252751461987,2.7730244969652436,0,425.0,6.054439346269371,0.014212298934904626
391,EP4285956A2,20231206,1.4808762330974559,2,4,8,0,19,,8,0,0,11.0,9.0,20231103,20250702,1.0,0.0,20231206,4,8,19,0,,,,EP,1,0,0,0,0,0,0,0,0,0,2023,12,758,2.0752908966461328,0,0,2.995732273553991,2.1972245773362196,0,2.1656399726214923,0.5037645448323066,607,1.6618754277891854,6.243347189308885,1,2.7992109794991875,4.196336236172699,3.8591000051254047,1,607.0,6.410174881966167,0.010543050792707512
392,EP4289462A2,20231213,1.8478084674891868,2,2,20,0,86,,24,0,0,36.0,14.0,20231110,20251210,1.0,0.0,20231213,2,20,86,0,,,,EP,1,0,0,0,0,0,0,0,0,0,2023,12,751,2.0561259411362083,0,0,4.465908118654584,3.2188758248682006,0,2.1464750171115674,0.06297056810403832,761,2.083504449007529,16.48725745274443,1,3.779133962410107,5.429236631814625,5.3023802738757295,2,761.0,6.635946555686647,0.00870859128042867
393,EP4289612A2,20231213,1.3154726629138223,1,2,6,0,19,,6,0,0,12.0,9.0,20231110,20250319,1.0,0.0,20231213,2,6,19,0,,,,EP,1,0,0,0,0,0,0,0,0,0,2023,12,751,2.0561259411362083,0,0,2.995732273553991,1.9459101490553132,0,2.1464750171115674,0.7912388774811773,495,1.3552361396303902,8.24608437985043,1,2.48301875234701,3.696160436125244,3.3011462886857035,1,495.0,6.206575926724928,0.01251325791678413
394,EP4287619A2,20231206,1.3488414553988404,1,2,2,0,37,,36,0,0,17.0,9.0,20231103,20240501,1.0,0.0,20231206,2,2,37,0,,,,EP,1,0,0,0,0,0,0,0,0,0,2023,12,758,2.0752908966461328,0,0,3.6375861597263857,3.6109179126442243,0,2.1656399726214923,1.672826830937714,180,0.4928131416837782,28.67682715621753,0,3.5153922029853746,3.8110800879956415,4.103731054328002,1,180.0,5.198497031265826,0.028720978073291856
395,EP4296363A2,20231227,1.453091963659935,2,2,9,0,27,,15,0,0,42.0,18.0,20231124,20251117,1.0,0.0,20231227,2,9,27,0,,,,EP,1,0,0,0,0,0,0,0,0,0,2023,12,737,2.0177960301163584,0,0,3.332204510175204,2.772588722239781,0,2.108145106091718,0.12594113620807665,724,1.9822039698836413,20.170934551789884,1,3.1166451970038036,4.705967578933989,4.754792692123423,2,724.0,6.586171654854675,0.009084374696351276
396,EP4285985A2,20231206,1.0359291444521013,0,2,4,0,7,,12,0,0,29.0,15.0,20231103,20251029,1.0,0.0,20231206,2,4,7,0,,,,EP,1,0,0,0,0,0,0,0,0,0,2023,12,758,2.0752908966461328,0,0,2.0794415416798357,2.5649493574615367,0,2.1656399726214923,0.17796030116358658,726,1.9876796714579055,13.891019966558474,1,2.5748987589290233,4.1675065618037666,4.552629028919442,1,726.0,6.588926477533519,0.009063172596332214
397,EP4297501A2,20231227,1.115542577231735,0,2,4,0,10,,10,0,0,18.0,10.0,20231124,20251119,1.0,0.0,20231227,2,4,10,0,,,,EP,1,0,0,0,0,0,0,0,0,0,2023,12,737,2.0177960301163584,0,0,2.3978952727983707,2.3978952727983707,0,2.108145106091718,0.12046543463381246,726,1.9876796714579055,8.622012393036295,1,2.5542797409107574,4.146887543785501,4.385574944256276,1,726.0,6.588926477533519,0.009063172596332214
398,EP4293714A2,20231220,1.4791656863071618,2,2,2,0,63,,16,0,0,21.0,10.0,20231117,20241204,1.0,0.0,20231220,2,2,63,0,,,,EP,1,0,0,0,0,0,0,0,0,0,2023,12,744,2.0369609856262834,0,0,4.1588830833596715,2.833213344056216,0,2.127310061601643,1.0787132101300478,383,1.0485968514715949,18.283177403015312,0,3.1790936927408913,3.808251803623848,3.881810195527811,1,383.0,5.950642552587727,0.015496464980697205
399,EP4292453A2,20231220,1.4382886225606266,2,2,4,0,39,,37,0,0,17.0,9.0,20231117,20241009,1.0,0.0,20231220,2,4,39,0,,,,EP,1,0,0,0,0,0,0,0,0,0,2023,12,744,2.0369609856262834,0,0,3.6888794541139363,3.6375861597263857,0,2.127310061601643,1.2320328542094456,327,0.8952772073921971,17.080668454714257,0,3.620840318396458,4.158006642831776,4.5328633671185825,1,327.0,5.793013608384144,0.017661626854829707
400,EP4290798A2,20231213,1.342640699100837,1,2,10,0,16,,10,0,0,10.0,8.0,20231110,20240918,1.0,0.0,20231213,2,10,16,0,,,,EP,1,0,0,0,0,0,0,0,0,0,2023,12,751,2.0561259411362083,0,0,2.833213344056216,2.3978952727983707,0,2.1464750171115674,1.2895277207392197,313,0.8569472963723477,10.449896287819184,0,2.781377862779859,3.295546240603268,3.2548425691707186,0,313.0,5.749392985908253,0.018310168744930744
401,EP4289385A2,20231213,0.9887510598012987,0,2,2,0,8,,7,0,0,13.0,10.0,20231110,20241106,1.0,0.0,20231213,2,2,8,0,,,,EP,1,0,0,0,0,0,0,0,0,0,2023,12,751,2.0561259411362083,0,0,2.1972245773362196,2.0794415416798357,0,2.1464750171115674,1.1553730321697468,362,0.9911019849418207,11.91455993977793,0,2.2364159848092005,2.831077175774293,3.0705435266216563,0,362.0,5.8944028342648505,0.01623802433681777
402,EP4285882A2,20231206,1.0822772303937969,0,2,10,0,5,,2,0,0,12.0,8.0,20231103,20240508,1.0,0.0,20231206,2,10,5,0,,,,EP,1,0,0,0,0,0,0,0,0,0,2023,12,758,2.0752908966461328,0,0,1.791759469228055,1.0986122886681098,0,2.1656399726214923,1.6536618754277892,187,0.5119780971937029,19.60854490549156,0,1.7414446035946627,2.0486314619108845,1.6105903858618127,0,187.0,5.236441962829949,0.027853414695903984
403,EP4290301A2,20231213,1.3207877152491925,1,2,4,0,24,,28,0,0,13.0,10.0,20231110,20251119,1.0,0.0,20231213,2,4,24,0,,,,EP,1,0,0,0,0,0,0,0,0,0,2023,12,751,2.0561259411362083,0,0,3.2188758248682006,3.367295829986474,0,2.1464750171115674,0.12046543463381246,740,2.026009582477755,6.114741959370271,1,3.341165213241077,4.95677096272773,5.39330541246423,2,740.0,6.608000625296087,0.008917679656270022
404,EP4287421A2,20231206,1.3446748753161883,1,2,26,0,9,,6,0,0,44.0,14.0,20231103,20251215,1.0,0.0,20231206,2,26,9,0,,,,EP,1,0,0,0,0,0,0,0,0,0,2023,12,758,2.0752908966461328,0,0,2.302585092994046,1.9459101490553132,0,2.1656399726214923,0.049281314168377825,773,2.116358658453114,19.852382570025632,1,2.5122209647493765,4.182036159821245,4.062268807508428,1,773.0,6.651571873589727,0.008593762110581044
405,EP4290926A2,20231213,0.9640086263391562,0,2,4,0,5,,4,0,0,15.0,11.0,20231110,20251029,1.0,0.0,20231213,2,4,5,0,,,,EP,1,0,0,0,0,0,0,0,0,0,2023,12,751,2.0561259411362083,0,0,1.791759469228055,1.6094379124341003,0,2.1464750171115674,0.17796030116358658,719,1.9685147159479808,7.25158002713345,1,1.9296713737996163,3.510780203368405,3.5779526283820813,0,719.0,6.579251212010101,0.009137848905569585
406,EP4286915A2,20231206,1.2435521448008768,1,2,6,0,14,,13,0,0,16.0,10.0,20231103,20251105,1.0,0.0,20231206,2,6,14,0,,,,EP,1,0,0,0,0,0,0,0,0,0,2023,12,758,2.0752908966461328,0,0,2.70805020110221,2.6390573296152584,0,2.1656399726214923,0.15879534565366188,733,2.00684462696783,7.594295182092849,1,2.826986542570032,4.43109331875073,4.645901956583089,2,733.0,6.598509028614515,0.008989794316913508
407,EP4290918A2,20231213,1.407097976426362,2,2,10,0,21,,13,0,0,18.0,9.0,20231110,20240918,1.0,0.0,20231213,2,10,21,0,,,,EP,1,0,0,0,0,0,0,0,0,0,2023,12,751,2.0561259411362083,0,0,3.091042453358316,2.6390573296152584,0,2.1464750171115674,1.2895277207392197,313,0.8569472963723477,18.809813318074532,0,2.990532374195517,3.504700752018926,3.496004625987606,0,313.0,5.749392985908253,0.018310168744930744
408,EP4289371A2,20231213,1.060671577914244,0,2,2,0,11,,9,0,0,39.0,14.0,20231110,20251215,1.0,0.0,20231213,2,2,11,0,,,,EP,1,0,0,0,0,0,0,0,0,0,2023,12,751,2.0561259411362083,0,0,2.4849066497880004,2.302585092994046,0,2.1464750171115674,0.049281314168377825,766,2.0971937029431897,17.749914332886824,1,2.4422226337106716,4.100538855476586,4.399778795937236,1,766.0,6.642486801367256,0.00866034785054401
409,EP4289996A2,20231213,1.2672260505550579,1,2,0,0,52,,23,0,0,28.0,15.0,20231110,20251015,1.0,0.0,20231213,2,0,52,0,,,,EP,1,0,0,0,0,0,0,0,0,0,2023,12,751,2.0561259411362083,0,0,3.970291913552122,3.1780538303479458,0,2.1464750171115674,0.216290212183436,705,1.9301848049281314,13.791847881055931,1,3.1740583487638254,4.732169231720705,5.108238635276077,2,705.0,6.559615237493242,0.009291239713163231
410,EP4290524A2,20231213,0.9887510598012987,0,2,2,0,8,,6,0,0,16.0,10.0,20231110,20241009,1.0,0.0,20231213,2,2,8,0,,,,EP,1,0,0,0,0,0,0,0,0,0,2023,12,751,2.0561259411362083,0,0,2.1972245773362196,1.9459101490553132,0,2.1464750171115674,1.2320328542094456,334,0.9144421629021219,15.772215100195668,0,2.1562971492344865,2.7049624469757596,2.8603523119574352,0,334.0,5.814130531825066,0.01735561352783602
411,EP4290025A2,20231213,0.9259224527310722,0,2,2,0,6,,6,0,0,14.0,9.0,20231110,20241225,1.0,0.0,20231213,2,2,6,0,,,,EP,1,0,0,0,0,0,0,0,0,0,2023,12,751,2.0561259411362083,0,0,1.9459101490553132,1.9459101490553132,0,2.1464750171115674,1.0212183436002737,411,1.1252566735112937,11.42617730853025,0,2.0934685421642603,2.7686225462710365,3.0711668225666067,0,411.0,6.021023349349527,0.014614134343081375
412,EP4290365A2,20231213,0.841804393575769,0,2,2,0,4,,6,0,0,17.0,11.0,20231110,20241016,1.0,0.0,20231213,2,2,4,0,,,,EP,1,0,0,0,0,0,0,0,0,0,2023,12,751,2.0561259411362083,0,0,1.6094379124341003,1.9459101490553132,0,2.1464750171115674,1.212867898699521,341,0.9336071184120466,16.44725514866565,0,2.009350483008957,2.5695147540561845,2.8795172674673597,0,341.0,5.834810737062605,0.01706085010837019
413,EP4289513A2,20231213,1.1164574657427964,0,2,2,0,14,,13,0,0,14.0,10.0,20231110,20250618,1.0,0.0,20231213,2,2,14,0,,,,EP,1,0,0,0,0,0,0,0,0,0,2023,12,751,2.0561259411362083,0,0,2.70805020110221,2.6390573296152584,0,2.1464750171115674,0.5420944558521561,586,1.6043805612594113,8.214127946668809,1,2.6998918635119513,4.062520200267598,4.24343789087467,1,586.0,6.375024819828097,0.010860348926453316
414,EP4289512A2,20231213,1.1164574657427964,0,2,2,0,14,,13,0,0,14.0,10.0,20231110,20250219,1.0,0.0,20231213,2,2,14,0,,,,EP,1,0,0,0,0,0,0,0,0,0,2023,12,751,2.0561259411362083,0,0,2.70805020110221,2.6390573296152584,0,2.1464750171115674,0.8678986995208761,467,1.2785763175906912,10.155404398987141,1,2.6998918635119513,3.867037654066366,3.9176336472059496,1,467.0,6.148468295917647,0.013137752769054802
415,EP4287205A2,20231206,1.0530171317891528,0,2,6,0,6,,6,0,0,16.0,10.0,20231103,20251105,1.0,0.0,20231206,2,6,6,0,,,,EP,1,0,0,0,0,0,0,0,0,0,2023,12,758,2.0752908966461328,0,0,1.9459101490553132,1.9459101490553132,0,2.1656399726214923,0.15879534565366188,733,2.00684462696783,7.594295182092849,1,2.2205632212223407,3.824669997403039,3.952754776023143,1,733.0,6.598509028614515,0.008989794316913508
416,EP4290513A2,20231213,0.9887510598012987,0,2,2,0,8,,35,0,0,63.0,18.0,20231110,20251203,1.0,1.0,20231213,2,2,8,0,,,,EP,1,0,0,0,0,0,0,0,0,0,2023,12,751,2.0561259411362083,0,0,2.1972245773362196,3.58351893845611,0,2.1464750171115674,0.08213552361396304,754,2.0643394934976045,29.108187596850193,1,3.1388624228749644,4.7774661189735275,5.647858431953715,2,754.0,6.626717749249025,0.008777109601654337
417,EP4289891A2,20231213,1.175554660258854,0,2,2,0,18,,8,0,0,14.0,9.0,20231110,20250226,1.0,0.0,20231213,2,2,18,0,,,,EP,1,0,0,0,0,0,0,0,0,0,2023,12,751,2.0561259411362083,0,0,2.9444389791664403,2.1972245773362196,0,2.1464750171115674,0.8487337440109514,474,1.297741273100616,10.016159835463494,1,2.4938894066605855,3.672534170520955,3.4949658504368353,1,474.0,6.163314804034641,0.01297539958744135
418,EP4287204A2,20231206,1.0530171317891528,0,2,6,0,6,,6,0,0,17.0,11.0,20231103,20251105,1.0,0.0,20231206,2,6,6,0,,,,EP,1,0,0,0,0,0,0,0,0,0,2023,12,758,2.0752908966461328,0,0,1.9459101490553132,1.9459101490553132,0,2.1656399726214923,0.15879534565366188,733,2.00684462696783,8.068938630973653,1,2.2205632212223407,3.824669997403039,3.952754776023143,1,733.0,6.598509028614515,0.008989794316913508
419,EP4289408A2,20231213,1.2092159395920876,0,2,4,0,15,,9,0,0,18.0,10.0,20231110,20251112,1.0,0.0,20231213,2,4,15,0,,,,EP,1,0,0,0,0,0,0,0,0,0,2023,12,751,2.0561259411362083,0,0,2.772588722239781,2.302585092994046,0,2.1464750171115674,0.13963039014373715,733,2.00684462696783,8.543582079854456,1,2.590766995388515,4.194873771569213,4.3094297199618765,1,733.0,6.598509028614515,0.008989794316913508
420,EP4290512A2,20231213,0.9887510598012987,0,2,2,0,8,,35,0,0,62.0,18.0,20231110,20251126,1.0,1.0,20231213,2,2,8,0,,,,EP,1,0,0,0,0,0,0,0,0,0,2023,12,751,2.0561259411362083,0,0,2.1972245773362196,3.58351893845611,0,2.1464750171115674,0.10130047912388775,747,2.0451745379876796,28.902077151335313,1,3.1388624228749644,4.765967145667572,5.6286934764437895,2,747.0,6.617402977974478,0.00884679542509957
421,EP4290917A2,20231213,0.841804393575769,0,2,2,0,4,,3,0,0,14.0,9.0,20231110,20241002,1.0,0.0,20231213,2,2,4,0,,,,EP,1,0,0,0,0,0,0,0,0,0,2023,12,751,2.0561259411362083,0,0,1.6094379124341003,1.3862943611198906,0,2.1464750171115674,1.2511978097193703,327,0.8952772073921971,14.0664328450588,0,1.6735810102477033,2.2107473346830213,2.2815715685120876,0,327.0,5.793013608384144,0.017661626854829707
422,EP4285954A2,20231206,1.2596867750852696,1,2,6,0,15,,10,0,0,13.0,10.0,20231103,20251029,1.0,0.0,20231206,2,6,15,0,,,,EP,1,0,0,0,0,0,0,0,0,0,2023,12,758,2.0752908966461328,0,0,2.772588722239781,2.3978952727983707,0,2.1656399726214923,0.17796030116358658,726,1.9876796714579055,6.227008950526213,1,2.698423938764292,4.291031741639036,4.385574944256276,1,726.0,6.588926477533519,0.009063172596332214
423,EP4290224A2,20231213,1.300632815151642,1,2,12,0,12,,16,0,0,38.0,12.0,20231110,20251203,1.0,0.0,20231213,2,12,12,0,,,,EP,1,0,0,0,0,0,0,0,0,0,2023,12,751,2.0561259411362083,0,0,2.5649493574615367,2.833213344056216,0,2.1464750171115674,0.08213552361396304,754,2.0643394934976045,17.557319502862022,1,3.0005608215853714,4.639164517683934,4.897552837553821,2,754.0,6.626717749249025,0.008777109601654337
424,EP4292652A2,20231220,1.467006613806401,2,4,6,0,21,,15,0,0,23.0,10.0,20231117,20251029,1.0,0.0,20231220,4,6,21,0,,,,EP,1,0,0,0,0,0,0,0,0,0,2023,12,744,2.0369609856262834,0,0,3.091042453358316,2.772588722239781,0,2.127310061601643,0.17796030116358658,712,1.949349760438056,11.223072041681975,1,3.13055984715027,4.700169703413104,4.721938482677837,2,712.0,6.569481420414296,0.009213858934662407
425,EP4287529A2,20231206,1.203710576967053,0,2,8,0,10,,19,0,0,11.0,8.0,20231103,20240306,1.0,0.0,20231206,2,8,10,0,,,,EP,1,0,0,0,0,0,0,0,0,0,2023,12,758,2.0752908966461328,0,0,2.3978952727983707,2.995732273553991,0,2.1656399726214923,1.8261464750171115,124,0.3394934976043806,25.028811711571404,0,3.0011499410994475,3.2048460396620757,3.3352257711583713,0,124.0,4.8283137373023015,0.03862650989841841
426,EP4290193A2,20231213,1.4174506668242803,2,2,2,0,49,,33,0,0,16.0,10.0,20231110,20250528,1.0,0.0,20231213,2,2,49,0,,,,EP,1,0,0,0,0,0,0,0,0,0,2023,12,751,2.0561259411362083,0,0,3.912023005428146,3.5263605246161616,0,2.1464750171115674,0.5995893223819302,565,1.5468856947296372,9.715306928224097,1,3.533266981593977,4.86139839843176,5.073246219345799,2,565.0,6.338594078203183,0.011198929466790077
427,EP4287025A2,20231206,1.115542577231735,0,2,4,0,10,,5,0,0,21.0,13.0,20231103,20251030,1.0,0.0,20231206,2,4,10,0,,,,EP,1,0,0,0,0,0,0,0,0,0,2023,12,758,2.0752908966461328,0,0,2.3978952727983707,1.791759469228055,0,2.1656399726214923,0.17522245037645448,727,1.9904175222450375,10.045840018336008,1,2.190598258768568,3.7848487721155903,3.7821769914730927,1,727.0,6.590301048196686,0.009052611329940502
428,EP4290998A2,20231213,1.2748429305393785,1,2,6,0,16,,17,0,0,19.0,11.0,20231110,20251119,1.0,0.0,20231213,2,6,16,0,,,,EP,1,0,0,0,0,0,0,0,0,0,2023,12,751,2.0561259411362083,0,0,2.833213344056216,2.8903717578961645,0,2.1464750171115674,0.12046543463381246,740,2.026009582477755,8.936930556002704,1,3.0090659852770774,4.624671734763731,4.91638134037392,2,740.0,6.608000625296087,0.008917679656270022
429,EP4290521A2,20231213,1.5803847715663482,2,2,10,0,43,,15,0,0,20.0,8.0,20231110,20240313,1.0,0.0,20231213,2,10,43,0,,,,EP,1,0,0,0,0,0,0,0,0,0,2023,12,751,2.0561259411362083,0,0,3.784189633918261,2.772588722239781,0,2.1464750171115674,1.8069815195071868,124,0.3394934976043806,45.50693038467528,0,3.243938004910217,3.4476341034728453,3.1120822198441616,0,124.0,4.8283137373023015,0.03862650989841841
430,EP4287465A2,20231206,1.0822772303937969,0,2,10,0,5,,3,0,0,10.0,8.0,20231103,20240710,1.0,0.0,20231206,2,10,5,0,,,,EP,1,0,0,0,0,0,0,0,0,0,2023,12,758,2.0752908966461328,0,0,1.791759469228055,1.3862943611198906,0,2.1656399726214923,1.4811772758384667,250,0.6844626967830253,12.747578745310184,0,1.9140538470657313,2.3247314651355464,2.0707570579029158,0,250.0,5.5254529391317835,0.0220137567296087
431,EP4297489A2,20231227,1.162037854941285,0,2,2,0,17,,11,0,0,20.0,9.0,20231124,20240925,1.0,0.0,20231227,2,2,17,0,,,,EP,1,0,0,0,0,0,0,0,0,0,2023,12,737,2.0177960301163584,0,0,2.8903717578961645,2.4849066497880004,0,2.108145106091718,1.270362765229295,306,0.837782340862423,21.326910444493105,0,2.652981844814085,3.1556512493315387,3.3226889906504233,0,306.0,5.726847747587197,0.018654227190837775
432,EP4290131A2,20231213,1.370447107878393,1,2,10,0,18,,6,0,0,14.0,9.0,20231110,20240911,1.0,0.0,20231213,2,10,18,0,,,,EP,1,0,0,0,0,0,0,0,0,0,2023,12,751,2.0561259411362083,0,0,2.9444389791664403,1.9459101490553132,0,2.1464750171115674,1.3086926762491444,306,0.837782340862423,14.928837311145173,0,2.537993197311581,3.040662601829035,2.783692489917736,0,306.0,5.726847747587197,0.018654227190837775
433,EP4285871A2,20231206,1.3881103127497478,2,2,8,0,22,,6,0,0,28.0,11.0,20231103,20251203,1.0,0.0,20231206,2,8,22,0,,,,EP,1,0,0,0,0,0,0,0,0,0,2023,12,758,2.0752908966461328,0,0,3.1354942159291497,1.9459101490553132,0,2.1656399726214923,0.08213552361396304,761,2.083504449007529,12.823422463245667,1,2.5556564021829358,4.205759071587454,4.029414598062842,1,761.0,6.635946555686647,0.00870859128042867
434,EP4294120A2,20231220,1.1372954214791426,0,2,4,0,11,,8,0,0,20.0,11.0,20231117,20250716,1.0,0.0,20231220,2,4,11,0,,,,EP,1,0,0,0,0,0,0,0,0,0,2023,12,744,2.0369609856262834,0,0,2.4849066497880004,2.1972245773362196,0,2.127310061601643,0.4654346338124572,607,1.6618754277891854,11.351540344197971,1,2.4556301678808743,3.852755424554385,3.8591000051254047,1,607.0,6.410174881966167,0.010543050792707512
435,EP4290510A2,20231213,1.2521785038237525,1,2,4,0,18,,60,0,0,35.0,14.0,20231110,20251127,1.0,0.0,20231213,2,4,18,0,,,,EP,1,0,0,0,0,0,0,0,0,0,2023,12,751,2.0561259411362083,0,0,2.9444389791664403,4.110873864173311,0,2.1464750171115674,0.09856262833675565,748,2.0479123887748116,16.294891813517733,1,3.7187028223277396,5.347450255592626,6.158786252948123,2,748.0,6.618738983517219,0.008836767668247288
436,EP4290098A2,20231213,1.1372954214791426,0,2,4,0,11,,7,0,0,11.0,8.0,20231110,20240925,1.0,0.0,20231213,2,4,11,0,,,,EP,1,0,0,0,0,0,0,0,0,0,2023,12,751,2.0561259411362083,0,0,2.4849066497880004,2.0794415416798357,0,2.1464750171115674,1.270362765229295,320,0.8761122518822724,11.269195708575836,0,2.384960346487044,2.910627697616407,2.955553793562108,0,320.0,5.771441123130016,0.01797956736177575
437,EP4292546A2,20231220,1.2588692939858506,1,2,12,0,10,,8,0,0,50.0,17.0,20231117,20251029,1.0,0.0,20231220,2,12,10,0,,,,EP,1,0,0,0,0,0,0,0,0,0,2023,12,744,2.0369609856262834,0,0,2.3978952727983707,2.1972245773362196,0,2.127310061601643,0.17796030116358658,712,1.949349760438056,24.397982699308642,1,2.577204040387582,4.146813896650416,4.146574337774275,1,712.0,6.569481420414296,0.009213858934662407
438,EP4295915A2,20231227,1.8547881419421286,2,2,18,0,94,,25,0,0,16.0,9.0,20231124,20241225,1.0,0.0,20231227,2,18,94,0,,,,EP,1,0,0,0,0,0,0,0,0,0,2023,12,737,2.0177960301163584,0,0,4.553876891600541,3.258096538021482,0,2.108145106091718,1.0212183436002737,397,1.0869267624914443,13.480191453780057,0,3.809646064755018,4.4618021222498845,4.345023300512926,2,397.0,5.986452005284438,0.015041336696694567
439,EP4287176A2,20231206,1.2888293723717215,1,2,4,0,21,,4,0,0,19.0,10.0,20231103,20250312,1.0,0.0,20231206,2,4,21,0,,,,EP,1,0,0,0,0,0,0,0,0,0,2023,12,758,2.0752908966461328,0,0,3.091042453358316,1.6094379124341003,0,2.1656399726214923,0.810403832991102,495,1.3552361396303902,13.056300268096512,1,2.2544921198321815,3.4676338036104153,2.9646740520644905,0,495.0,6.206575926724928,0.01251325791678413
440,EP4286655A2,20231206,1.175833091435957,0,2,4,0,13,,4,0,0,17.0,11.0,20231103,20251203,1.0,0.0,20231206,2,4,13,0,,,,EP,1,0,0,0,0,0,0,0,0,0,2023,12,758,2.0752908966461328,0,0,2.6390573296152584,1.6094379124341003,0,2.1656399726214923,0.08213552361396304,761,2.083504449007529,7.785649352684869,1,2.141495838896417,3.7915985083009347,3.692942361441629,1,761.0,6.635946555686647,0.00870859128042867
441,EP4289991A2,20231213,1.3725687771909252,1,2,20,0,12,,7,0,0,44.0,14.0,20231110,20251215,1.0,0.0,20231213,2,20,12,0,,,,EP,1,0,0,0,0,0,0,0,0,0,2023,12,751,2.0561259411362083,0,0,2.5649493574615367,2.0794415416798357,0,2.1464750171115674,0.049281314168377825,766,2.0971937029431897,20.02554437556462,1,2.620233702198827,4.278549923964741,4.176635244623025,1,766.0,6.642486801367256,0.00866034785054401
442,EP4289499A2,20231213,1.264001091171275,1,2,8,0,13,,7,0,0,21.0,8.0,20231110,20250611,1.0,0.0,20231213,2,8,13,0,,,,EP,1,0,0,0,0,0,0,0,0,0,2023,12,751,2.0561259411362083,0,0,2.6390573296152584,2.0794415416798357,0,2.1464750171115674,0.5612594113620808,579,1.5852156057494866,12.461313512854879,1,2.511666016179176,3.862795379628868,3.664657147429322,1,579.0,6.363028103540465,0.010970738109552526
443,EP4290166A2,20231213,1.2748429305393785,1,2,6,0,16,,12,0,0,30.0,15.0,20231110,20251119,1.0,0.0,20231213,2,6,16,0,,,,EP,1,0,0,0,0,0,0,0,0,0,2023,12,751,2.0561259411362083,0,0,2.833213344056216,2.5649493574615367,0,2.1464750171115674,0.12046543463381246,740,2.026009582477755,14.110942983162163,1,2.8138125450163005,4.429418294502954,4.590958939939291,2,740.0,6.608000625296087,0.008917679656270022
444,EP4289478A2,20231213,1.6278228993229855,2,4,8,0,35,,12,0,0,38.0,15.0,20231110,20260101,1.0,0.0,20231213,4,8,35,0,,,,EP,1,0,0,0,0,0,0,0,0,0,2023,12,751,2.0561259411362083,0,0,3.58351893845611,2.5649493574615367,0,2.1464750171115674,0.0027378507871321013,783,2.1437371663244353,16.93603001738812,1,3.1667925137999076,4.853034813594569,4.708686523785972,2,783.0,6.664409020350408,0.008500521709630622
445,EP4286494A2,20231206,1.2891325339993656,1,2,6,0,17,,10,0,0,25.0,10.0,20231103,20251112,1.0,0.0,20231206,2,6,17,0,,,,EP,1,0,0,0,0,0,0,0,0,0,2023,12,758,2.0752908966461328,0,0,2.8903717578961645,2.3978952727983707,0,2.1656399726214923,0.13963039014373715,740,2.026009582477755,11.759119152635137,1,2.727869697678388,4.343475447165042,4.423904855276126,2,740.0,6.608000625296087,0.008917679656270022
446,EP4290592A2,20231213,1.331607293198215,1,3,6,0,15,,24,0,0,31.0,16.0,20231110,20250825,1.0,0.0,20231213,3,6,15,0,,,,EP,1,0,0,0,0,0,0,0,0,0,2023,12,751,2.0561259411362083,0,0,2.772588722239781,3.2188758248682006,0,2.1464750171115674,0.35592060232717315,654,1.7905544147843941,16.397306397306398,1,3.2629327881191355,4.737265436989772,5.009430239652595,2,654.0,6.484635235635252,0.009900206466618705
447,EP4286276A2,20231206,0.9593053008872029,0,3,2,0,5,,4,0,0,53.0,17.0,20231103,20251215,1.0,0.0,20231206,3,2,5,0,,,,EP,1,0,0,0,0,0,0,0,0,0,2023,12,758,2.0752908966461328,0,0,1.791759469228055,1.6094379124341003,0,2.1656399726214923,0.049281314168377825,773,2.116358658453114,23.913097186621783,1,1.924968048347663,3.5947832434195317,3.7257965708872147,0,773.0,6.651571873589727,0.008593762110581044
448,EP4285957A2,20231206,1.1861126110392881,0,2,16,0,6,,20,0,0,14.0,9.0,20231103,20241016,1.0,0.0,20231206,2,16,6,0,,,,EP,1,0,0,0,0,0,0,0,0,0,2023,12,758,2.0752908966461328,0,0,1.9459101490553132,3.044522437723423,0,2.1656399726214923,1.212867898699521,348,0.9527720739219713,13.298225082894481,0,3.0128260736733417,3.5844893180265243,3.997294511645394,0,348.0,5.855071922202427,0.016776710378803517
449,EP4289479A2,20231213,1.1877662569723246,0,2,6,0,11,,7,0,0,20.0,10.0,20231110,20240320,1.0,0.0,20231213,2,6,11,0,,,,EP,1,0,0,0,0,0,0,0,0,0,2023,12,751,2.0561259411362083,0,0,2.4849066497880004,2.0794415416798357,0,2.1464750171115674,1.787816563997262,131,0.3586584531143053,43.60543202507088,0,2.435431181980226,2.650626253848809,2.438099994794141,0,131.0,4.882801922586371,0.03699092365595735
450,EP4286592A2,20231206,1.0653749033661972,0,2,4,0,8,,7,0,0,12.0,9.0,20231103,20240918,1.0,0.0,20231206,2,4,8,0,,,,EP,1,0,0,0,0,0,0,0,0,0,2023,12,758,2.0752908966461328,0,0,2.1972245773362196,2.0794415416798357,0,2.1656399726214923,1.2895277207392197,320,0.8761122518822724,12.293668045719095,0,2.313039828374099,2.838707179503462,2.955553793562108,0,320.0,5.771441123130016,0.01797956736177575
451,EP4290288A2,20231213,1.367837932143321,1,2,2,0,40,,14,0,0,15.0,8.0,20231110,20240313,1.0,0.0,20231213,2,2,40,0,,,,EP,1,0,0,0,0,0,0,0,0,0,2023,12,751,2.0561259411362083,0,0,3.713572066704308,2.70805020110221,0,2.1464750171115674,1.8069815195071868,124,0.3394934976043806,34.13019778850646,0,2.992668052804647,3.196364151367275,3.0475436987065905,0,124.0,4.8283137373023015,0.03862650989841841
452,EP4297387A2,20231227,1.361053052112311,1,2,6,0,23,,10,0,0,15.0,9.0,20231124,20241002,1.0,0.0,20231227,2,6,23,0,,,,EP,1,0,0,0,0,0,0,0,0,0,2023,12,737,2.0177960301163584,0,0,3.1780538303479458,2.3978952727983707,0,2.108145106091718,1.2511978097193703,313,0.8569472963723477,15.674844431728776,0,2.799790215791333,3.3139585936147418,3.2548425691707186,0,313.0,5.749392985908253,0.018310168744930744
453,EP4287621A2,20231206,1.56273037976286,2,2,10,0,40,,45,0,0,16.0,9.0,20231103,20240925,1.0,0.0,20231206,2,10,40,0,,,,EP,1,0,0,0,0,0,0,0,0,0,2023,12,758,2.0752908966461328,0,0,3.713572066704308,3.828641396489095,0,2.1656399726214923,1.270362765229295,327,0.8952772073921971,16.075923251495773,0,3.859915217656317,4.397081542091636,4.723918603881292,2,327.0,5.793013608384144,0.017661626854829707
454,EP4285969A2,20231206,1.404905774404496,2,2,4,0,34,,16,0,0,14.0,9.0,20231103,20240522,1.0,0.0,20231206,2,4,34,0,,,,EP,1,0,0,0,0,0,0,0,0,0,2023,12,758,2.0752908966461328,0,0,3.5553480614894135,2.833213344056216,0,2.1656399726214923,1.6153319644079398,201,0.5503080082135524,21.528260183138617,0,3.1048337808382254,3.4350185857663567,3.3835213522697685,0,201.0,5.308267697401205,0.026278552957431707
455,EP4287538A2,20231206,1.6793946091272418,2,2,22,0,41,,32,0,0,12.0,7.0,20231103,20240814,1.0,0.0,20231206,2,22,41,0,,,,EP,1,0,0,0,0,0,0,0,0,0,2023,12,758,2.0752908966461328,0,0,3.7376696182833684,3.4965075614664802,0,2.1656399726214923,1.3853524982888432,285,0.7802874743326489,13.631910426871938,0,3.7772991460071297,4.245471630606719,4.276795035799129,1,285.0,5.655991810819852,0.019776195142726757
456,EP4286725A2,20231206,1.2754546574227956,1,4,2,0,16,,8,0,0,48.0,14.0,20231103,20251029,1.0,0.0,20231206,4,2,16,0,,,,EP,1,0,0,0,0,0,0,0,0,0,2023,12,758,2.0752908966461328,0,0,2.833213344056216,2.1972245773362196,0,2.1656399726214923,0.17796030116358658,726,1.9876796714579055,22.992033048096786,1,2.5937894038245273,4.1863972066992705,4.184904248794125,1,726.0,6.588926477533519,0.009063172596332214
457,EP4286009A2,20231206,1.583590080493415,2,2,14,0,36,,16,0,0,14.0,9.0,20231103,20241106,1.0,0.0,20231206,2,14,36,0,,,,EP,1,0,0,0,0,0,0,0,0,0,2023,12,758,2.0752908966461328,0,0,3.6109179126442243,2.833213344056216,0,2.1656399726214923,1.1553730321697468,369,1.0102669404517455,12.609580173848713,0,3.2835180869271445,3.889678251198192,3.8434802845079616,1,369.0,5.91350300563827,0.015982440555779107
458,EP4286224A2,20231206,1.1535429031015152,0,2,8,0,8,,20,0,0,18.0,12.0,20231103,20251203,1.0,0.0,20231206,2,8,8,0,,,,EP,1,0,0,0,0,0,0,0,0,0,2023,12,758,2.0752908966461328,0,0,2.1972245773362196,3.044522437723423,0,2.1656399726214923,0.08213552361396304,761,2.083504449007529,8.243628726372215,1,2.9802563657355687,4.630359035140087,5.128026886730952,2,761.0,6.635946555686647,0.00870859128042867
459,EP4293996A2,20231220,1.485054838089981,2,2,15,0,23,,25,0,0,77.0,17.0,20231117,20251028,1.0,0.0,20231220,2,15,23,0,,,,EP,1,0,0,0,0,0,0,0,0,0,2023,12,744,2.0369609856262834,0,0,3.1780538303479458,3.258096538021482,0,2.127310061601643,0.1806981519507187,711,1.946611909650924,37.62315641617337,1,3.43991276090287,5.007879906693425,5.204708447672406,2,711.0,6.568077911411976,0.009224828527264011
460,EP4287690A2,20231206,1.0907142960312888,0,2,8,0,6,,8,0,0,12.0,8.0,20231103,20240221,1.0,0.0,20231206,2,8,6,0,,,,EP,1,0,0,0,0,0,0,0,0,0,2023,12,758,2.0752908966461328,0,0,1.9459101490553132,2.1972245773362196,0,2.1656399726214923,1.864476386036961,110,0.30116358658453113,29.912984132400616,0,2.40904904243302,2.589747194383739,2.4983881639207506,0,110.0,4.709530201312334,0.04242820001182283
461,EP4289870A2,20231213,1.2233184694495314,1,2,2,0,22,,23,0,0,12.0,9.0,20231110,20250827,1.0,0.0,20231213,2,2,22,0,,,,EP,1,0,0,0,0,0,0,0,0,0,2023,12,751,2.0561259411362083,0,0,3.1354942159291497,3.1780538303479458,0,2.1464750171115674,0.35044490075290896,656,1.7960301163586585,6.329013393018302,1,3.1301507676582987,4.607768837473494,4.974083946706604,2,656.0,6.48768401848461,0.009874709312761963
462,EP4293401A2,20231220,1.1798830320159719,0,2,8,0,9,,6,0,0,44.0,15.0,20231117,20251030,1.0,0.0,20231220,2,8,9,0,,,,EP,1,0,0,0,0,0,0,0,0,0,2023,12,744,2.0369609856262834,0,0,2.302585092994046,1.9459101490553132,0,2.127310061601643,0.17522245037645448,713,1.9520876112251881,21.441579667122515,1,2.34742912144916,3.918681688184273,3.8979977602805014,1,713.0,6.570882962339584,0.009202917314201099
463,EP4295902A2,20231227,1.175554660258854,0,2,2,0,18,,7,0,0,15.0,8.0,20231124,20250521,1.0,0.0,20231227,2,2,18,0,,,,EP,1,0,0,0,0,0,0,0,0,0,2023,12,737,2.0177960301163584,0,0,2.9444389791664403,2.0794415416798357,0,2.108145106091718,0.6187542778918549,544,1.4893908281998631,9.437578054347357,1,2.4232195852667555,3.716854082186673,3.568832369879699,1,544.0,6.300785794663244,0.011561074852593108
464,EP4287419A2,20231206,1.2454740981328447,1,2,8,0,12,,6,0,0,17.0,9.0,20231103,20240918,1.0,0.0,20231206,2,8,12,0,,,,EP,1,0,0,0,0,0,0,0,0,0,2023,12,758,2.0752908966461328,0,0,2.5649493574615367,1.9459101490553132,0,2.1656399726214923,1.2895277207392197,320,0.8761122518822724,17.416029731435383,0,2.4130201875660324,2.9386875386953957,2.822022400937586,0,320.0,5.771441123130016,0.01797956736177575
465,EP4286931A2,20231206,1.4187982371931986,2,2,4,0,36,,6,0,0,60.0,17.0,20231103,20251215,1.0,1.0,20231206,2,4,36,0,,,,EP,1,0,0,0,0,0,0,0,0,0,2023,12,758,2.0752908966461328,0,0,3.6109179126442243,1.9459101490553132,0,2.1656399726214923,0.049281314168377825,773,2.116358658453114,27.07143077730768,1,2.586344326626387,4.2561595216982555,4.062268807508428,1,773.0,6.651571873589727,0.008593762110581044
466,EP4289623A2,20231213,1.2596867750852696,1,2,6,0,15,,26,0,0,11.0,8.0,20231110,20241002,1.0,0.0,20231213,2,6,15,0,,,,EP,1,0,0,0,0,0,0,0,0,0,2023,12,751,2.0561259411362083,0,0,2.772588722239781,3.295836866004329,0,2.1464750171115674,1.2511978097193703,327,0.8952772073921971,11.052197235403343,0,3.237188894687867,3.7743552191231853,4.191114073396526,1,327.0,5.793013608384144,0.017661626854829707
467,EP4286104A2,20231206,1.493073774139814,2,2,8,0,34,,11,0,0,13.0,9.0,20231103,20240828,1.0,0.0,20231206,2,8,34,0,,,,EP,1,0,0,0,0,0,0,0,0,0,2023,12,758,2.0752908966461328,0,0,3.5553480614894135,2.4849066497880004,0,2.1656399726214923,1.3470225872689938,299,0.8186173853524983,14.151702555696298,0,2.9840177640126138,3.4751881952241126,3.303524035140499,0,299.0,5.703782474656201,0.019012608248854004
468,EP4287620A2,20231206,1.4372878863112613,2,2,8,0,27,,43,0,0,55.0,18.0,20231103,20251028,1.0,0.0,20231206,2,8,27,0,,,,EP,1,0,0,0,0,0,0,0,0,0,2023,12,758,2.0752908966461328,0,0,3.332204510175204,3.784189633918261,0,2.1656399726214923,0.1806981519507187,725,1.9849418206707734,26.379632973310137,1,3.7078016666622178,5.298766759064682,5.769131454589035,2,725.0,6.587550014824796,0.009073760350998342
469,EP4285979A2,20231206,1.3504131485076118,1,2,6,0,22,,16,0,0,36.0,18.0,20231103,20251028,1.0,0.0,20231206,2,6,22,0,,,,EP,1,0,0,0,0,0,0,0,0,0,2023,12,758,2.0752908966461328,0,0,3.1354942159291497,2.833213344056216,0,2.1656399726214923,0.1806981519507187,725,1.9849418206707734,17.266668855257542,1,3.0503411549413415,4.641306247343806,4.818155164726989,2,725.0,6.587550014824796,0.009073760350998342
470,EP4287440A2,20231206,1.5596655765060516,2,2,4,0,64,,15,0,0,26.0,9.0,20231103,20240918,1.0,0.0,20231206,2,4,64,0,,,,EP,1,0,0,0,0,0,0,0,0,0,2023,12,758,2.0752908966461328,0,0,4.174387269895637,2.772588722239781,0,2.1656399726214923,1.2895277207392197,320,0.8761122518822724,26.636280765724706,0,3.2232188098499206,3.748886160979284,3.6487009741220535,1,320.0,5.771441123130016,0.01797956736177575
471,EP4287439A2,20231206,1.5596655765060516,2,2,4,0,64,,15,0,0,64.0,14.0,20231103,20251215,1.0,0.0,20231206,2,4,64,0,,,,EP,1,0,0,0,0,0,0,0,0,0,2023,12,758,2.0752908966461328,0,0,4.174387269895637,2.772588722239781,0,2.1656399726214923,0.049281314168377825,773,2.116358658453114,28.876192829128193,1,3.2232188098499206,4.893034004921789,4.888947380692896,2,773.0,6.651571873589727,0.008593762110581044
472,EP4286996A2,20231206,1.2233184694495314,1,2,2,0,22,,9,0,0,18.0,9.0,20231103,20240925,1.0,0.0,20231206,2,2,22,0,,,,EP,1,0,0,0,0,0,0,0,0,0,2023,12,758,2.0752908966461328,0,0,3.1354942159291497,2.302585092994046,0,2.1656399726214923,1.270362765229295,327,0.8952772073921971,18.085413657932744,0,2.6048695252459586,3.142035849681277,3.1978623003862428,0,327.0,5.793013608384144,0.017661626854829707
473,EP4287190A2,20231206,1.2596867750852696,1,2,6,0,15,,5,0,0,14.0,9.0,20231103,20240529,1.0,0.0,20231206,2,6,15,0,,,,EP,1,0,0,0,0,0,0,0,0,0,2023,12,758,2.0752908966461328,0,0,2.772588722239781,1.791759469228055,0,2.1656399726214923,1.596167008898015,208,0.5694729637234771,20.911972190982517,0,2.3347424566221022,2.6764262348561885,2.361232432951532,0,208.0,5.342334251964811,0.025561407904137853
474,EP4286673A2,20231206,1.175833091435957,0,2,4,0,13,,8,0,0,15.0,10.0,20231103,20240925,1.0,0.0,20231206,2,4,13,0,,,,EP,1,0,0,0,0,0,0,0,0,0,2023,12,758,2.0752908966461328,0,0,2.6390573296152584,2.1972245773362196,0,2.1656399726214923,1.270362765229295,327,0.8952772073921971,15.071178048277286,0,2.4941678378376886,3.031334162273007,3.092501784728417,0,327.0,5.793013608384144,0.017661626854829707
475,EP4285999A2,20231206,1.2979417165885305,1,2,2,0,30,,24,0,0,15.0,9.0,20231103,20240821,1.0,0.0,20231206,2,2,30,0,,,,EP,1,0,0,0,0,0,0,0,0,0,2023,12,758,2.0752908966461328,0,0,3.4339872044851463,3.2188758248682006,0,2.1656399726214923,1.3661875427789185,292,0.7994524298425736,16.67681302792786,0,3.229267211509451,3.7089386694149953,4.018328254710774,1,292.0,5.680172609017068,0.019386254638283508
476,EP4289607A2,20231213,1.5068396234487151,2,2,6,0,42,,16,0,0,66.0,17.0,20231110,20251021,1.0,1.0,20231213,2,6,42,0,,,,EP,1,0,0,0,0,0,0,0,0,0,2023,12,751,2.0561259411362083,0,0,3.7612001156935624,2.833213344056216,0,2.1464750171115674,0.1998631074606434,711,1.946611909650924,32.24841978529147,1,3.206767629882445,4.774734775673,4.77982525370714,2,711.0,6.568077911411976,0.009224828527264011
477,EP4295703A2,20231227,1.432973570225256,2,2,6,0,31,,41,0,0,11.0,9.0,20231124,20240925,1.0,0.0,20231227,2,6,31,0,,,,EP,1,0,0,0,0,0,0,0,0,0,2023,12,737,2.0177960301163584,0,0,3.4657359027997265,3.7376696182833684,0,2.108145106091718,1.270362765229295,306,0.837782340862423,11.729800744471207,0,3.6755753411952767,4.17824474571273,4.575451959145791,1,306.0,5.726847747587197,0.018654227190837775
478,EP4290485A2,20231213,1.367837932143321,1,2,2,0,40,,28,0,0,25.0,10.0,20231110,20251126,1.0,0.0,20231213,2,2,40,0,,,,EP,1,0,0,0,0,0,0,0,0,0,2023,12,751,2.0561259411362083,0,0,3.713572066704308,3.367295829986474,0,2.1464750171115674,0.10130047912388775,747,2.0451745379876796,11.654063367473917,1,3.3882154301352054,5.0153201529278135,5.412470367974153,2,747.0,6.617402977974478,0.00884679542509957
479,EP4287527A2,20231206,0.841804393575769,0,2,2,0,4,,7,0,0,10.0,8.0,20231103,20241106,1.0,0.0,20231206,2,2,4,0,,,,EP,1,0,0,0,0,0,0,0,0,0,2023,12,758,2.0752908966461328,0,0,1.6094379124341003,2.0794415416798357,0,2.1656399726214923,1.1553730321697468,369,1.0102669404517455,9.006842981320508,0,2.0894693185836704,2.6956294828547174,3.0897084821315812,0,369.0,5.91350300563827,0.015982440555779107
480,EP4293981A2,20231220,1.1836435074208378,0,2,10,0,8,,5,0,0,13.0,9.0,20231117,20240925,1.0,0.0,20231220,2,10,8,0,,,,EP,1,0,0,0,0,0,0,0,0,0,2023,12,744,2.0369609856262834,0,0,2.1972245773362196,1.791759469228055,0,2.127310061601643,1.270362765229295,313,0.8569472963723477,13.584865174164939,0,2.258699188957671,2.7728675667810796,2.6487067656004024,0,313.0,5.749392985908253,0.018310168744930744
481,EP4294155A2,20231220,1.3268296982415015,1,2,8,0,17,,11,0,0,11.0,9.0,20231117,20240731,1.0,0.0,20231220,2,8,17,0,,,,EP,1,0,0,0,0,0,0,0,0,0,2023,12,744,2.0369609856262834,0,0,2.8903717578961645,2.4849066497880004,0,2.127310061601643,1.4236824093086926,257,0.70362765229295,13.687931181330383,0,2.8177736881143014,3.2399502794900714,3.1885343020809502,0,257.0,5.552959584921617,0.021523099166362858
482,EP4286645A2,20231206,1.3207877152491925,1,2,4,0,24,,8,0,0,23.0,8.0,20231103,20250430,1.0,0.0,20231206,2,4,24,0,,,,EP,1,0,0,0,0,0,0,0,0,0,2023,12,758,2.0752908966461328,0,0,3.2188758248682006,2.1972245773362196,0,2.1656399726214923,0.676249144421629,544,1.4893908281998631,14.470953016665948,1,2.639122461650924,3.9327569585708417,3.6866154055360827,1,544.0,6.300785794663244,0.011561074852593108
483,EP4285746A2,20231206,1.3954679725176389,2,2,10,0,20,,16,0,0,11.0,9.0,20231103,20250101,1.0,0.0,20231206,2,10,20,0,,,,EP,1,0,0,0,0,0,0,0,0,0,2023,12,758,2.0752908966461328,0,0,3.044522437723423,2.833213344056216,0,2.1656399726214923,1.002053388090349,425,1.163586584531143,8.705378906884784,0,3.0953959789513688,3.7935479296700545,3.996799928587359,1,425.0,6.054439346269371,0.014212298934904626
484,EP4290951A2,20231213,1.0274341926123316,0,2,14,0,3,,15,0,0,28.0,15.0,20231110,20251022,1.0,0.0,20231213,2,14,3,0,,,,EP,1,0,0,0,0,0,0,0,0,0,2023,12,751,2.0561259411362083,0,0,1.3862943611198906,2.772588722239781,0,2.1464750171115674,0.1971252566735113,712,1.949349760438056,13.66287031161284,1,2.6909874259562003,4.2605972822190346,4.721938482677837,1,712.0,6.569481420414296,0.009213858934662407
485,EP4287700A2,20231206,1.1164574657427964,0,2,2,0,14,,8,0,0,10.0,8.0,20231103,20240228,1.0,0.0,20231206,2,2,14,0,,,,EP,1,0,0,0,0,0,0,0,0,0,2023,12,758,2.0752908966461328,0,0,2.70805020110221,2.1972245773362196,0,2.1656399726214923,1.8453114305270362,117,0.3203285420944558,23.790913531998047,0,2.434792212144528,2.6269893374012017,2.5175531194306755,0,117.0,4.770684624465665,0.04042953071581072
486,EP4286465A2,20231206,1.7291891763500267,2,2,8,0,89,,11,0,0,18.0,9.0,20231103,20241002,1.0,0.0,20231206,2,8,89,0,,,,EP,1,0,0,0,0,0,0,0,0,0,2023,12,758,2.0752908966461328,0,0,4.499809670330265,2.4849066497880004,0,2.1656399726214923,1.2511978097193703,334,0.9144421629021219,17.743741987720128,0,3.2201331662228267,3.7687984639641,3.399348812690122,1,334.0,5.814130531825066,0.01735561352783602
487,EP4287104A2,20231206,1.2724960430110448,1,2,2,0,27,,9,0,0,27.0,13.0,20231103,20250911,1.0,0.0,20231206,2,2,27,0,,,,EP,1,0,0,0,0,0,0,0,0,0,2023,12,758,2.0752908966461328,0,0,3.332204510175204,2.302585092994046,0,2.1656399726214923,0.30937713894592744,678,1.8562628336755647,13.801826388159967,1,2.6540470988074722,4.167804799012811,4.15884792666961,1,678.0,6.520621127558696,0.0096032711746078
488,EP4289464A2,20231213,1.300632815151642,1,2,12,0,12,,15,0,0,14.0,9.0,20231110,20240828,1.0,0.0,20231213,2,12,12,0,,,,EP,1,0,0,0,0,0,0,0,0,0,2023,12,751,2.0561259411362083,0,0,2.5649493574615367,2.772588722239781,0,2.1464750171115674,1.3470225872689938,292,0.7994524298425736,15.56502549273267,0,2.9641860484955105,3.443857506401055,3.5720411520823547,0,292.0,5.680172609017068,0.019386254638283508
489,EP4293127A2,20231220,1.2999423130144299,1,2,4,0,22,,22,0,0,14.0,10.0,20231117,20250312,1.0,0.0,20231220,2,4,22,0,,,,EP,1,0,0,0,0,0,0,0,0,0,2023,12,744,2.0369609856262834,0,0,3.1354942159291497,3.1354942159291497,0,2.127310061601643,0.810403832991102,481,1.3169062286105406,9.88068209265253,1,3.1812388425719194,4.371382579738244,4.45240044453969,2,481.0,6.1779441140506,0.012817311439939005
490,EP4285879A2,20231206,0.9593053008872028,0,2,2,0,7,,15,0,0,11.0,8.0,20231103,20250514,1.0,0.0,20231206,2,2,7,0,,,,EP,1,0,0,0,0,0,0,0,0,0,2023,12,758,2.0752908966461328,0,0,2.0794415416798357,2.772588722239781,0,2.1656399726214923,0.6379192334017796,558,1.5277207392197125,6.757915983348051,1,2.6228585342310717,3.9394909777628992,4.300309461459493,1,558.0,6.326149473155099,0.011316904245357959
491,EP4287006A2,20231206,1.3220979416977432,1,2,14,0,12,,10,0,0,16.0,9.0,20231103,20240925,1.0,0.0,20231206,2,14,12,0,,,,EP,1,0,0,0,0,0,0,0,0,0,2023,12,758,2.0752908966461328,0,0,2.5649493574615367,2.3978952727983707,0,2.1656399726214923,1.270362765229295,327,0.8952772073921971,16.075923251495773,0,2.7608351053767652,3.2980014298120834,3.2931724801905675,0,327.0,5.793013608384144,0.017661626854829707
492,EP4293082A2,20231220,1.381988415260299,2,2,12,0,17,,9,0,0,13.0,9.0,20231117,20241113,1.0,0.0,20231220,2,12,17,0,,,,EP,1,0,0,0,0,0,0,0,0,0,2023,12,744,2.0369609856262834,0,0,2.8903717578961645,2.302585092994046,0,2.127310061601643,1.136208076659822,362,0.9911019849418207,11.91455993977793,0,2.7635394710567267,3.358200662021819,3.2936870779358665,0,362.0,5.8944028342648505,0.01623802433681777
493,EP4289451A2,20231213,1.370447107878393,1,2,10,0,18,,15,0,0,50.0,19.0,20231110,20251205,1.0,1.0,20231213,2,10,18,0,,,,EP,1,0,0,0,0,0,0,0,0,0,2023,12,751,2.0561259411362083,0,0,2.9444389791664403,2.772588722239781,0,2.1464750171115674,0.07665982203969883,756,2.0698151950718686,23.043437115548404,1,3.034000341222262,4.675889458265384,4.84240391731165,2,756.0,6.6293632534374485,0.008757415130036259
494,EP4290575A2,20231213,1.226303926929139,1,2,6,0,13,,6,0,0,17.0,9.0,20231110,20241009,1.0,0.0,20231213,2,6,13,0,,,,EP,1,0,0,0,0,0,0,0,0,0,2023,12,751,2.0561259411362083,0,0,2.6390573296152584,1.9459101490553132,0,2.1464750171115674,1.2320328542094456,334,0.9144421629021219,16.757978543957897,0,2.393850016362327,2.9425153141036002,2.8603523119574352,0,334.0,5.814130531825066,0.01735561352783602
495,EP4290337A2,20231213,1.300632815151642,1,2,12,0,12,,10,0,0,17.0,9.0,20231110,20250813,1.0,0.0,20231213,2,12,12,0,,,,EP,1,0,0,0,0,0,0,0,0,0,2023,12,751,2.0561259411362083,0,0,2.5649493574615367,2.3978952727983707,0,2.1464750171115674,0.3887748117727584,642,1.757700205338809,9.151099812092406,1,2.7393699788306645,4.1939901020339505,4.1555954781371796,1,642.0,6.466144724237619,0.010056212634895208
496,EP4287729A2,20231206,1.3987217852626417,2,2,24,0,12,,8,0,0,12.0,8.0,20231103,20240925,1.0,0.0,20231206,2,24,12,0,,,,EP,1,0,0,0,0,0,0,0,0,0,2023,12,758,2.0752908966461328,0,0,2.5649493574615367,2.1972245773362196,0,2.1656399726214923,1.270362765229295,327,0.8952772073921971,12.056942438621828,0,2.7170565316643733,3.2542228560996915,3.092501784728417,0,327.0,5.793013608384144,0.017661626854829707
497,EP4285757A2,20231206,1.2077769338907087,0,2,6,0,12,,22,0,0,11.0,7.0,20231103,20250115,1.0,0.0,20231206,2,6,12,0,,,,EP,1,0,0,0,0,0,0,0,0,0,2023,12,758,2.0752908966461328,0,0,2.5649493574615367,3.1354942159291497,0,2.1656399726214923,0.9637234770704997,439,1.2019164955509924,8.44908259292361,1,3.0890734634481984,4.210223360778794,4.337410711480143,1,439.0,6.0867747269123065,0.013833578924800697
498,EP4286958A2,20231206,1.4545556681038487,2,2,2,0,57,,15,0,0,17.0,9.0,20231103,20241002,1.0,0.0,20231206,2,2,57,0,,,,EP,1,0,0,0,0,0,0,0,0,0,2023,12,758,2.0752908966461328,0,0,4.060443010546419,2.772588722239781,0,2.1656399726214923,1.2511978097193703,334,0.9144421629021219,16.757978543957897,0,3.1181089014477177,3.666774199188991,3.687030885141903,1,334.0,5.814130531825066,0.01735561352783602
499,EP4285843A2,20231206,1.2338111812863757,1,2,10,0,10,,8,0,0,11.0,7.0,20231103,20250416,1.0,0.0,20231206,2,10,10,0,,,,EP,1,0,0,0,0,0,0,0,0,0,2023,12,758,2.0752908966461328,0,0,2.3978952727983707,2.1972245773362196,0,2.1656399726214923,0.7145790554414785,530,1.4510609171800137,7.091920038833237,1,2.552145927688107,3.8227824779961153,3.6482854945162333,1,530.0,6.274762021241939,0.011816877629457512
500,EP4290934A2,20231213,1.4083439881010933,2,2,20,0,14,,6,0,0,13.0,8.0,20231110,20240320,1.0,0.0,20231213,2,20,14,0,,,,EP,1,0,0,0,0,0,0,0,0,0,2023,12,751,2.0561259411362083,0,0,2.70805020110221,1.9459101490553132,0,2.1464750171115674,1.787816563997262,131,0.3586584531143053,28.343530816296074,0,2.5758900775342815,2.7910851494028646,2.3045686021696183,0,131.0,4.882801922586371,0.03699092365595735
501,EP4285995A2,20231206,1.7390475150359326,2,2,10,0,82,,40,0,0,25.0,9.0,20231103,20251204,1.0,0.0,20231206,2,10,82,0,,,,EP,1,0,0,0,0,0,0,0,0,0,2023,12,758,2.0752908966461328,0,0,4.418840607796598,3.713572066704308,0,2.1656399726214923,0.07939767282683094,762,2.086242299794661,11.435146050530665,1,3.9671907550585175,5.618936134935314,5.799814366498969,2,762.0,6.637258031284457,0.008698896502338738
502,EP4287606A2,20231206,1.8181240553717788,2,2,36,0,54,,32,0,0,32.0,16.0,20231103,20251218,1.0,0.0,20231206,2,36,54,0,,,,EP,1,0,0,0,0,0,0,0,0,0,2023,12,758,2.0752908966461328,0,0,4.007333185232471,3.4965075614664802,0,2.1656399726214923,0.04106776180698152,776,2.1245722108145104,14.384788160364296,1,3.9160285922516667,5.590771918740373,5.621079772280991,2,776.0,6.655440350367647,0.00856556029648346
503,EP4285852A2,20231206,1.4502077324258815,2,2,2,0,56,,11,0,0,10.0,7.0,20231103,20250312,1.0,0.0,20231206,2,2,56,0,,,,EP,1,0,0,0,0,0,0,0,0,0,2023,12,758,2.0752908966461328,0,0,4.04305126783455,2.4849066497880004,0,2.1656399726214923,0.810403832991102,495,1.3552361396303902,6.871736983208691,1,2.941151722298682,4.154293406076916,3.8401427894183904,1,495.0,6.206575926724928,0.01251325791678413
504,EP4290412A2,20231213,1.2243720950461965,1,2,4,0,16,,15,0,0,20.0,10.0,20231110,20250423,1.0,0.0,20231213,2,4,16,0,,,,EP,1,0,0,0,0,0,0,0,0,0,2023,12,751,2.0561259411362083,0,0,2.833213344056216,2.772588722239781,0,2.1464750171115674,0.6954140999315537,530,1.4510609171800137,12.894400070605887,1,2.8879253283900654,4.158561878698074,4.223649639419795,1,530.0,6.274762021241939,0.011816877629457512
505,EP4287397A2,20231206,1.0992092478710584,0,2,2,0,13,,9,0,0,13.0,8.0,20231103,20240306,1.0,0.0,20231206,2,2,13,0,,,,EP,1,0,0,0,0,0,0,0,0,0,2023,12,758,2.0752908966461328,0,0,2.6390573296152584,2.302585092994046,0,2.1656399726214923,1.8261464750171115,124,0.3394934976043806,29.579504750038932,0,2.480760303667486,2.684456402230114,2.6420785905984263,0,124.0,4.8283137373023015,0.03862650989841841
506,EP4287151A2,20231206,1.3995907220691253,2,2,6,0,27,,20,0,0,21.0,11.0,20231103,20251203,1.0,0.0,20231206,2,6,27,0,,,,EP,1,0,0,0,0,0,0,0,0,0,2023,12,758,2.0752908966461328,0,0,3.332204510175204,3.044522437723423,0,2.1656399726214923,0.08213552361396304,761,2.083504449007529,9.617566847434249,1,3.226304184703179,4.876406854107697,5.128026886730952,2,761.0,6.635946555686647,0.00870859128042867
507,EP4287096A2,20231206,1.4761613205834014,2,2,10,0,28,,20,0,0,34.0,16.0,20231103,20251120,1.0,0.0,20231206,2,10,28,0,,,,EP,1,0,0,0,0,0,0,0,0,0,2023,12,758,2.0752908966461328,0,0,3.367295829986474,3.044522437723423,0,2.1656399726214923,0.11772758384668036,748,2.0479123887748116,15.829323475988655,1,3.3028747832174554,4.931622216482342,5.092434826498234,2,748.0,6.618738983517219,0.008836767668247288
508,EP4287036A1,20231206,1.2243720950461965,1,2,4,0,16,,6,0,0,7.0,6.0,20231103,20240710,1.0,0.0,20231206,2,4,16,0,,,,EP,1,0,0,0,0,0,0,0,0,0,2023,12,758,2.0752908966461328,0,0,2.833213344056216,1.9459101490553132,0,2.1656399726214923,1.4811772758384667,250,0.6844626967830253,8.923305121717128,0,2.391918184479384,2.8025958025491993,2.6303728458383384,0,250.0,5.5254529391317835,0.0220137567296087
509,EP4286023A2,20231206,1.4481297256793648,2,2,6,0,33,,11,0,0,19.0,10.0,20231103,20250122,1.0,0.0,20231206,2,6,33,0,,,,EP,1,0,0,0,0,0,0,0,0,0,2023,12,758,2.0752908966461328,0,0,3.5263605246161616,2.4849066497880004,0,2.1656399726214923,0.944558521560575,446,1.2210814510609171,14.382156364955183,1,2.9390737155521647,4.071722586188715,3.7059881008489173,1,446.0,6.102558594613569,0.013652256363788745
510,EP4285870A2,20231206,1.583590080493415,2,2,14,0,36,,36,0,0,13.0,10.0,20231103,20240207,1.0,0.0,20231206,2,14,36,0,,,,EP,1,0,0,0,0,0,0,0,0,0,2023,12,758,2.0752908966461328,0,0,3.6109179126442243,3.6109179126442243,0,2.1656399726214923,1.9028062970568105,96,0.26283367556468173,35.82908885116016,0,3.7501408280799495,3.9078410334187588,3.873751588208906,1,96.0,4.574710978503383,0.04716196885055034
511,EP4289349A2,20231213,1.2724960430110448,1,2,2,0,27,,11,0,0,12.0,9.0,20231110,20250702,1.0,0.0,20231213,2,2,27,0,,,,EP,1,0,0,0,0,0,0,0,0,0,2023,12,751,2.0561259411362083,0,0,3.332204510175204,2.4849066497880004,0,2.1464750171115674,0.5037645448323066,600,1.6427104722792607,6.88582537999293,1,2.763440032883845,4.149066316251401,4.127617122067261,1,600.0,6.398594934535208,0.010646580589908831
512,EP4286237A2,20231206,1.2698922737153335,1,4,6,0,9,,7,0,0,15.0,11.0,20231103,20251119,1.0,0.0,20231206,4,6,9,0,,,,EP,1,0,0,0,0,0,0,0,0,0,2023,12,758,2.0752908966461328,0,0,2.302585092994046,2.0794415416798357,0,2.1656399726214923,0.12046543463381246,747,2.0451745379876796,6.992438020484349,1,2.5175571987232352,4.144661921515843,4.124616079667515,1,747.0,6.617402977974478,0.00884679542509957
513,EP4287080A2,20231206,1.0144794618323383,0,2,6,0,5,,16,0,0,25.0,14.0,20231103,20251008,1.0,0.0,20231206,2,6,5,0,,,,EP,1,0,0,0,0,0,0,0,0,0,2023,12,758,2.0752908966461328,0,0,1.791759469228055,2.833213344056216,0,2.1656399726214923,0.23545516769336072,705,1.9301848049281314,12.31414989379994,1,2.714407468266068,4.272518351222947,4.763398148984347,1,705.0,6.559615237493242,0.009291239713163231
514,EP4286061A2,20231206,1.166013412724917,0,2,6,0,10,,21,0,0,19.0,11.0,20231103,20250827,1.0,0.0,20231206,2,6,10,0,,,,EP,1,0,0,0,0,0,0,0,0,0,2023,12,758,2.0752908966461328,0,0,2.3978952727983707,3.091042453358316,0,2.1656399726214923,0.35044490075290896,663,1.8151950718685832,9.920660448161252,1,3.0206388847399066,4.509755927861057,4.906237525226899,2,663.0,6.498282149476434,0.009786569502223544
515,EP4287003A2,20231206,1.3154726629138223,1,2,6,0,19,,11,0,0,18.0,10.0,20231103,20250910,1.0,0.0,20231206,2,6,19,0,,,,EP,1,0,0,0,0,0,0,0,0,0,2023,12,758,2.0752908966461328,0,0,2.995732273553991,2.4849066497880004,0,2.1656399726214923,0.31211498973305957,677,1.8535249828884326,9.214113030377352,1,2.8064166527866226,4.318531642519682,4.338431632676433,2,677.0,6.519147287940395,0.009615261486637751
516,EP4285981A2,20231206,1.407938409789514,2,2,16,0,16,,14,0,0,29.0,14.0,20231103,20251022,1.0,0.0,20231206,2,16,16,0,,,,EP,1,0,0,0,0,0,0,0,0,0,2023,12,758,2.0752908966461328,0,0,2.833213344056216,2.70805020110221,0,2.1656399726214923,0.1971252566735113,719,1.9685147159479808,14.019721385791337,1,3.03276853045084,4.613877360019629,4.676564917050191,2,719.0,6.579251212010101,0.009137848905569585
517,EP4289773A2,20231213,1.1164574657427964,0,2,2,0,14,,15,0,0,26.0,13.0,20231110,20251217,1.0,0.0,20231213,2,2,14,0,,,,EP,1,0,0,0,0,0,0,0,0,0,2023,12,751,2.0561259411362083,0,0,2.70805020110221,2.772588722239781,0,2.1464750171115674,0.04380561259411362,768,2.102669404517454,11.80385942015475,1,2.780010699086665,4.441612341797137,4.875258126757235,2,768.0,6.645090969505644,0.008641210623544402
518,EP4287441A2,20231206,1.5596655765060516,2,2,4,0,64,,15,0,0,17.0,9.0,20231103,20240828,1.0,0.0,20231206,2,4,64,0,,,,EP,1,0,0,0,0,0,0,0,0,0,2023,12,758,2.0752908966461328,0,0,4.174387269895637,2.772588722239781,0,2.1656399726214923,1.3470225872689938,299,0.8186173853524983,18.50607257283362,0,3.2232188098499206,3.7143892410614194,3.5912061075922797,1,299.0,5.703782474656201,0.019012608248854004
519,EP4290838A2,20231213,1.2005755248980996,0,2,2,0,20,,16,0,0,18.0,10.0,20231110,20241204,1.0,0.0,20231213,2,2,20,0,,,,EP,1,0,0,0,0,0,0,0,0,0,2023,12,751,2.0561259411362083,0,0,3.044522437723423,2.833213344056216,0,2.1464750171115674,1.0787132101300478,390,1.0677618069815196,15.414102338667133,0,2.9005035313318293,3.541160615520741,3.900975151037736,0,390.0,5.968707559985366,0.015265236726305283
520,EP4286181A2,20231206,1.1877662569723246,0,2,6,0,11,,9,0,0,16.0,10.0,20231103,20250521,1.0,0.0,20231206,2,6,11,0,,,,EP,1,0,0,0,0,0,0,0,0,0,2023,12,758,2.0752908966461328,0,0,2.4849066497880004,2.302585092994046,0,2.1656399726214923,0.6187542778918549,565,1.5468856947296372,9.715306928224097,1,2.569317312768752,3.8974487296065345,3.849470787723683,1,565.0,6.338594078203183,0.011198929466790077
521,EP4285744A2,20231206,1.424478618385486,2,2,20,0,15,,15,0,0,15.0,10.0,20231103,20241113,1.0,0.0,20231206,2,20,15,0,,,,EP,1,0,0,0,0,0,0,0,0,0,2023,12,758,2.0752908966461328,0,0,2.772588722239781,2.772588722239781,0,2.1656399726214923,1.136208076659822,376,1.0294318959616702,13.281013271922912,0,3.0880318517293546,3.7056909893063565,3.8020206182014515,1,376.0,5.932245187448011,0.015735398375193662
522,EP4286344A2,20231206,1.175833091435957,0,2,4,0,13,,32,0,0,22.0,15.0,20231103,20251210,1.0,0.0,20231206,2,4,13,0,,,,EP,1,0,0,0,0,0,0,0,0,0,2023,12,758,2.0752908966461328,0,0,2.6390573296152584,3.4965075614664802,0,2.1656399726214923,0.06297056810403832,768,2.102669404517454,9.98788104782325,1,3.273737628315845,4.935339271026318,5.5991769659839346,2,768.0,6.645090969505644,0.008641210623544402
523,EP4293666A2,20231220,1.3393002078649034,1,2,6,0,21,,13,0,0,13.0,8.0,20231117,20250205,1.0,0.0,20231220,2,6,21,0,,,,EP,1,0,0,0,0,0,0,0,0,0,2023,12,744,2.0369609856262834,0,0,3.091042453358316,2.6390573296152584,0,2.127310061601643,0.9062286105407256,446,1.2210814510609171,9.840422776021967,1,2.9227346056340586,4.055383476270609,3.8601387806761753,1,446.0,6.102558594613569,0.013652256363788745
524,EP4286887A2,20231206,1.402513411650458,2,3,4,0,25,,30,0,0,15.0,11.0,20231103,20250528,1.0,0.0,20231206,3,4,25,0,,,,EP,1,0,0,0,0,0,0,0,0,0,2023,12,758,2.0752908966461328,0,0,3.258096538021482,3.4339872044851463,0,2.1656399726214923,0.5995893223819302,572,1.566050650239562,9.003327718663982,1,3.462905734341546,4.802536124485283,5.000037854724708,2,572.0,6.35088571671474,0.011083570186238638
525,EP4287571A2,20231206,1.0907142960312888,0,2,8,0,6,,9,0,0,8.0,7.0,20231103,20240313,1.0,0.0,20231206,2,8,6,0,,,,EP,1,0,0,0,0,0,0,0,0,0,2023,12,758,2.0752908966461328,0,0,1.9459101490553132,2.302585092994046,0,2.1656399726214923,1.8069815195071868,131,0.3586584531143053,17.442172810028353,0,2.4722653518277165,2.6874604236962996,2.6612435461083512,0,131.0,4.882801922586371,0.03699092365595735
526,EP4294157A2,20231220,1.6858774625733344,2,2,24,0,40,,10,0,0,13.0,9.0,20231117,20241016,1.0,0.0,20231220,2,24,40,0,,,,EP,1,0,0,0,0,0,0,0,0,0,2023,12,744,2.0369609856262834,0,0,3.713572066704308,2.3978952727983707,0,2.127310061601643,1.212867898699521,334,0.9144421629021219,12.81492476890898,0,3.124614626252357,3.67327992399363,3.3123374357004924,1,334.0,5.814130531825066,0.01735561352783602
527,EP4292537A2,20231220,1.2650018274206403,1,2,4,0,19,,10,0,0,46.0,20.0,20231117,20251028,1.0,0.0,20231220,2,4,19,0,,,,EP,1,0,0,0,0,0,0,0,0,0,2023,12,744,2.0369609856262834,0,0,2.995732273553991,2.3978952727983707,0,2.127310061601643,0.1806981519507187,711,1.946611909650924,22.476171365506172,1,2.7037389910996623,4.2717061368902165,4.344507182449295,1,711.0,6.568077911411976,0.009224828527264011
528,EP4290828A2,20231213,1.2092159395920876,0,2,4,0,15,,11,0,0,46.0,15.0,20231110,20251029,1.0,0.0,20231213,2,4,15,0,,,,EP,1,0,0,0,0,0,0,0,0,0,2023,12,751,2.0561259411362083,0,0,2.772588722239781,2.4849066497880004,0,2.1464750171115674,0.17796030116358658,719,1.9685147159479808,22.238178749875914,1,2.7001599294648875,4.281268759033676,4.453421365735981,1,719.0,6.579251212010101,0.009137848905569585
529,EP4285863A2,20231206,1.2454740981328447,1,2,8,0,12,,9,0,0,24.0,14.0,20231103,20250827,1.0,0.0,20231206,2,8,12,0,,,,EP,1,0,0,0,0,0,0,0,0,0,2023,12,758,2.0752908966461328,0,0,2.5649493574615367,2.302585092994046,0,2.1656399726214923,0.35044490075290896,663,1.8151950718685832,12.531360566098423,1,2.627025153929272,4.116142197050422,4.117780164862629,1,663.0,6.498282149476434,0.009786569502223544
530,EP4287670A2,20231206,1.1573060983975267,0,2,4,0,12,,19,0,0,51.0,20.0,20231103,20251021,1.0,1.0,20231206,2,4,12,0,,,,EP,1,0,0,0,0,0,0,0,0,0,2023,12,758,2.0752908966461328,0,0,2.5649493574615367,2.995732273553991,0,2.1656399726214923,0.1998631074606434,718,1.9657768651608487,24.68804877240648,1,2.954745462529921,4.534211581626431,4.96150913871484,2,718.0,6.577861357721047,0.009148624975968076
531,EP4286629A2,20231206,1.2650018274206403,1,2,4,0,19,,7,0,0,15.0,8.0,20231103,20250205,1.0,0.0,20231206,2,4,19,0,,,,EP,1,0,0,0,0,0,0,0,0,0,2023,12,758,2.0752908966461328,0,0,2.995732273553991,2.0794415416798357,0,2.1656399726214923,0.9062286105407256,460,1.2594113620807665,11.034187603846734,1,2.512666752428542,3.668313569677002,3.3388529037606025,1,460.0,6.133398042996649,0.013304551069407047
532,EP4289483A2,20231213,1.5386541633383026,2,2,8,0,41,,25,0,0,18.0,10.0,20231110,20240918,1.0,0.0,20231213,2,8,41,0,,,,EP,1,0,0,0,0,0,0,0,0,0,2023,12,751,2.0561259411362083,0,0,3.7376696182833684,3.258096538021482,0,2.1464750171115674,1.2895277207392197,313,0.8569472963723477,18.809813318074532,0,3.493512086151192,4.007680463974601,4.11504383439383,1,313.0,5.749392985908253,0.018310168744930744
533,EP4285955A2,20231206,1.1883779838557416,0,2,2,0,19,,5,0,0,13.0,10.0,20231103,20250903,1.0,0.0,20231206,2,2,19,0,,,,EP,1,0,0,0,0,0,0,0,0,0,2023,12,758,2.0752908966461328,0,0,2.995732273553991,1.791759469228055,0,2.1656399726214923,0.33127994524298426,670,1.834360027378508,6.720568981989313,1,2.2634336653925744,3.764049681819679,3.626119496606563,1,670.0,6.508769136971682,0.009700103035725308
534,EP4289247A2,20231213,1.166013412724917,0,2,6,0,10,,9,0,0,10.0,8.0,20231110,20241030,1.0,0.0,20231213,2,6,10,0,,,,EP,1,0,0,0,0,0,0,0,0,0,2023,12,751,2.0561259411362083,0,0,2.3978952727983707,2.302585092994046,0,2.1464750171115674,1.1745379876796715,355,0.971937029431896,9.328906200114936,0,2.5475644685213448,3.1307266861804823,3.274522122425942,0,355.0,5.87493073085203,0.016502614412505702
535,EP4296943A2,20231227,1.1372954214791426,0,2,4,0,11,,4,0,0,35.0,17.0,20231124,20251112,1.0,0.0,20231227,2,4,11,0,,,,EP,1,0,0,0,0,0,0,0,0,0,2023,12,737,2.0177960301163584,0,0,2.4849066497880004,1.6094379124341003,0,2.108145106091718,0.13963039014373715,719,1.9685147159479808,16.920353396644717,1,2.102958168939603,3.684066998508391,3.5779526283820813,1,719.0,6.579251212010101,0.009137848905569585
536,EP4289423A2,20231213,1.1535429031015152,0,2,8,0,8,,10,0,0,16.0,10.0,20231110,20250507,1.0,0.0,20231213,2,8,8,0,,,,EP,1,0,0,0,0,0,0,0,0,0,2023,12,751,2.0561259411362083,0,0,2.1972245773362196,2.3978952727983707,0,2.1464750171115674,0.6570841889117043,544,1.4893908281998631,10.06674992463718,1,2.5922800667805372,3.885914563700455,3.887286100998234,1,544.0,6.300785794663244,0.011561074852593108
537,EP4293233A1,20231220,1.0144794618323383,0,2,6,0,5,,3,0,0,22.0,12.0,20231117,20251203,1.0,0.0,20231220,2,6,5,0,,,,EP,1,0,0,0,0,0,0,0,0,0,2023,12,744,2.0369609856262834,0,0,1.791759469228055,1.3862943611198906,0,2.127310061601643,0.08213552361396304,747,2.0451745379876796,10.255575763377045,1,1.8462560785042728,3.4733608012968804,3.4314688991075704,0,747.0,6.617402977974478,0.00884679542509957
538,EP4293232A1,20231220,1.1541977485067418,0,2,10,0,7,,3,0,0,8.0,6.0,20231117,20241009,1.0,0.0,20231220,2,10,7,0,,,,EP,1,0,0,0,0,0,0,0,0,0,2023,12,744,2.0369609856262834,0,0,2.0794415416798357,1.3862943611198906,0,2.127310061601643,1.2320328542094456,327,0.8952772073921971,8.037961625747887,0,1.9859743651786763,2.5231406896139945,2.2815715685120876,0,327.0,5.793013608384144,0.017661626854829707
539,EP4285787A1,20231206,0.8873847827742576,0,2,2,0,5,,2,0,0,27.0,15.0,20231103,20251112,1.0,0.0,20231206,2,2,5,0,,,,EP,1,0,0,0,0,0,0,0,0,0,2023,12,758,2.0752908966461328,0,0,1.791759469228055,1.0986122886681098,0,2.1656399726214923,0.13963039014373715,740,2.026009582477755,12.699848684845946,1,1.5465521559751234,3.1621579054617763,3.124621871145865,0,740.0,6.608000625296087,0.008917679656270022
540,EP4290532A2,20231213,1.091715032280654,0,2,4,0,9,,8,0,0,20.0,10.0,20231110,20250716,1.0,0.0,20231213,2,4,9,0,,,,EP,1,0,0,0,0,0,0,0,0,0,2023,12,751,2.0561259411362083,0,0,2.302585092994046,2.1972245773362196,0,2.1464750171115674,0.4654346338124572,614,1.68104038329911,11.229391645209638,1,2.4100497786823856,3.818674008661852,3.8782649606353297,1,614.0,6.421622267806518,0.010441662224075639
541,EP4289506A2,20231213,1.4858268899215008,2,2,8,0,33,,29,0,0,10.0,7.0,20231110,20240320,1.0,0.0,20231213,2,8,33,0,,,,EP,1,0,0,0,0,0,0,0,0,0,2023,12,751,2.0561259411362083,0,0,3.5263605246161616,3.4011973816621555,0,2.1464750171115674,1.787816563997262,131,0.3586584531143053,21.80271601253544,0,3.526545318918794,3.741740390787377,3.759855834776461,1,131.0,4.882801922586371,0.03699092365595735
542,EP4287065A2,20231206,1.0863999799452833,0,2,6,0,7,,5,0,0,15.0,11.0,20231103,20251203,1.0,0.0,20231206,2,6,7,0,,,,EP,1,0,0,0,0,0,0,0,0,0,2023,12,758,2.0752908966461328,0,0,2.0794415416798357,1.791759469228055,0,2.1656399726214923,0.08213552361396304,761,2.083504449007529,6.869690605310178,1,2.1614556614821163,3.811558330886634,3.875263918235584,1,761.0,6.635946555686647,0.00870859128042867
543,EP4285764A2,20231206,1.0907142960312888,0,2,8,0,6,,10,0,0,14.0,9.0,20231103,20251022,1.0,0.0,20231206,2,8,6,0,,,,EP,1,0,0,0,0,0,0,0,0,0,2023,12,758,2.0752908966461328,0,0,1.9459101490553132,2.3978952727983707,0,2.1656399726214923,0.1971252566735113,719,1.9685147159479808,6.7681413586578865,1,2.529451459710311,4.1105602892791,4.3664099887463514,1,719.0,6.579251212010101,0.009137848905569585
544,EP4287337A2,20231206,1.5552752104002854,2,2,12,0,35,,10,0,0,15.0,8.0,20231103,20240306,1.0,0.0,20231206,2,12,35,0,,,,EP,1,0,0,0,0,0,0,0,0,0,2023,12,758,2.0752908966461328,0,0,3.58351893845611,2.3978952727983707,0,2.1656399726214923,1.8261464750171115,124,0.3394934976043806,34.13019778850646,0,2.9940123740793076,3.197708472641936,2.737388770402751,0,124.0,4.8283137373023015,0.03862650989841841
545,EP4287570A2,20231206,1.4366909271083126,2,2,2,0,53,,14,0,0,13.0,9.0,20231103,20241016,1.0,0.0,20231206,2,2,53,0,,,,EP,1,0,0,0,0,0,0,0,0,0,2023,12,758,2.0752908966461328,0,0,3.9889840465642745,2.70805020110221,0,2.1656399726214923,1.212867898699521,348,0.9527720739219713,12.348351862687732,0,3.061521047769639,3.6331842921228215,3.6608222750241812,0,348.0,5.855071922202427,0.016776710378803517
546,EP4289286A2,20231213,1.080682254832628,0,2,2,0,12,,19,0,0,12.0,10.0,20231110,20250604,1.0,0.0,20231213,2,2,12,0,,,,EP,1,0,0,0,0,0,0,0,0,0,2023,12,751,2.0561259411362083,0,0,2.5649493574615367,2.995732273553991,0,2.1464750171115674,0.5804243668720055,572,1.566050650239562,7.202662174931186,1,2.8781216189650225,4.21775200910876,4.561782923793553,1,572.0,6.35088571671474,0.011083570186238638
547,EP4285868A2,20231206,1.5125870030048896,2,2,6,0,43,,13,0,0,44.0,15.0,20231103,20251029,1.0,0.0,20231206,2,6,43,0,,,,EP,1,0,0,0,0,0,0,0,0,0,2023,12,758,2.0752908966461328,0,0,3.784189633918261,2.6390573296152584,0,2.1656399726214923,0.17796030116358658,726,1.9876796714579055,21.07603029408872,1,3.0960214007740445,4.688629203648788,4.626737001073164,2,726.0,6.588926477533519,0.009063172596332214
548,EP4286935A2,20231206,1.4545361041829992,2,2,8,0,29,,8,0,0,19.0,8.0,20231103,20240313,1.0,0.0,20231206,2,8,29,0,,,,EP,1,0,0,0,0,0,0,0,0,0,2023,12,758,2.0752908966461328,0,0,3.4011973816621555,2.1972245773362196,0,2.1656399726214923,1.8069815195071868,131,0.3586584531143053,41.42516042381734,0,2.772870850584731,2.988065922453314,2.555883030450525,0,131.0,4.882801922586371,0.03699092365595735
549,EP4287532A2,20231206,1.1372954214791426,0,2,4,0,11,,10,0,0,38.0,16.0,20231103,20251028,1.0,0.0,20231206,2,4,11,0,,,,EP,1,0,0,0,0,0,0,0,0,0,2023,12,758,2.0752908966461328,0,0,2.4849066497880004,2.3978952727983707,0,2.1656399726214923,0.1806981519507187,725,1.9849418206707734,18.225928236105187,1,2.576032585158165,4.166997677560629,4.382837093469144,1,725.0,6.587550014824796,0.009073760350998342
550,EP4282558A2,20231129,1.2724960430110448,1,2,2,0,27,,9,0,0,37.0,18.0,20231027,20251028,1.0,0.0,20231129,2,2,27,0,,,,EP,1,0,0,0,0,0,0,0,0,0,2023,11,765,2.0944558521560577,0,0,3.332204510175204,2.302585092994046,0,2.184804928131417,0.1806981519507187,732,2.004106776180698,17.584658924563286,1,2.6540470988074722,4.256511164515891,4.306691869174744,1,732.0,6.597145701886651,0.009000198774743043
551,EP4295918A2,20231227,1.5326297754435374,2,2,8,0,40,,18,0,0,17.0,8.0,20231124,20250219,1.0,0.0,20231227,2,8,40,0,,,,EP,1,0,0,0,0,0,0,0,0,0,2023,12,737,2.0177960301163584,0,0,3.713572066704308,2.9444389791664403,0,2.108145106091718,0.8678986995208761,453,1.2402464065708418,12.684234717328021,1,3.2992931629434015,4.443441006885907,4.184685385737282,2,453.0,6.118097198041348,0.013475985017712222
552,EP4285908A2,20231206,1.2979417165885305,1,2,2,0,30,,10,0,0,23.0,10.0,20231103,20240904,1.0,0.0,20231206,2,2,30,0,,,,EP,1,0,0,0,0,0,0,0,0,0,2023,12,758,2.0752908966461328,0,0,3.4339872044851463,2.3978952727983707,0,2.1656399726214923,1.3278576317590691,306,0.837782340862423,24.52594701116707,0,2.7366788802675526,3.2393482847850064,3.2356776136607937,0,306.0,5.726847747587197,0.018654227190837775
553,EP4287540A2,20231206,1.520127170299872,2,2,8,0,38,,4,0,0,17.0,10.0,20231103,20251112,1.0,0.0,20231206,2,8,38,0,,,,EP,1,0,0,0,0,0,0,0,0,0,2023,12,758,2.0752908966461328,0,0,3.6635616461296463,1.6094379124341003,0,2.1656399726214923,0.13963039014373715,740,2.026009582477755,7.996201023791892,1,2.485789917760332,4.101395667246986,3.6354474949118556,1,740.0,6.608000625296087,0.008917679656270022
554,EP4295723A2,20231227,1.3393002078649034,1,2,6,0,21,,18,0,0,15.0,9.0,20231124,20240925,1.0,0.0,20231227,2,6,21,0,,,,EP,1,0,0,0,0,0,0,0,0,0,2023,12,737,2.0177960301163584,0,0,3.091042453358316,2.9444389791664403,0,2.108145106091718,1.270362765229295,306,0.837782340862423,15.995182833369828,0,3.1059635953647673,3.608632999882221,3.7822213200288632,0,306.0,5.726847747587197,0.018654227190837775
555,EP4286346A1,20231206,1.175554660258854,0,2,2,0,18,,18,0,0,9.0,7.0,20231103,20250917,1.0,0.0,20231206,2,2,18,0,,,,EP,1,0,0,0,0,0,0,0,0,0,2023,12,758,2.0752908966461328,0,0,2.9444389791664403,2.9444389791664403,0,2.1656399726214923,0.2929500342231348,684,1.8726899383983573,4.5622983241386486,1,2.9422180477587183,4.465832010797733,4.817128917564798,2,684.0,6.529418838262226,0.009531998304032447
556,EP4287543A2,20231206,1.3578731526079113,1,2,14,0,14,,17,0,0,12.0,8.0,20231103,20240221,1.0,0.0,20231206,2,14,14,0,,,,EP,1,0,0,0,0,0,0,0,0,0,2023,12,758,2.0752908966461328,0,0,2.70805020110221,2.8903717578961645,0,2.1656399726214923,1.864476386036961,110,0.30116358658453113,29.912984132400616,0,3.0920962073456097,3.2727943592963284,3.1915353444806955,0,110.0,4.709530201312334,0.04242820001182283
557,EP4285809A2,20231206,1.0150911887157554,0,2,2,0,9,,9,0,0,25.0,14.0,20231103,20251008,1.0,0.0,20231206,2,2,9,0,,,,EP,1,0,0,0,0,0,0,0,0,0,2023,12,758,2.0752908966461328,0,0,2.302585092994046,2.302585092994046,0,2.1656399726214923,0.23545516769336072,705,1.9301848049281314,12.31414989379994,1,2.396642244512183,3.9547531274690617,4.232769897922177,1,705.0,6.559615237493242,0.009291239713163231
558,EP4287245A2,20231206,1.6112150336992448,2,4,16,0,22,,15,0,0,17.0,10.0,20231103,20241023,1.0,0.0,20231206,4,16,22,0,,,,EP,1,0,0,0,0,0,0,0,0,0,2023,12,758,2.0752908966461328,0,0,3.1354942159291497,2.772588722239781,0,2.1656399726214923,1.1937029431895962,355,0.971937029431896,15.85914054019539,0,3.2747682670431137,3.8579304847022513,3.7445257516716772,1,355.0,5.87493073085203,0.016502614412505702
559,EP4286894A2,20231206,1.1164574657427964,0,2,2,0,14,,12,0,0,32.0,13.0,20231103,20251211,1.0,0.0,20231206,2,2,14,0,,,,EP,1,0,0,0,0,0,0,0,0,0,2023,12,758,2.0752908966461328,0,0,2.70805020110221,2.5649493574615367,0,2.1656399726214923,0.06023271731690623,769,2.105407255304586,14.509791750721579,1,2.6554270802197184,4.3186714334024705,4.670356612766122,2,769.0,6.646390514847729,0.00863167599330874
560,EP4293927A2,20231220,1.1158457388593792,0,2,6,0,8,,9,0,0,35.0,13.0,20231117,20250911,1.0,0.0,20231220,2,6,8,0,,,,EP,1,0,0,0,0,0,0,0,0,0,2023,12,744,2.0369609856262834,0,0,2.1972245773362196,2.302585092994046,0,2.127310061601643,0.30937713894592744,664,1.8179329226557153,18.24881338995753,1,2.4973967946558067,3.988156548249236,4.120518015649761,1,664.0,6.499787040655854,0.009774115850610308
561,EP4286640A2,20231206,1.2891325339993656,1,2,6,0,17,,8,0,0,12.0,8.0,20231103,20250219,1.0,0.0,20231206,2,6,17,0,,,,EP,1,0,0,0,0,0,0,0,0,0,2023,12,758,2.0752908966461328,0,0,2.8903717578961645,2.1972245773362196,0,2.1656399726214923,0.8678986995208761,474,1.297741273100616,8.58527985896871,1,2.607467280401097,3.7861120442614666,3.4949658504368353,1,474.0,6.163314804034641,0.01297539958744135
562,EP4285797A2,20231206,1.0907142960312888,0,2,8,0,6,,8,0,0,62.0,18.0,20231103,20251126,1.0,1.0,20231206,2,8,6,0,,,,EP,1,0,0,0,0,0,0,0,0,0,2023,12,758,2.0752908966461328,0,0,1.9459101490553132,2.1972245773362196,0,2.1656399726214923,0.10130047912388775,754,2.0643394934976045,28.646152873090664,1,2.40904904243302,4.047652738531583,4.261564070833824,1,754.0,6.626717749249025,0.008777109601654337
563,EP4286576A2,20231206,1.3276702039561803,1,2,6,0,20,,8,0,0,15.0,9.0,20231103,20250903,1.0,0.0,20231206,2,6,20,0,,,,EP,1,0,0,0,0,0,0,0,0,0,2023,12,758,2.0752908966461328,0,0,3.044522437723423,2.1972245773362196,0,2.1656399726214923,0.33127994524298426,670,1.834360027378508,7.754502671526131,1,2.646004950357912,4.146620966785017,4.031584604714728,1,670.0,6.508769136971682,0.009700103035725308
564,EP4286900A2,20231206,1.5370668412478392,2,2,10,0,36,,16,0,0,14.0,9.0,20231103,20250108,1.0,0.0,20231206,2,10,36,0,,,,EP,1,0,0,0,0,0,0,0,0,0,2023,12,758,2.0752908966461328,0,0,3.6109179126442243,2.833213344056216,0,2.1656399726214923,0.9828884325804244,432,1.1827515400410678,10.914038738594524,1,3.2369948476815686,4.34664577170621,4.015964884097284,2,432.0,6.07073772800249,0.01402017951039836
565,EP4287751A2,20231206,1.57481572016328,2,2,18,0,30,,10,0,0,9.0,8.0,20231103,20240124,1.0,0.0,20231206,2,18,30,0,,,,EP,1,0,0,0,0,0,0,0,0,0,2023,12,758,2.0752908966461328,0,0,3.4339872044851463,2.3978952727983707,0,2.1656399726214923,1.9411362080766599,82,0.2245037645448323,27.734655136047248,0,3.0135528838423022,3.1482551425692016,2.622399037343203,0,82.0,4.418840607796598,0.053239043467428894
566,EP4287761A2,20231206,1.0992092478710584,0,2,2,0,13,,8,0,0,20.0,9.0,20231103,20250122,1.0,0.0,20231206,2,2,13,0,,,,EP,1,0,0,0,0,0,0,0,0,0,2023,12,758,2.0752908966461328,0,0,2.6390573296152584,2.1972245773362196,0,2.1656399726214923,0.944558521560575,446,1.2210814510609171,15.13911196311072,1,2.41754399427279,3.55019286490934,3.4183060283971365,0,446.0,6.102558594613569,0.013652256363788745
567,EP4287272A2,20231206,1.2891325339993656,1,2,6,0,17,,23,0,0,15.0,9.0,20231103,20240821,1.0,0.0,20231206,2,6,17,0,,,,EP,1,0,0,0,0,0,0,0,0,0,2023,12,758,2.0752908966461328,0,0,2.8903717578961645,3.1780538303479458,0,2.1656399726214923,1.3661875427789185,292,0.7994524298425736,16.67681302792786,0,3.1959648322081327,3.675636290113677,3.9775062601905193,1,292.0,5.680172609017068,0.019386254638283508
568,EP4286732A2,20231206,0.9688990726338496,0,2,6,0,4,,9,0,0,53.0,15.0,20231103,20251216,1.0,0.0,20231206,2,6,4,0,,,,EP,1,0,0,0,0,0,0,0,0,0,2023,12,758,2.0752908966461328,0,0,1.6094379124341003,2.302585092994046,0,2.1656399726214923,0.04654346338124572,774,2.1190965092402463,23.883593966873324,1,2.350450128430277,4.021908033974425,4.421681602234292,1,774.0,6.652863029353347,0.008584339392713997
569,EP4285883A2,20231206,1.5326297754435374,2,2,8,0,40,,14,0,0,19.0,12.0,20231103,20251203,1.0,0.0,20231206,2,8,40,0,,,,EP,1,0,0,0,0,0,0,0,0,0,2023,12,758,2.0752908966461328,0,0,3.713572066704308,2.70805020110221,0,2.1656399726214923,0.08213552361396304,761,2.083504449007529,8.701608100059559,1,3.1574598961048634,4.807562565509381,4.791554650109739,2,761.0,6.635946555686647,0.00870859128042867
570,EP4287760A1,20231206,1.300632815151642,1,2,12,0,12,,7,0,0,16.0,9.0,20231103,20251015,1.0,0.0,20231206,2,12,12,0,,,,EP,1,0,0,0,0,0,0,0,0,0,2023,12,758,2.0752908966461328,0,0,2.5649493574615367,2.0794415416798357,0,2.1656399726214923,0.216290212183436,712,1.949349760438056,7.807354463778766,1,2.5482977401595432,4.117907596422377,4.028791302117892,1,712.0,6.569481420414296,0.009213858934662407
571,EP4286152A2,20231206,1.8371038056534266,2,2,14,0,101,,15,0,0,69.0,16.0,20231103,20251028,1.0,0.0,20231206,2,14,101,0,,,,EP,1,0,0,0,0,0,0,0,0,0,2023,12,758,2.0752908966461328,0,0,4.624972813284271,2.772588722239781,0,2.1656399726214923,0.1806981519507187,725,1.9849418206707734,33.09444863924362,1,3.5006570389972955,5.09162213139976,4.757530542910555,2,725.0,6.587550014824796,0.009073760350998342
572,EP4287622A2,20231206,1.3797449443906344,2,2,2,0,42,,43,0,0,21.0,9.0,20231103,20240501,1.0,0.0,20231206,2,2,42,0,,,,EP,1,0,0,0,0,0,0,0,0,0,2023,12,758,2.0752908966461328,0,0,3.7612001156935624,3.784189633918261,0,2.1656399726214923,1.672826830937714,180,0.4928131416837782,35.424315898856946,0,3.650258724741591,3.945946609751858,4.277002775602039,1,180.0,5.198497031265826,0.028720978073291856
573,EP4290898A2,20231213,1.4083635520219429,2,2,6,0,28,,43,0,0,20.0,11.0,20231110,20250910,1.0,0.0,20231213,2,6,28,0,,,,EP,1,0,0,0,0,0,0,0,0,0,2023,12,751,2.0561259411362083,0,0,3.367295829986474,3.784189633918261,0,2.1464750171115674,0.31211498973305957,670,1.834360027378508,10.339336895368175,1,3.6788773323728994,5.179493348800005,5.618549661296769,2,670.0,6.508769136971682,0.009700103035725308
574,EP4286273A2,20231206,1.3663681044476812,1,2,4,0,29,,10,0,0,23.0,10.0,20231103,20251022,1.0,0.0,20231206,2,4,29,0,,,,EP,1,0,0,0,0,0,0,0,0,0,2023,12,758,2.0752908966461328,0,0,3.4011973816621555,2.3978952727983707,0,2.1656399726214923,0.1971252566735113,719,1.9685147159479808,11.119089374937957,1,2.8051052681267032,4.3862140976954915,4.3664099887463514,2,719.0,6.579251212010101,0.009137848905569585
575,EP4286157A2,20231206,1.5370668412478392,2,2,10,0,36,,6,0,0,18.0,10.0,20231103,20240925,1.0,0.0,20231206,2,10,36,0,,,,EP,1,0,0,0,0,0,0,0,0,0,2023,12,758,2.0752908966461328,0,0,3.6109179126442243,1.9459101490553132,0,2.1656399726214923,1.270362765229295,327,0.8952772073921971,18.085413657932744,0,2.7046129306810274,3.2417792551163456,2.8411873564475103,0,327.0,5.793013608384144,0.017661626854829707
576,EP4286934A2,20231206,1.3207877152491925,1,2,4,0,24,,6,0,0,17.0,11.0,20231103,20251105,1.0,0.0,20231206,2,4,24,0,,,,EP,1,0,0,0,0,0,0,0,0,0,2023,12,758,2.0752908966461328,0,0,3.2188758248682006,1.9459101490553132,0,2.1656399726214923,0.15879534565366188,733,2.00684462696783,8.068938630973653,1,2.48833380468238,4.092440580863078,3.952754776023143,1,733.0,6.598509028614515,0.008989794316913508
577,EP4282311A2,20231129,1.0359291444521013,0,2,4,0,7,,12,0,0,30.0,16.0,20231027,20251215,1.0,0.0,20231129,2,4,7,0,,,,EP,1,0,0,0,0,0,0,0,0,0,2023,11,765,2.0944558521560577,0,0,2.0794415416798357,2.5649493574615367,0,2.184804928131417,0.049281314168377825,780,2.135523613963039,13.419674841554146,1,2.5748987589290233,4.256212927306847,4.700472971424576,1,780.0,6.660575149839686,0.008528265236670532
578,EP4295840A2,20231227,1.418760893272831,2,2,8,0,25,,13,0,0,21.0,10.0,20231124,20250521,1.0,0.0,20231227,2,8,25,0,,,,EP,1,0,0,0,0,0,0,0,0,0,2023,12,737,2.0177960301163584,0,0,3.258096538021482,2.6390573296152584,0,2.108145106091718,0.6187542778918549,544,1.4893908281998631,13.212609276086301,1,3.002195291041986,4.295829787961904,4.1284481578151215,1,544.0,6.300785794663244,0.011561074852593108
579,EP4283321A2,20231129,1.142185867773836,0,2,6,0,9,,4,0,0,13.0,9.0,20231027,20240911,1.0,0.0,20231129,2,6,9,0,,,,EP,1,0,0,0,0,0,0,0,0,0,2023,11,765,2.0944558521560577,0,0,2.302585092994046,1.6094379124341003,0,2.184804928131417,1.3086926762491444,320,0.8761122518822724,13.318140382862353,0,2.107848615234296,2.6335159663636594,2.485550164316373,0,320.0,5.771441123130016,0.01797956736177575
580,EP4296161A2,20231227,1.5221282505388267,2,2,2,0,75,,12,0,0,25.0,10.0,20231124,20250514,1.0,0.0,20231227,2,2,75,0,,,,EP,1,0,0,0,0,0,0,0,0,0,2023,12,737,2.0177960301163584,0,0,4.330733340286331,2.5649493574615367,0,2.108145106091718,0.6379192334017796,537,1.4702258726899384,15.921276317510133,1,3.061097865015749,4.343233388629712,4.035175230151475,2,537.0,6.2878585601617845,0.011687469442679897
581,EP4293411A2,20231220,1.0025462962959708,0,2,4,0,6,,14,0,0,57.0,17.0,20231117,20251205,1.0,1.0,20231220,2,4,6,0,,,,EP,1,0,0,0,0,0,0,0,0,0,2023,12,744,2.0369609856262834,0,0,1.9459101490553132,2.70805020110221,0,2.127310061601643,0.07665982203969883,749,2.0506502395619437,26.50361223385634,1,2.627376416957297,4.2577665606944635,4.758700440664153,1,749.0,6.620073206530356,0.008826764275373808
582,EP4286527A2,20231206,1.4981535138198907,2,4,10,0,18,,10,0,0,38.0,18.0,20231103,20251029,1.0,0.0,20231206,4,10,18,0,,,,EP,1,0,0,0,0,0,0,0,0,0,2023,12,758,2.0752908966461328,0,0,2.9444389791664403,2.3978952727983707,0,2.1656399726214923,0.17796030116358658,726,1.9876796714579055,18.20202616307662,1,2.936890677498913,4.529498480373657,4.385574944256276,2,726.0,6.588926477533519,0.009063172596332214
583,EP4283806A2,20231129,0.8411926666923519,0,2,6,0,2,,4,0,0,11.0,8.0,20231027,20240904,1.0,0.0,20231129,2,6,2,0,,,,EP,1,0,0,0,0,0,0,0,0,0,2023,11,765,2.0944558521560577,0,0,1.0986122886681098,1.6094379124341003,0,2.184804928131417,1.3278576317590691,313,0.8569472963723477,11.494885916601103,0,1.8068554141528121,2.321023791976221,2.466385208806448,0,313.0,5.749392985908253,0.018310168744930744
584,EP4287235A2,20231206,1.2339583730542303,1,2,2,0,23,,12,0,0,12.0,9.0,20231103,20241030,1.0,0.0,20231206,2,2,23,0,,,,EP,1,0,0,0,0,0,0,0,0,0,2023,12,758,2.0752908966461328,0,0,3.1780538303479458,2.5649493574615367,0,2.1656399726214923,1.1745379876796715,362,0.9911019849418207,10.998055329025783,0,2.772927987531152,3.3675891784962446,3.5560513424033573,0,362.0,5.8944028342648505,0.01623802433681777
585,EP4296427A2,20231227,1.4858268899215008,2,2,8,0,33,,20,0,0,20.0,10.0,20231124,20241113,1.0,0.0,20231227,2,8,33,0,,,,EP,1,0,0,0,0,0,0,0,0,0,2023,12,737,2.0177960301163584,0,0,3.5263605246161616,3.044522437723423,0,2.108145106091718,1.136208076659822,355,0.971937029431896,18.657812400229872,0,3.312540352555555,3.8957025702146924,4.016459467155319,1,355.0,5.87493073085203,0.016502614412505702
586,EP4283584A2,20231129,1.3403465035590705,1,2,8,0,18,,14,0,0,14.0,10.0,20231027,20251203,1.0,0.0,20231129,2,8,18,0,,,,EP,1,0,0,0,0,0,0,0,0,0,2023,11,765,2.0944558521560577,0,0,2.9444389791664403,2.70805020110221,0,2.184804928131417,0.08213552361396304,768,2.102669404517454,6.35592430316025,1,2.9651766242203967,4.626778266930869,4.8107196056196635,2,768.0,6.645090969505644,0.008641210623544402
587,EP4287600A2,20231206,1.2971213608403815,1,2,3,0,25,,22,0,0,15.0,9.0,20231103,20240320,1.0,0.0,20231206,2,3,25,0,,,,EP,1,0,0,0,0,0,0,0,0,0,2023,12,758,2.0752908966461328,0,0,3.258096538021482,3.1354942159291497,0,2.1656399726214923,1.787816563997262,138,0.37782340862423,31.39235066609368,0,3.1784178903978715,3.4051119355724095,3.5133176245533795,0,138.0,4.9344739331306915,0.03549981246856613
588,EP4287599A2,20231206,1.2971213608403815,1,2,3,0,25,,22,0,0,17.0,10.0,20231103,20240529,1.0,0.0,20231206,2,3,25,0,,,,EP,1,0,0,0,0,0,0,0,0,0,2023,12,758,2.0752908966461328,0,0,3.258096538021482,3.1354942159291497,0,2.1656399726214923,1.596167008898015,208,0.5694729637234771,25.3931090890502,0,3.1784178903978715,3.5201016686319577,3.704967179652627,0,208.0,5.342334251964811,0.025561407904137853
589,EP4289425A2,20231213,1.96222197317586,2,9,12,0,54,,29,0,0,34.0,9.0,20231110,20250312,1.0,0.0,20231213,9,12,54,0,,,,EP,1,0,0,0,0,0,0,0,0,0,2023,12,751,2.0561259411362083,0,0,4.007333185232471,3.4011973816621555,0,2.1464750171115674,0.810403832991102,488,1.3360711841204653,23.675706591678185,1,4.002940402173153,5.204583112645433,4.737268565782621,2,488.0,6.192362489474872,0.012663317974386242
590,EP4283430A2,20231129,1.3364080260618105,1,2,12,0,14,,8,0,0,34.0,13.0,20231027,20250702,1.0,0.0,20231129,2,12,14,0,,,,EP,1,0,0,0,0,0,0,0,0,0,2023,11,765,2.0944558521560577,0,0,2.70805020110221,2.1972245773362196,0,2.184804928131417,0.5037645448323066,614,1.68104038329911,19.089965796856387,1,2.654742772463542,4.063367002443009,3.8782649606353297,1,614.0,6.421622267806518,0.010441662224075639
591,EP4287590A2,20231206,1.7992471672447423,2,2,36,0,50,,9,0,0,13.0,9.0,20231103,20240911,1.0,0.0,20231206,2,36,50,0,,,,EP,1,0,0,0,0,0,0,0,0,0,2023,12,758,2.0752908966461328,0,0,3.9318256327243257,2.302585092994046,0,2.1656399726214923,1.3086926762491444,313,0.8569472963723477,13.584865174164939,0,3.1807982230411698,3.6949666008645785,3.159532389366394,1,313.0,5.749392985908253,0.018310168744930744
592,EP4287548A2,20231206,1.2243720950461965,1,2,4,0,16,,9,0,0,28.0,17.0,20231103,20251016,1.0,0.0,20231206,2,4,16,0,,,,EP,1,0,0,0,0,0,0,0,0,0,2023,12,758,2.0752908966461328,0,0,2.833213344056216,2.302585092994046,0,2.1656399726214923,0.2135523613963039,713,1.9520876112251881,13.64464160635069,1,2.605923150842624,4.177175717577737,4.254672704219234,1,713.0,6.570882962339584,0.009202917314201099
593,EP4286634A2,20231206,1.0389187336668366,0,2,2,0,10,,10,0,0,12.0,9.0,20231103,20250122,1.0,0.0,20231206,2,2,10,0,,,,EP,1,0,0,0,0,0,0,0,0,0,2023,12,758,2.0752908966461328,0,0,2.3978952727983707,2.3978952727983707,0,2.1656399726214923,0.944558521560575,446,1.2210814510609171,9.083467177866432,1,2.477655897345859,3.610304767982409,3.618976723859288,0,446.0,6.102558594613569,0.013652256363788745
594,EP4287721A2,20231206,1.2092159395920876,0,2,4,0,15,,20,0,0,11.0,9.0,20231103,20240918,1.0,0.0,20231206,2,4,15,0,,,,EP,1,0,0,0,0,0,0,0,0,0,2023,12,758,2.0752908966461328,0,0,2.772588722239781,3.044522437723423,0,2.1656399726214923,1.2895277207392197,320,0.8761122518822724,11.269195708575836,0,3.0359294022261416,3.561596753355505,3.9206346896056954,0,320.0,5.771441123130016,0.01797956736177575
595,EP4289819A2,20231213,1.0144794618323383,0,2,6,0,5,,20,0,0,11.0,8.0,20231110,20240814,1.0,0.0,20231213,2,6,5,0,,,,EP,1,0,0,0,0,0,0,0,0,0,2023,12,751,2.0561259411362083,0,0,1.791759469228055,3.044522437723423,0,2.1464750171115674,1.3853524982888432,278,0.7611225188227242,12.774024322390908,0,2.841192924466392,3.2978664357600262,3.805644956546147,0,278.0,5.631211781821365,0.02018355477355328
596,EP4285838A2,20231206,1.3400279755332247,1,2,4,0,26,,13,0,0,30.0,14.0,20231103,20251217,1.0,0.0,20231206,2,4,26,0,,,,EP,1,0,0,0,0,0,0,0,0,0,2023,12,758,2.0752908966461328,0,0,3.295836866004329,2.6390573296152584,0,2.1656399726214923,0.04380561259411362,775,2.1218343600273784,13.502356674162842,1,2.92346237330238,4.596562989318807,4.760891689642637,2,775.0,6.654152520183219,0.008574938814669097
597,EP4286381A2,20231206,1.539494669052981,2,2,6,0,48,,21,0,0,21.0,9.0,20231103,20250122,1.0,0.0,20231206,2,6,48,0,,,,EP,1,0,0,0,0,0,0,0,0,0,2023,12,758,2.0752908966461328,0,0,3.8918202981106265,3.091042453358316,0,2.1656399726214923,0.944558521560575,446,1.2210814510609171,15.896067561266255,1,3.3941201410679707,4.526769011704522,4.312123904419233,2,446.0,6.102558594613569,0.013652256363788745
598,EP4287754A2,20231206,1.0863999799452833,0,2,6,0,7,,11,0,0,36.0,16.0,20231103,20251112,1.0,0.0,20231206,2,6,7,0,,,,EP,1,0,0,0,0,0,0,0,0,0,2023,12,758,2.0752908966461328,0,0,2.0794415416798357,2.4849066497880004,0,2.1656399726214923,0.13963039014373715,740,2.026009582477755,16.933131579794598,1,2.5773439698180836,4.192949719304737,4.510916232265755,1,740.0,6.608000625296087,0.008917679656270022
599,EP4287741A2,20231206,1.1240971441874192,0,2,8,0,7,,6,0,0,11.0,8.0,20231103,20240320,1.0,0.0,20231206,2,8,7,0,,,,EP,1,0,0,0,0,0,0,0,0,0,2023,12,758,2.0752908966461328,0,0,2.0794415416798357,1.9459101490553132,0,2.1656399726214923,1.787816563997262,138,0.37782340862423,23.021057155135367,0,2.291643233620607,2.518337278795145,2.3237335576795433,0,138.0,4.9344739331306915,0.03549981246856613
600,EP4287539A2,20231206,1.2634041319683262,1,2,2,0,26,,8,0,0,11.0,8.0,20231103,20240214,1.0,0.0,20231206,2,2,26,0,,,,EP,1,0,0,0,0,0,0,0,0,0,2023,12,758,2.0752908966461328,0,0,3.295836866004329,2.1972245773362196,0,2.1656399726214923,1.8836413415468858,103,0.28199863107460643,28.795914710625336,0,2.581738878370058,2.750938057014822,2.479223208410826,0,103.0,4.6443908991413725,0.04465760479943627
601,EP4286685A2,20231206,1.115542577231735,0,2,4,0,10,,8,0,0,26.0,13.0,20231103,20251231,1.0,0.0,20231206,2,4,10,0,,,,EP,1,0,0,0,0,0,0,0,0,0,2023,12,758,2.0752908966461328,0,0,2.3978952727983707,2.1972245773362196,0,2.1656399726214923,0.0054757015742642025,789,2.1601642710472277,11.503588625420187,1,2.4338773236334665,4.1299758862618035,4.357388848383447,1,789.0,6.672032945461067,0.00844561132336844
602,EP4286684A2,20231206,1.115542577231735,0,2,4,0,10,,8,0,0,26.0,13.0,20231103,20251224,1.0,0.0,20231206,2,4,10,0,,,,EP,1,0,0,0,0,0,0,0,0,0,2023,12,758,2.0752908966461328,0,0,2.3978952727983707,2.1972245773362196,0,2.1656399726214923,0.024640657084188913,782,2.1409993155373033,11.601966952750374,1,2.4338773236334665,4.118476912955849,4.338223892873523,1,782.0,6.663132695990803,0.008509748015313925
603,EP4287030A2,20231206,1.3393002078649034,1,2,6,0,21,,14,0,0,23.0,8.0,20231103,20250409,1.0,0.0,20231206,2,6,21,0,,,,EP,1,0,0,0,0,0,0,0,0,0,2023,12,758,2.0752908966461328,0,0,3.091042453358316,2.70805020110221,0,2.1656399726214923,0.7337440109514032,523,1.431895961670089,15.014074438139492,1,2.9641303285262293,4.2232679055282825,4.139946162772299,1,523.0,6.261491684321042,0.011949411611299698
604,EP4282459A2,20231129,1.0992092478710584,0,2,2,0,13,,10,0,0,12.0,9.0,20231027,20240501,1.0,0.0,20231129,2,2,13,0,,,,EP,1,0,0,0,0,0,0,0,0,0,2023,11,765,2.0944558521560577,0,0,2.6390573296152584,2.3978952727983707,0,2.184804928131417,1.672826830937714,187,0.5119780971937029,19.60854490549156,0,2.537946411550081,2.8451332698663028,2.9098733699920736,0,187.0,5.236441962829949,0.027853414695903984
605,EP4287161A1,20231206,1.2650018274206403,1,2,4,0,19,,8,0,0,9.0,7.0,20231103,20250115,1.0,0.0,20231206,2,4,19,0,,,,EP,1,0,0,0,0,0,0,0,0,0,2023,12,758,2.0752908966461328,0,0,2.995732273553991,2.1972245773362196,0,2.1656399726214923,0.9637234770704997,439,1.2019164955509924,6.91288575784659,1,2.583336573822372,3.704486471152967,3.399141072887212,1,439.0,6.0867747269123065,0.013833578924800697
606,EP4285885A2,20231206,0.9640086263391562,0,2,4,0,5,,10,0,0,10.0,8.0,20231103,20240918,1.0,0.0,20231206,2,4,5,0,,,,EP,1,0,0,0,0,0,0,0,0,0,2023,12,758,2.0752908966461328,0,0,1.791759469228055,2.3978952727983707,0,2.1656399726214923,1.2895277207392197,320,0.8761122518822724,10.24472337143258,0,2.4027457900181783,2.9284131411475416,3.274007524680643,0,320.0,5.771441123130016,0.01797956736177575
607,EP4283914A2,20231129,1.2724960430110448,1,2,2,0,27,,9,0,0,6.0,5.0,20231027,20240214,1.0,0.0,20231129,2,2,27,0,,,,EP,1,0,0,0,0,0,0,0,0,0,2023,11,765,2.0944558521560577,0,0,3.332204510175204,2.302585092994046,0,2.184804928131417,1.8836413415468858,110,0.30116358658453113,14.956492066200308,0,2.6540470988074722,2.834745250758191,2.603748679578577,0,110.0,4.709530201312334,0.04242820001182283
608,EP4282813A2,20231129,1.3067905902313124,1,2,24,0,8,,9,0,0,13.0,9.0,20231027,20240918,1.0,0.0,20231129,2,24,8,0,,,,EP,1,0,0,0,0,0,0,0,0,0,2023,11,765,2.0944558521560577,0,0,2.1972245773362196,2.302585092994046,0,2.184804928131417,1.2895277207392197,327,0.8952772073921971,13.061687641840315,0,2.68834164602774,3.2255079704630583,3.1978623003862428,0,327.0,5.793013608384144,0.017661626854829707
609,EP4283575A2,20231129,1.5302450592368366,2,2,24,0,21,,7,0,0,46.0,19.0,20231027,20251203,1.0,1.0,20231129,2,24,21,0,,,,EP,1,0,0,0,0,0,0,0,0,0,2023,11,765,2.0944558521560577,0,0,3.091042453358316,2.0794415416798357,0,2.184804928131417,0.08213552361396304,768,2.102669404517454,20.88375128181225,1,2.7779099842447383,4.439511626955211,4.182110946197289,2,768.0,6.645090969505644,0.008641210623544402
610,EP4293033A2,20231220,1.3393002078649034,1,2,6,0,21,,20,0,0,16.0,8.0,20231117,20250312,1.0,0.0,20231220,2,6,21,0,,,,EP,1,0,0,0,0,0,0,0,0,0,2023,12,744,2.0369609856262834,0,0,3.091042453358316,3.044522437723423,0,2.127310061601643,0.810403832991102,481,1.3169062286105406,11.292208105888605,1,3.166013670498957,4.356157407665282,4.361428666333964,2,481.0,6.1779441140506,0.012817311439939005
611,EP4282320A2,20231129,1.244163871684294,1,2,2,0,24,,9,0,0,14.0,10.0,20231027,20250730,1.0,0.0,20231129,2,2,24,0,,,,EP,1,0,0,0,0,0,0,0,0,0,2023,11,765,2.0944558521560577,0,0,3.2188758248682006,2.302585092994046,0,2.184804928131417,0.4271047227926078,642,1.757700205338809,7.536199845252569,1,2.6257149274807214,4.080335050684007,4.060285298332855,1,642.0,6.466144724237619,0.010056212634895208
612,EP4282703A2,20231129,1.2999423130144299,1,2,4,0,22,,6,0,0,20.0,10.0,20231027,20251105,1.0,0.0,20231129,2,4,22,0,,,,EP,1,0,0,0,0,0,0,0,0,0,2023,11,765,2.0944558521560577,0,0,3.1354942159291497,1.9459101490553132,0,2.184804928131417,0.15879534565366188,740,2.026009582477755,9.407295322108109,1,2.467488402447618,4.083094151934271,3.9719197315330685,1,740.0,6.608000625296087,0.008917679656270022
613,EP4283550A2,20231129,1.382502734732074,2,2,4,0,31,,38,0,0,29.0,15.0,20231027,20251218,1.0,0.0,20231129,2,4,31,0,,,,EP,1,0,0,0,0,0,0,0,0,0,2023,11,765,2.0944558521560577,0,0,3.4657359027997265,3.6635616461296463,0,2.184804928131417,0.04106776180698152,783,2.1437371663244353,12.924865013269882,1,3.580639722409862,5.266882022204523,5.807298812454082,2,783.0,6.664409020350408,0.008500521709630622
614,EP4283685A2,20231129,1.2812493090430128,1,4,8,0,8,,10,0,0,12.0,9.0,20231027,20250219,1.0,0.0,20231129,4,8,8,0,,,,EP,1,0,0,0,0,0,0,0,0,0,2023,11,765,2.0944558521560577,0,0,2.1972245773362196,2.3978952727983707,0,2.184804928131417,0.8678986995208761,481,1.3169062286105406,8.469156079416454,1,2.7199864727220353,3.9101302098883597,3.7148015014089113,1,481.0,6.1779441140506,0.012817311439939005
615,EP4290539A2,20231213,1.2596867750852696,1,2,6,0,15,,12,0,0,13.0,9.0,20231110,20241009,1.0,0.0,20231213,2,6,15,0,,,,EP,1,0,0,0,0,0,0,0,0,0,2023,12,751,2.0561259411362083,0,0,2.772588722239781,2.5649493574615367,0,2.1464750171115674,1.2320328542094456,334,0.9144421629021219,12.81492476890898,0,2.7986563895621916,3.347321687303465,3.4793915203636585,0,334.0,5.814130531825066,0.01735561352783602
616,EP4282533A2,20231129,1.5731553953221593,2,2,20,0,28,,31,0,0,30.0,16.0,20231027,20251210,1.0,0.0,20231129,2,20,28,0,,,,EP,1,0,0,0,0,0,0,0,0,0,2023,11,765,2.0944558521560577,0,0,3.367295829986474,3.4657359027997265,0,2.184804928131417,0.06297056810403832,775,2.1218343600273784,13.502356674162842,1,3.652596937001995,5.325697553018422,5.587570262827105,2,775.0,6.654152520183219,0.008574938814669097
617,EP4289316A1,20231213,1.2194954591954188,1,2,16,0,7,,8,0,0,11.0,8.0,20231110,20250531,1.0,0.0,20231213,2,16,7,0,,,,EP,1,0,0,0,0,0,0,0,0,0,2023,12,751,2.0561259411362083,0,0,2.0794415416798357,2.1972245773362196,0,2.1464750171115674,0.5913757700205339,568,1.5550992470910336,6.64612712460196,1,2.5378302055971504,3.8708897538517704,3.752323824427253,1,568.0,6.343880434126331,0.01114917475241886
618,EP4282296A2,20231129,1.2243720950461965,1,2,4,0,16,,11,0,0,15.0,9.0,20231027,20250212,1.0,0.0,20231129,2,4,16,0,,,,EP,1,0,0,0,0,0,0,0,0,0,2023,11,765,2.0944558521560577,0,0,2.833213344056216,2.4849066497880004,0,2.184804928131417,0.8870636550308009,474,1.297741273100616,10.731599823710885,1,2.715316084918997,3.893960848779366,3.782647922888616,1,474.0,6.163314804034641,0.01297539958744135
619,EP4290797A2,20231213,1.416970347123969,2,2,14,0,18,,7,0,0,15.0,8.0,20231110,20240313,1.0,0.0,20231213,2,14,18,0,,,,EP,1,0,0,0,0,0,0,0,0,0,2023,12,751,2.0561259411362083,0,0,2.9444389791664403,2.0794415416798357,0,2.1464750171115674,1.8069815195071868,124,0.3394934976043806,34.13019778850646,0,2.6646352721318705,2.8683313706944986,2.418935039284216,0,124.0,4.8283137373023015,0.03862650989841841
620,EP4284007A2,20231129,1.2077769338907087,0,2,6,0,12,,11,0,0,17.0,11.0,20231027,20251029,1.0,0.0,20231129,2,6,12,0,,,,EP,1,0,0,0,0,0,0,0,0,0,2023,11,765,2.0944558521560577,0,0,2.5649493574615367,2.4849066497880004,0,2.184804928131417,0.17796030116358658,733,2.00684462696783,8.068938630973653,1,2.698720923763509,4.302827699944207,4.4917512767558305,2,733.0,6.598509028614515,0.008989794316913508
621,EP4290933A2,20231213,1.3531698271559582,1,2,8,0,19,,22,0,0,18.0,9.0,20231110,20241002,1.0,0.0,20231213,2,8,19,0,,,,EP,1,0,0,0,0,0,0,0,0,0,2023,12,751,2.0561259411362083,0,0,2.995732273553991,3.1354942159291497,0,2.1464750171115674,1.2511978097193703,327,0.8952772073921971,18.085413657932744,0,3.234466356713448,3.771632681148766,4.0307714233213465,1,327.0,5.793013608384144,0.017661626854829707
622,EP4282819A2,20231129,1.2005755248980996,0,2,2,0,20,,12,0,0,13.0,10.0,20231027,20241009,1.0,0.0,20231129,2,2,20,0,,,,EP,1,0,0,0,0,0,0,0,0,0,2023,11,765,2.0944558521560577,0,0,3.044522437723423,2.5649493574615367,0,2.184804928131417,1.2320328542094456,348,0.9527720739219713,12.348351862687732,0,2.7395451393750214,3.311208383728204,3.517721431383508,0,348.0,5.855071922202427,0.016776710378803517
623,EP4286711A2,20231206,0.7907218311991699,0,2,4,0,2,,7,0,0,37.0,14.0,20231103,20251209,1.0,0.0,20231206,2,4,2,0,,,,EP,1,0,0,0,0,0,0,0,0,0,2023,12,758,2.0752908966461328,0,0,1.0986122886681098,2.0794415416798357,0,2.1656399726214923,0.06570841889117043,767,2.099931553730322,16.818705080737995,1,2.038386756207071,3.698345688445264,4.179373095410158,1,767.0,6.643789733147672,0.008650767881702699
624,EP4284001A2,20231129,1.4887594580538086,2,2,6,0,39,,17,0,0,13.0,9.0,20231027,20250618,1.0,0.0,20231129,2,6,39,0,,,,EP,1,0,0,0,0,0,0,0,0,0,2023,11,765,2.0944558521560577,0,0,3.6888794541139363,2.8903717578961645,0,2.184804928131417,0.5420944558521561,600,1.6427104722792607,7.459644161659008,1,3.222982512791507,4.608608796159064,4.533082230175426,2,600.0,6.398594934535208,0.010646580589908831
625,EP4286284A2,20231206,1.2812688729638624,1,2,2,0,28,,20,0,0,42.0,11.0,20231103,20250924,1.0,0.0,20231206,2,2,28,0,,,,EP,1,0,0,0,0,0,0,0,0,0,2023,12,758,2.0752908966461328,0,0,3.367295829986474,3.044522437723423,0,2.1656399726214923,0.2737850787132101,691,1.891854893908282,21.08587333768599,1,3.1079823355979164,4.643095271942886,4.9363773316317054,2,691.0,6.539585955617669,0.009450268721990852
626,EP4283992A2,20231129,1.3712585507423745,1,2,6,0,24,,16,0,0,17.0,9.0,20231027,20240911,1.0,0.0,20231129,2,6,24,0,,,,EP,1,0,0,0,0,0,0,0,0,0,2023,11,765,2.0944558521560577,0,0,3.2188758248682006,2.833213344056216,0,2.184804928131417,1.3086926762491444,320,0.8761122518822724,17.416029731435383,0,3.0711865571761043,3.5968539083054676,3.7093255959384885,0,320.0,5.771441123130016,0.01797956736177575
627,EP4283991A2,20231129,1.3712585507423745,1,2,6,0,24,,16,0,0,17.0,9.0,20231027,20240911,1.0,0.0,20231129,2,6,24,0,,,,EP,1,0,0,0,0,0,0,0,0,0,2023,11,765,2.0944558521560577,0,0,3.2188758248682006,2.833213344056216,0,2.184804928131417,1.3086926762491444,320,0.8761122518822724,17.416029731435383,0,3.0711865571761043,3.5968539083054676,3.7093255959384885,0,320.0,5.771441123130016,0.01797956736177575
628,EP4289482A2,20231213,1.5343398472522973,2,2,6,0,47,,11,0,0,22.0,12.0,20231110,20251126,1.0,0.0,20231213,2,6,47,0,,,,EP,1,0,0,0,0,0,0,0,0,0,2023,12,751,2.0561259411362083,0,0,3.871201010907891,2.4849066497880004,0,2.1464750171115674,0.10130047912388775,747,2.0451745379876796,10.255575763377045,1,3.025283837125097,4.652388559917705,4.53008118777568,2,747.0,6.617402977974478,0.00884679542509957
629,EP4282701A2,20231129,1.2243720950461965,1,2,4,0,16,,6,0,0,17.0,10.0,20231027,20251001,1.0,0.0,20231129,2,4,16,0,,,,EP,1,0,0,0,0,0,0,0,0,0,2023,11,765,2.0944558521560577,0,0,2.833213344056216,1.9459101490553132,0,2.184804928131417,0.2546201232032854,705,1.9301848049281314,8.373621927783958,1,2.391918184479384,3.950029067436263,3.8760949539834444,1,705.0,6.559615237493242,0.009291239713163231
630,EP4283673A2,20231129,1.462733559888747,2,2,8,0,30,,6,0,0,13.0,9.0,20231027,20240424,1.0,0.0,20231129,2,8,30,0,,,,EP,1,0,0,0,0,0,0,0,0,0,2023,11,765,2.0944558521560577,0,0,3.4339872044851463,1.9459101490553132,0,2.184804928131417,1.6919917864476386,180,0.4928131416837782,21.92933841357811,0,2.6302796493219347,2.9259675343322016,2.4387232907390914,0,180.0,5.198497031265826,0.028720978073291856
631,EP4282371A2,20231129,1.2755747024521673,1,2,10,0,12,,13,0,0,13.0,9.0,20231027,20241016,1.0,0.0,20231129,2,10,12,0,,,,EP,1,0,0,0,0,0,0,0,0,0,2023,11,765,2.0944558521560577,0,0,2.5649493574615367,2.6390573296152584,0,2.184804928131417,1.212867898699521,355,0.971937029431896,12.127578060149416,0,2.8590091002213223,3.44217131788046,3.6109943590471545,0,355.0,5.87493073085203,0.016502614412505702
632,EP4289420A2,20231213,1.4858268899215008,2,2,8,0,33,,15,0,0,34.0,9.0,20231110,20250409,1.0,0.0,20231213,2,8,33,0,,,,EP,1,0,0,0,0,0,0,0,0,0,2023,12,751,2.0561259411362083,0,0,3.5263605246161616,2.772588722239781,0,2.1464750171115674,0.7337440109514032,516,1.4127310061601643,22.47590606759875,1,3.1493801232653693,4.397018726961468,4.1853197283999455,2,516.0,6.248042874508429,0.012085189312395415
633,EP4282465A2,20231129,1.060671577914244,0,2,2,0,11,,11,0,0,29.0,16.0,20231027,20250924,1.0,0.0,20231129,2,2,11,0,,,,EP,1,0,0,0,0,0,0,0,0,0,2023,11,765,2.0944558521560577,0,0,2.4849066497880004,2.4849066497880004,0,2.184804928131417,0.2737850787132101,698,1.9110198494182067,14.4205438889078,1,2.551615567787044,4.098227477437968,4.395926499206207,1,698.0,6.54965074223381,0.009370029674154234
634,EP4282449A2,20231129,1.5478523552934154,2,2,4,0,61,,12,0,0,18.0,9.0,20231027,20241002,1.0,0.0,20231129,2,4,61,0,,,,EP,1,0,0,0,0,0,0,0,0,0,2023,11,765,2.0944558521560577,0,0,4.127134385045092,2.5649493574615367,0,2.184804928131417,1.2511978097193703,341,0.9336071184120466,17.414740745645982,0,3.0868219697703374,3.646986240817565,3.4985564758735834,1,341.0,5.834810737062605,0.01706085010837019
635,EP4283930A2,20231129,1.2092159395920876,0,2,4,0,15,,9,0,0,18.0,10.0,20231027,20240821,1.0,0.0,20231129,2,4,15,0,,,,EP,1,0,0,0,0,0,0,0,0,0,2023,11,765,2.0944558521560577,0,0,2.772588722239781,2.302585092994046,0,2.184804928131417,1.3661875427789185,299,0.8186173853524983,19.59466507711795,0,2.590766995388515,3.081937426600014,3.121202478346544,0,299.0,5.703782474656201,0.019012608248854004
636,EP4289969A2,20231213,1.2565068755808704,1,2,14,0,9,,23,0,0,17.0,8.0,20231110,20250122,1.0,0.0,20231213,2,14,9,0,,,,EP,1,0,0,0,0,0,0,0,0,0,2023,12,751,2.0561259411362083,0,0,2.302585092994046,3.1780538303479458,0,2.1464750171115674,0.944558521560575,439,1.2019164955509924,13.057673098154671,1,3.1633391737896375,4.284489071120233,4.379970325898938,1,439.0,6.0867747269123065,0.013833578924800697
637,EP4283616A2,20231129,1.2803344205319516,1,2,14,0,10,,25,0,0,47.0,16.0,20231027,20251017,1.0,0.0,20231129,2,14,10,0,,,,EP,1,0,0,0,0,0,0,0,0,0,2023,11,765,2.0944558521560577,0,0,2.3978952727983707,3.258096538021482,0,2.184804928131417,0.2108145106091718,721,1.9739904175222451,22.66162832909805,1,3.235192343344841,4.8195865938581886,5.2320869555437275,2,721.0,6.582025138892826,0.009116378308715825
638,EP4283951A2,20231129,1.3220979416977432,1,2,14,0,12,,9,0,0,9.0,7.0,20231027,20240221,1.0,0.0,20231129,2,14,12,0,,,,EP,1,0,0,0,0,0,0,0,0,0,2023,11,765,2.0944558521560577,0,0,2.5649493574615367,2.302585092994046,0,2.184804928131417,1.864476386036961,117,0.3203285420944558,21.411822178798243,0,2.7036489974941706,2.8958461227508443,2.622913635088502,0,117.0,4.770684624465665,0.04042953071581072
639,EP4282715A2,20231129,1.203710576967053,0,2,8,0,10,,11,0,0,15.0,10.0,20231027,20251119,1.0,0.0,20231129,2,8,10,0,,,,EP,1,0,0,0,0,0,0,0,0,0,2023,11,765,2.0944558521560577,0,0,2.3978952727983707,2.4849066497880004,0,2.184804928131417,0.12046543463381246,754,2.0643394934976045,6.930520856392903,1,2.694654566839853,4.333258262938416,4.549246143285605,2,754.0,6.626717749249025,0.008777109601654337
640,EP4282333A2,20231129,1.080682254832628,0,2,2,0,12,,6,0,0,52.0,15.0,20231027,20251028,1.0,0.0,20231129,2,2,12,0,,,,EP,1,0,0,0,0,0,0,0,0,0,2023,11,765,2.0944558521560577,0,0,2.5649493574615367,1.9459101490553132,0,2.184804928131417,0.1806981519507187,732,2.004106776180698,24.713574704791647,1,2.248228344265816,3.850692409974235,3.950016925236011,1,732.0,6.597145701886651,0.009000198774743043
641,EP4297084A2,20231227,1.453621215671938,2,2,14,0,21,,10,0,0,13.0,9.0,20231124,20241030,1.0,0.0,20231227,2,14,21,0,,,,EP,1,0,0,0,0,0,0,0,0,0,2023,12,737,2.0177960301163584,0,0,3.091042453358316,2.3978952727983707,0,2.108145106091718,1.1745379876796715,341,0.9336071184120466,12.577312760744322,0,2.89235837935096,3.452522650398188,3.3315023912104174,0,341.0,5.834810737062605,0.01706085010837019
642,EP4285724A2,20231206,1.142185867773836,0,2,6,0,9,,8,0,0,18.0,10.0,20231103,20251224,1.0,0.0,20231206,2,6,9,0,,,,EP,1,0,0,0,0,0,0,0,0,0,2023,12,758,2.0752908966461328,0,0,2.302585092994046,2.1972245773362196,0,2.1656399726214923,0.024640657084188913,782,2.1409993155373033,8.03213096728872,1,2.4605206141755676,4.1451202034979495,4.338223892873523,1,782.0,6.663132695990803,0.008509748015313925
643,EP4282295A2,20231129,1.1240971441874192,0,2,8,0,7,,18,0,0,18.0,11.0,20231027,20250319,1.0,0.0,20231129,2,8,7,0,,,,EP,1,0,0,0,0,0,0,0,0,0,2023,11,765,2.0944558521560577,0,0,2.0794415416798357,2.9444389791664403,0,2.184804928131417,0.7912388774811773,509,1.3935660506502396,12.051693322945784,1,2.8907605316872833,4.126900162077427,4.33800502981668,1,509.0,6.234410725718371,0.012224334756310531
644,EP4283900A2,20231129,1.4582965795878653,2,2,10,0,26,,11,0,0,12.0,8.0,20231027,20240228,1.0,0.0,20231129,2,10,26,0,,,,EP,1,0,0,0,0,0,0,0,0,0,2023,11,765,2.0944558521560577,0,0,3.295836866004329,2.4849066497880004,0,2.184804928131417,1.8453114305270362,124,0.3394934976043806,27.304158230805168,0,2.9492405694606654,3.1529366680232935,2.8244001473923808,0,124.0,4.8283137373023015,0.03862650989841841
645,EP4283686A2,20231129,1.3865756999273482,2,4,12,0,10,,9,0,0,36.0,15.0,20231027,20251215,1.0,0.0,20231129,4,12,10,0,,,,EP,1,0,0,0,0,0,0,0,0,0,2023,11,765,2.0944558521560577,0,0,2.3978952727983707,2.302585092994046,0,2.184804928131417,0.049281314168377825,780,2.135523613963039,16.103609809864974,1,2.7681267557237756,4.4494409241016,4.438108706957085,2,780.0,6.660575149839686,0.008528265236670532
646,EP4283383A2,20231129,1.3901956493987626,2,2,4,0,32,,22,0,0,14.0,10.0,20231027,20240925,1.0,0.0,20231129,2,4,32,0,,,,EP,1,0,0,0,0,0,0,0,0,0,2023,11,765,2.0944558521560577,0,0,3.4965075614664802,3.1354942159291497,0,2.184804928131417,1.270362765229295,334,0.9144421629021219,13.80068821267121,0,3.2714921789562523,3.8201574766975255,4.049936378831272,1,334.0,5.814130531825066,0.01735561352783602
647,EP4285739A2,20231206,1.2435521448008768,1,2,6,0,14,,12,0,0,11.0,8.0,20231103,20240821,1.0,0.0,20231206,2,6,14,0,,,,EP,1,0,0,0,0,0,0,0,0,0,2023,12,758,2.0752908966461328,0,0,2.70805020110221,2.5649493574615367,0,2.1656399726214923,1.3661875427789185,292,0.7994524298425736,12.229662887147096,0,2.782521759277799,3.262193217183343,3.3644017873041103,0,292.0,5.680172609017068,0.019386254638283508
648,EP4293319A2,20231220,1.5264566222959446,2,2,8,0,39,,15,0,0,18.0,10.0,20231117,20250618,1.0,0.0,20231220,2,8,39,0,,,,EP,1,0,0,0,0,0,0,0,0,0,2023,12,744,2.0369609856262834,0,0,3.6888794541139363,2.772588722239781,0,2.127310061601643,0.5420944558521561,579,1.5852156057494866,10.681125868161326,1,3.190009855639813,4.541139219089505,4.3578043279892675,2,579.0,6.363028103540465,0.010970738109552526
649,EP4289299A2,20231213,1.2261182666196873,1,3,10,0,7,,5,0,0,12.0,8.0,20231110,20240313,1.0,0.0,20231213,3,10,7,0,,,,EP,1,0,0,0,0,0,0,0,0,0,2023,12,751,2.0561259411362083,0,0,2.0794415416798357,1.791759469228055,0,2.1464750171115674,1.8069815195071868,124,0.3394934976043806,27.304158230805168,0,2.30117394815652,2.504870046719148,2.1312529668324354,0,124.0,4.8283137373023015,0.03862650989841841
650,EP4283913A2,20231129,1.3393002078649034,1,2,6,0,21,,15,0,0,15.0,8.0,20231027,20240313,1.0,0.0,20231129,2,6,21,0,,,,EP,1,0,0,0,0,0,0,0,0,0,2023,11,765,2.0944558521560577,0,0,3.091042453358316,2.772588722239781,0,2.184804928131417,1.8069815195071868,138,0.37782340862423,31.39235066609368,0,3.002853441208772,3.2295474863833102,3.150412130864011,0,138.0,4.9344739331306915,0.03549981246856613
651,EP4286529A2,20231206,1.4297936707208567,2,2,14,0,19,,16,0,0,10.0,8.0,20231103,20241030,1.0,0.0,20231206,2,14,19,0,,,,EP,1,0,0,0,0,0,0,0,0,0,2023,12,758,2.0752908966461328,0,0,2.995732273553991,2.833213344056216,0,2.1656399726214923,1.1745379876796715,362,0.9911019849418207,9.165046107521485,0,3.1297216771545866,3.724382868119679,3.8243153289980367,1,362.0,5.8944028342648505,0.01623802433681777
652,EP4286360A2,20231206,1.5068396234487151,2,2,6,0,42,,16,0,0,16.0,9.0,20231103,20241016,1.0,0.0,20231206,2,6,42,0,,,,EP,1,0,0,0,0,0,0,0,0,0,2023,12,758,2.0752908966461328,0,0,3.7612001156935624,2.833213344056216,0,2.1656399726214923,1.212867898699521,348,0.9527720739219713,15.197971523307977,0,3.206767629882445,3.7784308742356276,3.7859854179781873,1,348.0,5.855071922202427,0.016776710378803517
653,EP4286941A2,20231206,1.5056642564410603,2,2,50,0,12,,44,0,0,14.0,10.0,20231103,20240828,1.0,0.0,20231206,2,50,12,0,,,,EP,1,0,0,0,0,0,0,0,0,0,2023,12,758,2.0752908966461328,0,0,2.5649493574615367,3.8066624897703196,0,2.1656399726214923,1.3470225872689938,299,0.8186173853524983,15.240295059980628,0,3.789661750303252,4.280832181514751,4.625279875122818,1,299.0,5.703782474656201,0.019012608248854004
654,EP4292649A2,20231220,1.226303926929139,1,2,6,0,13,,22,0,0,14.0,8.0,20231117,20240221,1.0,0.0,20231220,2,6,13,0,,,,EP,1,0,0,0,0,0,0,0,0,0,2023,12,744,2.0369609856262834,0,0,2.6390573296152584,3.1354942159291497,0,2.127310061601643,1.864476386036961,96,0.26283367556468173,38.58517260894171,0,3.1076004564866286,3.265300661825438,3.3983278914938313,0,96.0,4.574710978503383,0.04716196885055034
655,EP4295694A2,20231227,1.1798830320159719,0,2,8,0,9,,15,0,0,14.0,8.0,20231124,20241002,1.0,0.0,20231227,2,8,9,0,,,,EP,1,0,0,0,0,0,0,0,0,0,2023,12,737,2.0177960301163584,0,0,2.302585092994046,2.772588722239781,0,2.108145106091718,1.2511978097193703,313,0.8569472963723477,14.629854802946857,0,2.8434362653598404,3.357604643183249,3.6295360186121286,0,313.0,5.749392985908253,0.018310168744930744
656,EP4286508A2,20231206,1.4641144320033082,2,2,12,0,24,,29,0,0,14.0,9.0,20231103,20240821,1.0,0.0,20231206,2,12,24,0,,,,EP,1,0,0,0,0,0,0,0,0,0,2023,12,758,2.0752908966461328,0,0,3.2188758248682006,3.4011973816621555,0,2.1656399726214923,1.3661875427789185,292,0.7994524298425736,15.56502549273267,0,3.5048328610006014,3.9845043189061453,4.200649811504729,1,292.0,5.680172609017068,0.019386254638283508
657,EP4283495A2,20231129,1.4083285441747555,2,2,12,0,19,,8,0,0,27.0,15.0,20231027,20251210,1.0,0.0,20231129,2,12,19,0,,,,EP,1,0,0,0,0,0,0,0,0,0,2023,11,765,2.0944558521560577,0,0,2.995732273553991,2.1972245773362196,0,2.184804928131417,0.06297056810403832,775,2.1218343600273784,12.152121006746558,1,2.726663290576487,4.399763906592915,4.319058937363598,2,775.0,6.654152520183219,0.008574938814669097
658,EP4283452A2,20231129,1.175833091435957,0,2,4,0,13,,6,0,0,19.0,9.0,20231027,20250827,1.0,0.0,20231129,2,4,13,0,,,,EP,1,0,0,0,0,0,0,0,0,0,2023,11,765,2.0944558521560577,0,0,2.6390573296152584,1.9459101490553132,0,2.184804928131417,0.35044490075290896,670,1.834360027378508,9.822370050599766,1,2.343379180869145,3.8439951972962496,3.780270176433821,1,670.0,6.508769136971682,0.009700103035725308
659,EP4282359A2,20231129,1.060671577914244,0,2,2,0,11,,8,0,0,12.0,9.0,20231027,20251008,1.0,0.0,20231129,2,2,11,0,,,,EP,1,0,0,0,0,0,0,0,0,0,2023,11,765,2.0944558521560577,0,0,2.4849066497880004,2.1972245773362196,0,2.184804928131417,0.23545516769336072,712,1.949349760438056,5.8555158478340745,1,2.3790063243159754,3.9486161805788087,4.146574337774275,1,712.0,6.569481420414296,0.009213858934662407
660,EP4283197A2,20231129,0.9593053008872028,0,2,2,0,7,,6,0,0,34.0,16.0,20231027,20251215,1.0,0.0,20231129,2,2,7,0,,,,EP,1,0,0,0,0,0,0,0,0,0,2023,11,765,2.0944558521560577,0,0,2.0794415416798357,1.9459101490553132,0,2.184804928131417,0.049281314168377825,780,2.135523613963039,15.208964820428031,1,2.1268513903203905,3.808165558698214,4.081433763018352,1,780.0,6.660575149839686,0.008528265236670532
661,EP4285763A2,20231206,1.2596867750852696,1,2,6,0,15,,16,0,0,11.0,9.0,20231103,20240828,1.0,0.0,20231206,2,6,15,0,,,,EP,1,0,0,0,0,0,0,0,0,0,2023,12,758,2.0752908966461328,0,0,2.772588722239781,2.833213344056216,0,2.1656399726214923,1.3470225872689938,299,0.8186173853524983,11.974517547127636,0,2.959614781518999,3.450785212730498,3.6518307294087142,0,299.0,5.703782474656201,0.019012608248854004
662,EP4284015A2,20231129,1.3881103127497478,2,2,8,0,22,,9,0,0,14.0,10.0,20231027,20250618,1.0,0.0,20231129,2,8,22,0,,,,EP,1,0,0,0,0,0,0,0,0,0,2023,11,765,2.0944558521560577,0,0,3.1354942159291497,2.302585092994046,0,2.184804928131417,0.5420944558521561,600,1.6427104722792607,8.033462943325086,1,2.769661368546175,4.155287651913731,3.9452955652733066,1,600.0,6.398594934535208,0.010646580589908831
663,EP4293516A2,20231220,1.2005755248980996,0,2,2,0,20,,17,0,0,18.0,8.0,20231117,20241225,1.0,0.0,20231220,2,2,20,0,,,,EP,1,0,0,0,0,0,0,0,0,0,2023,12,744,2.0369609856262834,0,0,3.044522437723423,2.8903717578961645,0,2.127310061601643,1.0212183436002737,404,1.106091718001369,14.92423812496453,0,2.9347985796357983,3.5984536104366196,3.9964634758975333,0,404.0,6.003887067106539,0.014824412511374169
664,EP4290260A2,20231213,1.061754953894783,0,2,12,0,4,,8,0,0,12.0,9.0,20231110,20240925,1.0,0.0,20231213,2,12,4,0,,,,EP,1,0,0,0,0,0,0,0,0,0,2023,12,751,2.0561259411362083,0,0,1.6094379124341003,2.1972245773362196,0,2.1464750171115674,1.270362765229295,320,0.8761122518822724,12.293668045719095,0,2.380089700296515,2.905757051425878,3.073336829218492,0,320.0,5.771441123130016,0.01797956736177575
665,EP4283799A2,20231129,1.7170206981583658,2,2,10,0,75,,60,0,0,58.0,19.0,20231027,20251224,1.0,1.0,20231129,2,10,75,0,,,,EP,1,0,0,0,0,0,0,0,0,0,2023,11,765,2.0944558521560577,0,0,4.330733340286331,4.110873864173311,0,2.184804928131417,0.024640657084188913,789,2.1601642710472277,25.661851549014266,1,4.183545016662353,5.87964357929069,6.2710381352205395,2,789.0,6.672032945461067,0.00844561132336844
666,EP4286008A2,20231206,1.4254652989637389,2,2,4,0,37,,18,0,0,15.0,9.0,20231103,20240925,1.0,0.0,20231206,2,4,37,0,,,,EP,1,0,0,0,0,0,0,0,0,0,2023,12,758,2.0752908966461328,0,0,3.6375861597263857,2.9444389791664403,0,2.1656399726214923,1.270362765229295,327,0.8952772073921971,15.071178048277286,0,3.1921286864636027,3.729295010898921,3.839716186558637,1,327.0,5.793013608384144,0.017661626854829707
667,EP4282309A2,20231129,0.9259224527310722,0,2,2,0,6,,7,0,0,57.0,16.0,20231027,20251205,1.0,1.0,20231129,2,2,6,0,,,,EP,1,0,0,0,0,0,0,0,0,0,2023,11,765,2.0944558521560577,0,0,1.9459101490553132,2.0794415416798357,0,2.184804928131417,0.07665982203969883,770,2.108145106091718,25.813520969591767,1,2.173587377738974,3.838474441394004,4.187586647771553,1,770.0,6.647688373563329,0.00862216390864245
668,EP4282705A2,20231129,0.8626423493121151,0,2,4,0,3,,9,0,0,19.0,11.0,20231027,20251008,1.0,0.0,20231129,2,4,3,0,,,,EP,1,0,0,0,0,0,0,0,0,0,2023,11,765,2.0944558521560577,0,0,1.3862943611198906,2.302585092994046,0,2.184804928131417,0.23545516769336072,712,1.949349760438056,9.271233425737284,1,2.2441934051085424,3.8138032613713757,4.251934853432102,1,712.0,6.569481420414296,0.009213858934662407
669,EP4285767A2,20231206,1.166013412724917,0,2,6,0,10,,9,0,0,22.0,13.0,20231103,20251029,1.0,0.0,20231206,2,6,10,0,,,,EP,1,0,0,0,0,0,0,0,0,0,2023,12,758,2.0752908966461328,0,0,2.3978952727983707,2.302585092994046,0,2.1656399726214923,0.17796030116358658,726,1.9876796714579055,10.53801514704436,1,2.5475644685213448,4.1401722713960885,4.290264764451951,1,726.0,6.588926477533519,0.009063172596332214
670,EP4284044A2,20231129,1.2254634212144606,1,2,8,0,11,,21,0,0,33.0,15.0,20231027,20251022,1.0,0.0,20231129,2,8,11,0,,,,EP,1,0,0,0,0,0,0,0,0,0,2023,11,765,2.0944558521560577,0,0,2.4849066497880004,3.091042453358316,0,2.184804928131417,0.1971252566735113,726,1.9876796714579055,15.80702272056654,1,3.0800888932294503,4.672696696104194,5.078722124816221,2,726.0,6.588926477533519,0.009063172596332214
671,EP4285766A2,20231206,1.166013412724917,0,2,6,0,10,,9,0,0,31.0,15.0,20231103,20251127,1.0,0.0,20231206,2,6,10,0,,,,EP,1,0,0,0,0,0,0,0,0,0,2023,12,758,2.0752908966461328,0,0,2.3978952727983707,2.302585092994046,0,2.1656399726214923,0.09856262833675565,755,2.0670773442847366,14.304980891317392,1,2.5475644685213448,4.187810875092187,4.369662437278782,1,755.0,6.628041376179533,0.008767250497591975
672,EP4284075A2,20231129,1.244163871684294,1,2,2,0,24,,23,0,0,14.0,9.0,20231027,20240501,1.0,0.0,20231129,2,2,24,0,,,,EP,1,0,0,0,0,0,0,0,0,0,2023,11,765,2.0944558521560577,0,0,3.2188758248682006,3.1780538303479458,0,2.184804928131417,1.672826830937714,187,0.5119780971937029,22.876635723073484,0,3.1509961698930615,3.4581830282092834,3.6900319275416487,0,187.0,5.236441962829949,0.027853414695903984
673,EP4284105A2,20231129,1.3210350466212843,1,2,2,0,33,,24,0,0,16.0,10.0,20231027,20251224,1.0,0.0,20231129,2,2,33,0,,,,EP,1,0,0,0,0,0,0,0,0,0,2023,11,765,2.0944558521560577,0,0,3.5263605246161616,3.2188758248682006,0,2.184804928131417,0.024640657084188913,789,2.1601642710472277,7.079131461797038,1,3.2523605415422043,4.948459104170541,5.379040095915428,2,789.0,6.672032945461067,0.00844561132336844
674,EP4296824A2,20231227,1.1158457388593792,0,2,6,0,8,,5,0,0,26.0,13.0,20231124,20251224,1.0,0.0,20231227,2,6,8,0,,,,EP,1,0,0,0,0,0,0,0,0,0,2023,12,737,2.0177960301163584,0,0,2.1972245773362196,1.791759469228055,0,2.108145106091718,0.024640657084188913,761,2.083504449007529,11.907463715870977,1,2.1909014203962123,3.84100408980073,3.875263918235584,1,761.0,6.635946555686647,0.00870859128042867
675,EP4297349A2,20231227,1.115542577231735,0,2,4,0,10,,8,0,0,20.0,12.0,20231124,20251203,1.0,0.0,20231227,2,4,10,0,,,,EP,1,0,0,0,0,0,0,0,0,0,2023,12,737,2.0177960301163584,0,0,2.3978952727983707,2.1972245773362196,0,2.108145106091718,0.08213552361396304,740,2.026009582477755,9.407295322108109,1,2.4338773236334665,4.04948307312012,4.223234159813975,1,740.0,6.608000625296087,0.008917679656270022
676,EP4282842A2,20231129,1.1158457388593792,0,2,6,0,8,,31,0,0,9.0,7.0,20231027,20240313,1.0,0.0,20231129,2,6,8,0,,,,EP,1,0,0,0,0,0,0,0,0,0,2023,11,765,2.0944558521560577,0,0,2.1972245773362196,3.4657359027997265,0,2.184804928131417,1.8069815195071868,138,0.37782340862423,18.835410399656208,0,3.195287280539215,3.421981325713753,3.8435593114239563,0,138.0,4.9344739331306915,0.03549981246856613
677,EP4283995A2,20231129,1.416970347123969,2,2,14,0,18,,26,0,0,14.0,9.0,20231027,20240918,1.0,0.0,20231129,2,14,18,0,,,,EP,1,0,0,0,0,0,0,0,0,0,2023,11,765,2.0944558521560577,0,0,2.9444389791664403,3.295836866004329,0,2.184804928131417,1.2895277207392197,327,0.8952772073921971,14.0664328450588,0,3.394472466726566,3.9316387911618844,4.191114073396526,1,327.0,5.793013608384144,0.017661626854829707
678,EP4295819A2,20231227,1.1190632657997472,0,2,5,0,9,,8,0,0,17.0,10.0,20231124,20251224,1.0,0.0,20231227,2,5,9,0,,,,EP,1,0,0,0,0,0,0,0,0,0,2023,12,737,2.0177960301163584,0,0,2.302585092994046,2.1972245773362196,0,2.108145106091718,0.024640657084188913,761,2.083504449007529,7.785649352684869,1,2.437398012201479,4.087500681605997,4.2807290263437485,1,761.0,6.635946555686647,0.00870859128042867
679,EP4283802A2,20231129,1.2812493090430128,1,2,8,0,14,,7,0,0,77.0,17.0,20231027,20251208,1.0,1.0,20231129,2,8,14,0,,,,EP,1,0,0,0,0,0,0,0,0,0,2023,11,765,2.0944558521560577,0,0,2.70805020110221,2.0794415416798357,0,2.184804928131417,0.06844626967830253,773,2.116358658453114,34.741669497544855,1,2.528914234050914,4.198729429122783,4.19580020013295,1,773.0,6.651571873589727,0.008593762110581044
680,EP4282285A2,20231129,1.3276702039561803,1,2,6,0,20,,19,0,0,49.0,19.0,20231027,20251224,1.0,1.0,20231129,2,6,20,0,,,,EP,1,0,0,0,0,0,0,0,0,0,2023,11,765,2.0944558521560577,0,0,3.044522437723423,2.995732273553991,0,2.184804928131417,0.024640657084188913,789,2.1601642710472277,21.67984010175343,1,3.1251095680885745,4.8212081307169115,5.155896544601219,2,789.0,6.672032945461067,0.00844561132336844
681,EP4287763A2,20231206,1.1883779838557416,0,2,2,0,19,,7,0,0,16.0,10.0,20231103,20250827,1.0,0.0,20231206,2,2,19,0,,,,EP,1,0,0,0,0,0,0,0,0,0,2023,12,758,2.0752908966461328,0,0,2.995732273553991,2.0794415416798357,0,2.1656399726214923,0.35044490075290896,663,1.8151950718685832,8.354240377398948,1,2.436042908863643,3.9251599519847926,3.894636613548419,1,663.0,6.498282149476434,0.009786569502223544
682,EP4284115A2,20231129,1.3393002078649034,1,2,6,0,21,,14,0,0,21.0,12.0,20231027,20251112,1.0,0.0,20231129,2,6,21,0,,,,EP,1,0,0,0,0,0,0,0,0,0,2023,11,765,2.0944558521560577,0,0,3.091042453358316,2.70805020110221,0,2.184804928131417,0.13963039014373715,747,2.0451745379876796,9.78941322867809,1,2.9641303285262293,4.591235051318837,4.753224739089889,2,747.0,6.617402977974478,0.00884679542509957
683,EP4295933A2,20231227,1.3403465035590705,1,2,8,0,18,,4,0,0,51.0,16.0,20231124,20251101,1.0,0.0,20231227,2,8,18,0,,,,EP,1,0,0,0,0,0,0,0,0,0,2023,12,737,2.0177960301163584,0,0,2.9444389791664403,1.6094379124341003,0,2.108145106091718,0.1697467488021903,708,1.9383983572895278,25.019643396796617,1,2.3060092510195305,3.8690482653932468,3.547836269723628,1,708.0,6.5638555265321274,0.009257906243345737
684,EP4283563A2,20231129,1.5596655765060516,2,2,4,0,64,,26,0,0,21.0,9.0,20231027,20250423,1.0,0.0,20231129,2,4,64,0,,,,EP,1,0,0,0,0,0,0,0,0,0,2023,11,765,2.0944558521560577,0,0,4.174387269895637,3.295836866004329,0,2.184804928131417,0.6954140999315537,544,1.4893908281998631,13.212609276086301,1,3.537167696108649,4.830802193028568,4.785227694204192,2,544.0,6.300785794663244,0.011561074852593108
685,EP4282261A2,20231129,1.10405803617723,0,2,24,0,3,,5,0,0,12.0,9.0,20231027,20240724,1.0,0.0,20231129,2,24,3,0,,,,EP,1,0,0,0,0,0,0,0,0,0,2023,11,765,2.0944558521560577,0,0,1.3862943611198906,1.791759469228055,0,2.184804928131417,1.4428473648186173,271,0.7419575633127995,14.252499796764491,0,2.179113717714063,2.6242882557017424,2.5337170325408547,0,271.0,5.605802066295998,0.020609566420205873
686,EP4283990A2,20231129,1.3578731526079113,1,2,14,0,14,,25,0,0,14.0,9.0,20231027,20240918,1.0,0.0,20231129,2,14,14,0,,,,EP,1,0,0,0,0,0,0,0,0,0,2023,11,765,2.0944558521560577,0,0,2.70805020110221,3.258096538021482,0,2.184804928131417,1.2895277207392197,327,0.8952772073921971,14.0664328450588,0,3.3127310754208006,3.849897399856119,4.153373745413679,1,327.0,5.793013608384144,0.017661626854829707
687,EP4282343A2,20231129,1.5683728908334422,2,2,6,0,54,,9,0,0,17.0,8.0,20231027,20241218,1.0,0.0,20231129,2,6,54,0,,,,EP,1,0,0,0,0,0,0,0,0,0,2023,11,765,2.0944558521560577,0,0,4.007333185232471,2.302585092994046,0,2.184804928131417,1.0403832991101984,418,1.1444216290212184,13.660964743413453,0,2.9499239466298697,3.6365769240426005,3.4470067220152645,0,418.0,6.037870919922137,0.014410193126305816
688,EP4282978A2,20231129,1.8011096944629719,2,4,8,0,71,,16,0,0,39.0,13.0,20231027,20251126,1.0,0.0,20231129,4,8,71,0,,,,EP,1,0,0,0,0,0,0,0,0,0,2023,11,765,2.0944558521560577,0,0,4.276666119016055,2.833213344056216,0,2.184804928131417,0.10130047912388775,761,2.083504449007529,17.861195573806466,1,3.5010377008967017,5.15114037030122,4.916717793063745,2,761.0,6.635946555686647,0.00870859128042867
689,EP4295892A2,20231227,1.1930813093076948,0,2,4,0,14,,6,0,0,34.0,13.0,20231124,20251105,1.0,0.0,20231227,2,4,14,0,,,,EP,1,0,0,0,0,0,0,0,0,0,2023,12,737,2.0177960301163584,0,0,2.70805020110221,1.9459101490553132,0,2.108145106091718,0.15879534565366188,712,1.949349760438056,16.590628235529877,1,2.360627398740883,3.9302372550037163,3.8952599094933693,1,712.0,6.569481420414296,0.009213858934662407
690,EP4286172A2,20231206,1.162037854941285,0,2,2,0,17,,18,0,0,17.0,9.0,20231103,20241218,1.0,0.0,20231206,2,2,17,0,,,,EP,1,0,0,0,0,0,0,0,0,0,2023,12,758,2.0752908966461328,0,0,2.8903717578961645,2.9444389791664403,0,2.1656399726214923,1.0403832991101984,411,1.1252566735112937,13.874643874643873,0,2.928701242441149,3.6038552465479254,4.0696956526777335,0,411.0,6.021023349349527,0.014614134343081375
691,EP4287714A2,20231206,1.374775479635511,1,2,32,0,9,,6,0,0,11.0,8.0,20231103,20240313,1.0,0.0,20231206,2,32,9,0,,,,EP,1,0,0,0,0,0,0,0,0,0,2023,12,758,2.0752908966461328,0,0,2.302585092994046,1.9459101490553132,0,2.1656399726214923,1.8069815195071868,131,0.3586584531143053,23.982987613788985,0,2.542321569068699,2.757516640937282,2.3045686021696183,0,131.0,4.882801922586371,0.03699092365595735
692,EP4283613A2,20231129,1.162037854941285,0,2,2,0,17,,10,0,0,13.0,9.0,20231027,20251119,1.0,0.0,20231129,2,2,17,0,,,,EP,1,0,0,0,0,0,0,0,0,0,2023,11,765,2.0944558521560577,0,0,2.8903717578961645,2.3978952727983707,0,2.184804928131417,0.12046543463381246,754,2.0643394934976045,6.006451408873849,1,2.6007750186203076,4.23937871471887,4.462234766295975,1,754.0,6.626717749249025,0.008777109601654337
693,EP4282797A2,20231129,1.2350417490347694,1,2,12,0,9,,6,0,0,14.0,9.0,20231027,20240306,1.0,0.0,20231129,2,12,9,0,,,,EP,1,0,0,0,0,0,0,0,0,0,2023,11,765,2.0944558521560577,0,0,2.302585092994046,1.9459101490553132,0,2.184804928131417,1.8261464750171115,131,0.3586584531143053,30.523802417549618,0,2.4025878384679573,2.6177829103365404,2.3045686021696183,0,131.0,4.882801922586371,0.03699092365595735
694,EP4283447A2,20231129,1.5178922769075445,2,2,12,0,30,,26,0,0,12.0,8.0,20231027,20231213,1.0,0.0,20231129,2,12,30,0,,,,EP,1,0,0,0,0,0,0,0,0,0,2023,11,765,2.0944558521560577,0,0,3.4339872044851463,3.295836866004329,0,2.184804928131417,2.0561259411362083,47,0.12867898699520877,52.47530679437294,0,3.495394396510142,3.5726017887072676,3.424515852999538,0,47.0,3.871201010907891,0.08065002106058107
695,EP4282485A2,20231129,1.4168389399408632,2,2,6,0,29,,38,0,0,19.0,9.0,20231027,20240814,1.0,0.0,20231129,2,6,29,0,,,,EP,1,0,0,0,0,0,0,0,0,0,2023,11,765,2.0944558521560577,0,0,3.4011973816621555,3.6635616461296463,0,2.184804928131417,1.3853524982888432,292,0.7994524298425736,21.123963168708624,0,3.614975927618651,4.094647385524195,4.46301407597222,1,292.0,5.680172609017068,0.019386254638283508
696,EP4286663A2,20231206,1.4621161675117076,2,2,4,0,43,,7,0,0,21.0,10.0,20231103,20250326,1.0,0.0,20231206,2,4,43,0,,,,EP,1,0,0,0,0,0,0,0,0,0,2023,12,758,2.0752908966461328,0,0,3.784189633918261,2.0794415416798357,0,2.1656399726214923,0.7720739219712526,509,1.3935660506502396,14.060308876770081,1,2.7097810925196093,3.945920722909753,3.4730075923300756,1,509.0,6.234410725718371,0.012224334756310531
697,EP4283142A2,20231129,1.750814392750429,2,2,10,0,86,,8,0,0,13.0,10.0,20231027,20250409,1.0,0.0,20231129,2,10,86,0,,,,EP,1,0,0,0,0,0,0,0,0,0,2023,11,765,2.0944558521560577,0,0,4.465908118654584,2.1972245773362196,0,2.184804928131417,0.7337440109514032,530,1.4510609171800137,8.381360045893826,1,3.0691491391521604,4.339785689460169,3.6482854945162333,2,530.0,6.274762021241939,0.011816877629457512
698,EP4282637A2,20231129,1.404905774404496,2,2,4,0,34,,9,0,0,21.0,11.0,20231027,20251015,1.0,0.0,20231129,2,4,34,0,,,,EP,1,0,0,0,0,0,0,0,0,0,2023,11,765,2.0944558521560577,0,0,3.5553480614894135,2.302585092994046,0,2.184804928131417,0.216290212183436,719,1.9685147159479808,10.15221203798683,1,2.7864568302009234,4.367565659769712,4.271099808942027,2,719.0,6.579251212010101,0.009137848905569585
699,EP4283443A2,20231129,1.5552906543266232,2,2,20,0,26,,7,0,0,15.0,9.0,20231027,20251128,1.0,0.0,20231129,2,20,26,0,,,,EP,1,0,0,0,0,0,0,0,0,0,2023,11,765,2.0944558521560577,0,0,3.295836866004329,2.0794415416798357,0,2.184804928131417,0.09582477754962354,763,2.088980150581793,6.852506175541728,1,2.8029555793345247,4.4563436696836005,4.168421692261629,2,763.0,6.638567789166521,0.00868922485493
700,EP4290813A2,20231213,1.1573060983975267,0,2,4,0,12,,6,0,0,12.0,7.0,20231110,20250122,1.0,0.0,20231213,2,4,12,0,,,,EP,1,0,0,0,0,0,0,0,0,0,2023,12,751,2.0561259411362083,0,0,2.5649493574615367,1.9459101490553132,0,2.1464750171115674,0.944558521560575,439,1.2019164955509924,9.21718101046212,1,2.3248521878307145,3.4460020851613096,3.1478266446063055,0,439.0,6.0867747269123065,0.013833578924800697
701,EP4283077A2,20231129,1.2099836363352945,0,2,10,0,9,,3,0,0,13.0,8.0,20231027,20241204,1.0,0.0,20231129,2,10,9,0,,,,EP,1,0,0,0,0,0,0,0,0,0,2023,11,765,2.0944558521560577,0,0,2.302585092994046,1.3862943611198906,0,2.184804928131417,1.0787132101300478,404,1.106091718001369,10.778616423585493,0,2.041760253007229,2.7054152838080503,2.4923860791212595,0,404.0,6.003887067106539,0.014824412511374169
702,EP4282351A2,20231129,1.3393002078649034,1,2,6,0,21,,6,0,0,13.0,8.0,20231027,20250101,1.0,0.0,20231129,2,6,21,0,,,,EP,1,0,0,0,0,0,0,0,0,0,2023,11,765,2.0944558521560577,0,0,3.091042453358316,1.9459101490553132,0,2.184804928131417,1.002053388090349,432,1.1827515400410678,10.13446454298063,0,2.5068462972980914,3.216497221322732,3.128661689096381,0,432.0,6.07073772800249,0.01402017951039836
703,EP4279442A2,20231122,1.1458730130500863,0,2,12,0,6,,9,0,0,10.0,7.0,20231020,20250514,1.0,0.0,20231122,2,12,6,0,,,,EP,1,0,0,0,0,0,0,0,0,0,2023,11,772,2.113620807665982,0,0,1.9459101490553132,2.302585092994046,0,2.2039698836413417,0.6379192334017796,572,1.566050650239562,6.002218479109321,1,2.5274240688465137,3.8670544589902507,3.868635743233608,1,572.0,6.35088571671474,0.011083570186238638
704,EP4284010A2,20231129,1.0389187336668366,0,2,2,0,10,,6,0,0,29.0,16.0,20231027,20251029,1.0,0.0,20231129,2,2,10,0,,,,EP,1,0,0,0,0,0,0,0,0,0,2023,11,765,2.0944558521560577,0,0,2.3978952727983707,1.9459101490553132,0,2.184804928131417,0.17796030116358658,733,2.00684462696783,13.76466001754329,1,2.2064648231000246,3.8105715992807228,3.952754776023143,1,733.0,6.598509028614515,0.008989794316913508
705,EP4286147A2,20231206,1.337930450138222,1,2,5,0,23,,11,0,0,33.0,16.0,20231103,20251030,1.0,0.0,20231206,2,5,23,0,,,,EP,1,0,0,0,0,0,0,0,0,0,2023,12,758,2.0752908966461328,0,0,3.1780538303479458,2.4849066497880004,0,2.1656399726214923,0.17522245037645448,727,1.9904175222450375,15.786320028813728,1,2.828874440011022,4.423124953358045,4.475324172033038,2,727.0,6.590301048196686,0.009052611329940502
706,EP4290228A2,20231213,1.0653749033661972,0,2,4,0,8,,17,0,0,15.0,9.0,20231110,20241127,1.0,0.0,20231213,2,4,8,0,,,,EP,1,0,0,0,0,0,0,0,0,0,2023,12,751,2.0561259411362083,0,0,2.1972245773362196,2.8903717578961645,0,2.1464750171115674,1.0978781656399725,383,1.0485968514715949,13.059412430725223,0,2.799597958103896,3.428756068986853,3.9389686093677594,0,383.0,5.950642552587727,0.015496464980697205
707,EP4284030A2,20231129,1.2596867750852696,1,2,6,0,15,,11,0,0,12.0,9.0,20231027,20251210,1.0,0.0,20231129,2,6,15,0,,,,EP,1,0,0,0,0,0,0,0,0,0,2023,11,765,2.0944558521560577,0,0,2.772588722239781,2.4849066497880004,0,2.184804928131417,0.06297056810403832,775,2.1218343600273784,5.400942669665136,1,2.7506307649580695,4.4237313809744965,4.606741009815378,2,775.0,6.654152520183219,0.008574938814669097
708,EP4284029A2,20231129,1.2596867750852696,1,2,6,0,15,,11,0,0,12.0,9.0,20231027,20251210,1.0,0.0,20231129,2,6,15,0,,,,EP,1,0,0,0,0,0,0,0,0,0,2023,11,765,2.0944558521560577,0,0,2.772588722239781,2.4849066497880004,0,2.184804928131417,0.06297056810403832,775,2.1218343600273784,5.400942669665136,1,2.7506307649580695,4.4237313809744965,4.606741009815378,2,775.0,6.654152520183219,0.008574938814669097
709,EP4283980A2,20231129,1.439056319303833,2,2,10,0,24,,25,0,0,20.0,9.0,20231027,20250514,1.0,0.0,20231129,2,10,24,0,,,,EP,1,0,0,0,0,0,0,0,0,0,2023,11,765,2.0944558521560577,0,0,3.2188758248682006,3.258096538021482,0,2.184804928131417,0.6379192334017796,565,1.5468856947296372,12.14413366028012,1,3.3939142421167223,4.722045658954505,4.80498223275112,2,565.0,6.338594078203183,0.011198929466790077
710,EP4287765A2,20231206,1.2092159395920876,0,2,4,0,15,,13,0,0,13.0,9.0,20231103,20240731,1.0,0.0,20231206,2,4,15,0,,,,EP,1,0,0,0,0,0,0,0,0,0,2023,12,758,2.0752908966461328,0,0,2.772588722239781,2.6390573296152584,0,2.1656399726214923,1.4236824093086926,271,0.7419575633127995,15.440208113161532,0,2.7926503373612426,3.237824875348922,3.381014892928058,0,271.0,5.605802066295998,0.020609566420205873
711,EP4283994A2,20231129,1.175833091435957,0,2,4,0,13,,24,0,0,46.0,17.0,20231027,20251203,1.0,0.0,20231129,2,4,13,0,,,,EP,1,0,0,0,0,0,0,0,0,0,2023,11,765,2.0944558521560577,0,0,2.6390573296152584,3.2188758248682006,0,2.184804928131417,0.08213552361396304,768,2.102669404517454,20.88375128181225,1,3.107158586356877,4.768760229067349,5.321545229385654,2,768.0,6.645090969505644,0.008641210623544402
712,EP4296998A2,20231227,1.3403465035590705,1,2,8,0,18,,9,0,0,21.0,8.0,20231124,20250122,1.0,0.0,20231227,2,8,18,0,,,,EP,1,0,0,0,0,0,0,0,0,0,2023,12,737,2.0177960301163584,0,0,2.9444389791664403,2.302585092994046,0,2.108145106091718,0.944558521560575,425,1.163586584531143,16.619359731325495,1,2.721897559355498,3.820049510074184,3.466171677525189,1,425.0,6.054439346269371,0.014212298934904626
713,EP4283351A2,20231129,1.5478523552934154,2,2,4,0,61,,15,0,0,10.0,8.0,20231027,20240731,1.0,0.0,20231129,2,4,61,0,,,,EP,1,0,0,0,0,0,0,0,0,0,2023,11,765,2.0944558521560577,0,0,4.127134385045092,2.772588722239781,0,2.184804928131417,1.4236824093086926,278,0.7611225188227242,11.612749383991734,0,3.211405588637284,3.6680790999309183,3.5337112410625053,1,278.0,5.631211781821365,0.02018355477355328
714,EP4282775A2,20231129,1.0359291444521013,0,2,4,0,7,,14,0,0,17.0,13.0,20231027,20251210,1.0,0.0,20231129,2,4,7,0,,,,EP,1,0,0,0,0,0,0,0,0,0,2023,11,765,2.0944558521560577,0,0,2.0794415416798357,2.70805020110221,0,2.184804928131417,0.06297056810403832,775,2.1218343600273784,7.6513354486922776,1,2.6607592651134273,4.333859881129855,4.829884561129589,2,775.0,6.654152520183219,0.008574938814669097
715,EP4283167A2,20231129,1.1798830320159719,0,2,8,0,9,,5,0,0,11.0,8.0,20231027,20251008,1.0,0.0,20231129,2,8,9,0,,,,EP,1,0,0,0,0,0,0,0,0,0,2023,11,765,2.0944558521560577,0,0,2.302585092994046,1.791759469228055,0,2.184804928131417,0.23545516769336072,712,1.949349760438056,5.367556193847902,1,2.2549387135528045,3.824548569815638,3.741109229666111,1,712.0,6.569481420414296,0.009213858934662407
716,EP4283020A2,20231129,1.6177127493730659,2,2,6,0,66,,50,0,0,18.0,9.0,20231027,20250122,1.0,0.0,20231129,2,6,66,0,,,,EP,1,0,0,0,0,0,0,0,0,0,2023,11,765,2.0944558521560577,0,0,4.204692619390966,3.9318256327243257,0,2.184804928131417,0.944558521560575,453,1.2402464065708418,13.430366171288494,1,3.976808129007661,5.120955972950167,5.172072039295168,2,453.0,6.118097198041348,0.013475985017712222
717,EP4293665A2,20231220,1.0025462962959708,0,2,4,0,6,,14,0,0,61.0,17.0,20231117,20251128,1.0,1.0,20231220,2,4,6,0,,,,EP,1,0,0,0,0,0,0,0,0,0,2023,12,744,2.0369609856262834,0,0,1.9459101490553132,2.70805020110221,0,2.127310061601643,0.09582477754962354,742,2.0314852840520192,28.618541472656624,1,2.627376416957297,4.246267587388509,4.73953548515423,1,742.0,6.610696044717759,0.008897302886564951
718,EP4283485A2,20231129,1.3274845436467282,1,2,10,0,15,,9,0,0,15.0,9.0,20231027,20240918,1.0,0.0,20231129,2,10,15,0,,,,EP,1,0,0,0,0,0,0,0,0,0,2023,11,765,2.0944558521560577,0,0,2.772588722239781,2.302585092994046,0,2.184804928131417,1.2895277207392197,327,0.8952772073921971,15.071178048277286,0,2.7090355994431556,3.246201923878474,3.1978623003862428,0,327.0,5.793013608384144,0.017661626854829707
719,EP4283919A2,20231129,1.2891325339993656,1,2,6,0,17,,11,0,0,12.0,9.0,20231027,20240925,1.0,0.0,20231129,2,6,17,0,,,,EP,1,0,0,0,0,0,0,0,0,0,2023,11,765,2.0944558521560577,0,0,2.8903717578961645,2.4849066497880004,0,2.184804928131417,1.270362765229295,334,0.9144421629021219,11.829161325146751,0,2.7800765238721654,3.3287418216134386,3.399348812690122,0,334.0,5.814130531825066,0.01735561352783602
720,EP4282393A2,20231129,1.6269103414748134,2,2,10,0,52,,34,0,0,32.0,15.0,20231027,20251215,1.0,0.0,20231129,2,10,52,0,,,,EP,1,0,0,0,0,0,0,0,0,0,2023,11,765,2.0944558521560577,0,0,3.970291913552122,3.5553480614894135,0,2.184804928131417,0.049281314168377825,780,2.135523613963039,14.314319830991089,1,3.7601191783684613,5.441433346746285,5.690871675452453,2,780.0,6.660575149839686,0.008528265236670532
721,EP4282361A2,20231129,1.0992092478710584,0,2,2,0,13,,10,0,0,18.0,11.0,20231027,20251224,1.0,0.0,20231129,2,2,13,0,,,,EP,1,0,0,0,0,0,0,0,0,0,2023,11,765,2.0944558521560577,0,0,2.6390573296152584,2.3978952727983707,0,2.184804928131417,0.024640657084188913,789,2.1601642710472277,7.964022894521668,1,2.537946411550081,4.234044974178418,4.558059543845598,1,789.0,6.672032945461067,0.00844561132336844
722,EP4280396A2,20231122,1.0863999799452833,0,2,6,0,7,,11,0,0,26.0,14.0,20231020,20251211,1.0,0.0,20231122,2,6,7,0,,,,EP,1,0,0,0,0,0,0,0,0,0,2023,11,772,2.113620807665982,0,0,2.0794415416798357,2.4849066497880004,0,2.2039698836413417,0.06023271731690623,783,2.1437371663244353,11.587810011897135,1,2.5773439698180836,4.263586269612745,4.628643816112436,1,783.0,6.664409020350408,0.008500521709630622
723,EP4283375A2,20231129,1.3578927165287609,1,2,4,0,28,,8,0,0,18.0,9.0,20231027,20241225,1.0,0.0,20231129,2,4,28,0,,,,EP,1,0,0,0,0,0,0,0,0,0,2023,11,765,2.0944558521560577,0,0,3.367295829986474,2.1972245773362196,0,2.184804928131417,1.0212183436002737,425,1.163586584531143,14.245165483993283,0,2.6762274629304925,3.3743794136491783,3.3608111618673626,0,425.0,6.054439346269371,0.014212298934904626
724,EP4286536A2,20231206,1.370447107878393,1,2,10,0,18,,20,0,0,17.0,9.0,20231103,20241002,1.0,0.0,20231206,2,10,18,0,,,,EP,1,0,0,0,0,0,0,0,0,0,2023,12,758,2.0752908966461328,0,0,2.9444389791664403,3.044522437723423,0,2.1656399726214923,1.2511978097193703,334,0.9144421629021219,16.757978543957897,0,3.197160570512447,3.74582586825372,3.958964600625545,1,334.0,5.814130531825066,0.01735561352783602
725,EP4282869A2,20231129,1.2301667466664137,1,2,14,0,8,,6,0,0,13.0,9.0,20231027,20240821,1.0,0.0,20231129,2,14,8,0,,,,EP,1,0,0,0,0,0,0,0,0,0,2023,11,765,2.0944558521560577,0,0,2.1972245773362196,1.9459101490553132,0,2.184804928131417,1.3661875427789185,299,0.8186173853524983,14.151702555696298,0,2.3977128360996014,2.8888832673111002,2.7645275344078115,0,299.0,5.703782474656201,0.019012608248854004
726,EP4279107A2,20231122,1.469579408299128,2,3,4,0,33,,11,0,0,32.0,16.0,20231020,20251127,1.0,0.0,20231122,3,4,33,0,,,,EP,1,0,0,0,0,0,0,0,0,0,2023,11,772,2.113620807665982,0,0,3.5263605246161616,2.4849066497880004,0,2.2039698836413417,0.09856262833675565,769,2.105407255304586,14.509791750721579,1,2.960523398171928,4.62376775135468,4.590313905092586,2,769.0,6.646390514847729,0.00863167599330874
727,EP4282743A2,20231129,1.1877662569723246,0,2,6,0,11,,13,0,0,62.0,16.0,20231027,20251224,1.0,1.0,20231129,2,6,11,0,,,,EP,1,0,0,0,0,0,0,0,0,0,2023,11,765,2.0944558521560577,0,0,2.4849066497880004,2.6390573296152584,0,2.184804928131417,0.024640657084188913,789,2.1601642710472277,27.431634414463524,1,2.7712006547414796,4.467299217369817,4.799221600662486,2,789.0,6.672032945461067,0.00844561132336844
728,EP4280284A2,20231122,1.5231743784591365,2,2,10,0,34,,15,0,0,11.0,8.0,20231020,20250402,1.0,0.0,20231122,2,10,34,0,,,,EP,1,0,0,0,0,0,0,0,0,0,2023,11,772,2.113620807665982,0,0,3.5553480614894135,2.772588722239781,0,2.2039698836413417,0.7529089664613279,530,1.4510609171800137,7.091920038833237,1,3.186727611803005,4.457364162111014,4.223649639419795,2,530.0,6.274762021241939,0.011816877629457512
729,EP4290035A2,20231213,1.432156089125837,2,2,12,0,21,,10,0,0,14.0,9.0,20231110,20241106,1.0,0.0,20231213,2,12,21,0,,,,EP,1,0,0,0,0,0,0,0,0,0,2023,12,751,2.0561259411362083,0,0,3.091042453358316,2.3978952727983707,0,2.1464750171115674,1.1553730321697468,362,0.9911019849418207,12.83106455053008,0,2.8708932528048594,3.465554443769952,3.3889972577401912,0,362.0,5.8944028342648505,0.01623802433681777
730,EP4282370A2,20231129,1.5231743784591365,2,2,10,0,34,,17,0,0,10.0,8.0,20231027,20240925,1.0,0.0,20231129,2,10,34,0,,,,EP,1,0,0,0,0,0,0,0,0,0,2023,11,765,2.0944558521560577,0,0,3.5553480614894135,2.8903717578961645,0,2.184804928131417,1.270362765229295,334,0.9144421629021219,9.857634437622293,0,3.257397433196835,3.806062730938108,3.8048139207982863,1,334.0,5.814130531825066,0.01735561352783602
731,EP4297200A2,20231227,1.4846367085023218,2,2,10,0,29,,13,0,0,18.0,9.0,20231124,20241106,1.0,0.0,20231227,2,10,29,0,,,,EP,1,0,0,0,0,0,0,0,0,0,2023,12,737,2.0177960301163584,0,0,3.4011973816621555,2.6390573296152584,0,2.108145106091718,1.1553730321697468,348,0.9527720739219713,17.097717963721475,0,3.0680711062714767,3.6397343506246593,3.5918294035372296,0,348.0,5.855071922202427,0.016776710378803517
732,EP4283915A2,20231129,1.2350417490347694,1,2,12,0,9,,7,0,0,25.0,13.0,20231027,20250910,1.0,0.0,20231129,2,12,9,0,,,,EP,1,0,0,0,0,0,0,0,0,0,2023,11,765,2.0944558521560577,0,0,2.302585092994046,2.0794415416798357,0,2.184804928131417,0.31211498973305957,684,1.8726899383983573,12.673050900385135,1,2.482706674042671,4.006320637081686,3.952131480078193,1,684.0,6.529418838262226,0.009531998304032447
733,EP4278986A2,20231122,1.5141592082808304,2,2,16,0,25,,27,0,0,18.0,10.0,20231020,20250514,1.0,0.0,20231122,2,16,25,0,,,,EP,1,0,0,0,0,0,0,0,0,0,2023,11,772,2.113620807665982,0,0,3.258096538021482,3.332204510175204,0,2.2039698836413417,0.6379192334017796,572,1.566050650239562,10.803993262396778,1,3.5134819143859524,4.85311230452969,4.898255160414766,2,572.0,6.35088571671474,0.011083570186238638
734,EP4293669A2,20231220,1.1877662569723246,0,2,6,0,11,,73,0,0,79.0,18.0,20231117,20251015,1.0,1.0,20231220,2,6,11,0,,,,EP,1,0,0,0,0,0,0,0,0,0,2023,12,744,2.0369609856262834,0,0,2.4849066497880004,4.30406509320417,0,2.127310061601643,0.216290212183436,698,1.9110198494182067,39.28355059392125,1,3.7702053128948267,5.316817222545751,6.215084942622377,2,698.0,6.54965074223381,0.009370029674154234
735,EP4283372A2,20231129,1.080682254832628,0,2,2,0,12,,6,0,0,40.0,17.0,20231027,20251029,1.0,0.0,20231129,2,2,12,0,,,,EP,1,0,0,0,0,0,0,0,0,0,2023,11,765,2.0944558521560577,0,0,2.5649493574615367,1.9459101490553132,0,2.184804928131417,0.17796030116358658,733,2.00684462696783,18.985737955232125,1,2.248228344265816,3.8523351204465137,3.952754776023143,1,733.0,6.598509028614515,0.008989794316913508
736,EP4293099A2,20231220,1.4168389399408632,2,2,6,0,29,,6,0,0,12.0,8.0,20231117,20240703,1.0,0.0,20231220,2,6,29,0,,,,EP,1,0,0,0,0,0,0,0,0,0,2023,12,744,2.0369609856262834,0,0,3.4011973816621555,1.9459101490553132,0,2.127310061601643,1.5003422313483916,229,0.6269678302532512,16.50692025233029,0,2.584385029374051,2.9605657275260016,2.5728779793085645,0,229.0,5.438079308923196,0.023643823082274765
737,EP4289746A2,20231213,1.4174506668242803,2,2,2,0,49,,11,0,0,12.0,9.0,20231110,20250115,1.0,0.0,20231213,2,2,49,0,,,,EP,1,0,0,0,0,0,0,0,0,0,2023,12,751,2.0561259411362083,0,0,3.912023005428146,2.4849066497880004,0,2.1464750171115674,0.9637234770704997,432,1.1827515400410678,9.354890347366736,1,2.90839465669708,4.018045580721721,3.6676581898290683,1,432.0,6.07073772800249,0.01402017951039836
738,EP4282502A2,20231129,1.2315302947235087,1,2,3,0,19,,12,0,0,49.0,17.0,20231027,20251029,1.0,0.0,20231129,2,3,19,0,,,,EP,1,0,0,0,0,0,0,0,0,0,2023,11,765,2.0944558521560577,0,0,2.995732273553991,2.5649493574615367,0,2.184804928131417,0.17796030116358658,733,2.00684462696783,23.25752899515935,1,2.7704999092004305,4.374606685381129,4.571793984429367,2,733.0,6.598509028614515,0.008989794316913508
739,EP4289271A2,20231213,1.770161058654284,2,2,10,0,93,,10,0,0,30.0,10.0,20231110,20240925,1.0,0.0,20231213,2,10,93,0,,,,EP,1,0,0,0,0,0,0,0,0,0,2023,12,751,2.0561259411362083,0,0,4.543294782270004,2.3978952727983707,0,2.1464750171115674,1.270362765229295,320,0.8761122518822724,30.734170114297736,0,3.208898222333306,3.7345655734626693,3.274007524680643,1,320.0,5.771441123130016,0.01797956736177575
740,EP4286029A2,20231206,1.2243720950461965,1,2,4,0,16,,14,0,0,15.0,9.0,20231103,20240724,1.0,0.0,20231206,2,4,16,0,,,,EP,1,0,0,0,0,0,0,0,0,0,2023,12,758,2.0752908966461328,0,0,2.833213344056216,2.70805020110221,0,2.1656399726214923,1.4428473648186173,264,0.7227926078028748,18.230596456201646,0,2.8492022157075225,3.2828777803892475,3.430842808905085,0,264.0,5.579729825986222,0.02105558424900461
741,EP4282477A2,20231129,1.3491198865759433,1,2,4,0,27,,12,0,0,16.0,9.0,20231027,20240925,1.0,0.0,20231129,2,4,27,0,,,,EP,1,0,0,0,0,0,0,0,0,0,2023,11,765,2.0944558521560577,0,0,3.332204510175204,2.5649493574615367,0,2.184804928131417,1.270362765229295,334,0.9144421629021219,15.772215100195668,0,2.8880895010528653,3.4367547987941385,3.4793915203636585,0,334.0,5.814130531825066,0.01735561352783602
742,EP4280546A2,20231122,1.310582216619129,1,2,4,0,23,,9,0,0,52.0,17.0,20231020,20251029,1.0,0.0,20231122,2,4,23,0,,,,EP,1,0,0,0,0,0,0,0,0,0,2023,11,772,2.113620807665982,0,0,3.1780538303479458,2.302585092994046,0,2.2039698836413417,0.17796030116358658,740,2.026009582477755,24.458967837481083,1,2.6921332724155564,4.30773902190221,4.328594675471801,2,740.0,6.608000625296087,0.008917679656270022
743,EP4282461A2,20231129,1.4858268899215008,2,2,8,0,33,,15,0,0,14.0,10.0,20231027,20250514,1.0,0.0,20231129,2,8,33,0,,,,EP,1,0,0,0,0,0,0,0,0,0,2023,11,765,2.0944558521560577,0,0,3.5263605246161616,2.772588722239781,0,2.184804928131417,0.6379192334017796,565,1.5468856947296372,8.500893562196085,1,3.1493801232653693,4.477511540103152,4.319474416969419,2,565.0,6.338594078203183,0.011198929466790077
744,EP4282655A2,20231129,1.5445367876908511,2,2,8,0,42,,14,0,0,20.0,10.0,20231027,20250409,1.0,0.0,20231129,2,8,42,0,,,,EP,1,0,0,0,0,0,0,0,0,0,2023,11,765,2.0944558521560577,0,0,3.7612001156935624,2.70805020110221,0,2.184804928131417,0.7337440109514032,530,1.4510609171800137,12.894400070605887,1,3.169366908352177,4.440003458660186,4.159111118282224,2,530.0,6.274762021241939,0.011816877629457512
745,EP4295876A2,20231227,1.226303926929139,1,2,6,0,13,,14,0,0,41.0,16.0,20231124,20251029,1.0,0.0,20231227,2,6,13,0,,,,EP,1,0,0,0,0,0,0,0,0,0,2023,12,737,2.0177960301163584,0,0,2.6390573296152584,2.70805020110221,0,2.108145106091718,0.17796030116358658,705,1.9301848049281314,20.1952058258319,1,2.851134047590465,4.409244930547344,4.6382350060303414,2,705.0,6.559615237493242,0.009291239713163231
746,EP4285924A2,20231206,1.2243720950461965,1,2,4,0,16,,9,0,0,15.0,8.0,20231103,20250115,1.0,0.0,20231206,2,4,16,0,,,,EP,1,0,0,0,0,0,0,0,0,0,2023,12,758,2.0752908966461328,0,0,2.833213344056216,2.302585092994046,0,2.1656399726214923,0.9637234770704997,439,1.2019164955509924,11.52147626307765,1,2.605923150842624,3.7270730481732195,3.5045015885450383,1,439.0,6.0867747269123065,0.013833578924800697
747,EP4290880A2,20231213,1.1930813093076948,0,2,4,0,14,,7,0,0,12.0,9.0,20231110,20241002,1.0,0.0,20231213,2,4,14,0,,,,EP,1,0,0,0,0,0,0,0,0,0,2023,12,751,2.0561259411362083,0,0,2.70805020110221,2.0794415416798357,0,2.1464750171115674,1.2511978097193703,327,0.8952772073921971,12.056942438621828,0,2.440746234315596,2.9779125587509143,2.974718749072033,0,327.0,5.793013608384144,0.017661626854829707
748,EP4279198A2,20231122,1.060671577914244,0,2,2,0,11,,38,0,0,16.0,10.0,20231020,20250723,1.0,0.0,20231122,2,2,11,0,,,,EP,1,0,0,0,0,0,0,0,0,0,2023,11,772,2.113620807665982,0,0,2.4849066497880004,3.6635616461296463,0,2.2039698836413417,0.4462696783025325,642,1.757700205338809,8.612799823145794,1,3.258808565592032,4.713428688795318,5.421261851468455,2,642.0,6.466144724237619,0.010056212634895208
749,EP4279015A2,20231122,1.5286805150534963,2,2,28,0,19,,9,0,0,43.0,16.0,20231020,20251223,1.0,0.0,20231122,2,28,19,0,,,,EP,1,0,0,0,0,0,0,0,0,0,2023,11,772,2.113620807665982,0,0,2.995732273553991,2.302585092994046,0,2.2039698836413417,0.02737850787132101,795,2.1765913757700206,18.887886714169746,1,2.910231570849924,4.616186396311937,4.4791764687640665,2,795.0,6.679599185844383,0.008391456263623597
750,EP4282614A2,20231129,1.418760893272831,2,2,8,0,25,,14,0,0,20.0,10.0,20231027,20251217,1.0,0.0,20231129,2,8,25,0,,,,EP,1,0,0,0,0,0,0,0,0,0,2023,11,765,2.0944558521560577,0,0,3.258096538021482,2.70805020110221,0,2.184804928131417,0.04380561259411362,782,2.1409993155373033,8.924589963654133,1,3.043591013934157,4.7281906032565395,4.849049516639513,2,782.0,6.663132695990803,0.008509748015313925
751,EP4279666A2,20231122,1.2812688729638624,1,2,2,0,28,,7,0,0,58.0,16.0,20231020,20251223,1.0,0.0,20231122,2,2,28,0,,,,EP,1,0,0,0,0,0,0,0,0,0,2023,11,772,2.113620807665982,0,0,3.367295829986474,2.0794415416798357,0,2.2039698836413417,0.02737850787132101,795,2.1765913757700206,25.476684405159194,1,2.5289337979717637,4.234888623433776,4.256032917449856,1,795.0,6.679599185844383,0.008391456263623597
752,EP4283367A2,20231129,0.7860185057472165,0,2,2,0,3,,5,0,0,12.0,9.0,20231027,20250730,1.0,0.0,20231129,2,2,3,0,,,,EP,1,0,0,0,0,0,0,0,0,0,2023,11,765,2.0944558521560577,0,0,1.3862943611198906,1.791759469228055,0,2.184804928131417,0.4271047227926078,642,1.757700205338809,6.459599867359345,1,1.8610741872840495,3.3156943104873347,3.5494596745668643,0,642.0,6.466144724237619,0.010056212634895208
753,EP4279557A2,20231122,1.1158457388593792,0,2,6,0,8,,9,0,0,48.0,16.0,20231020,20251215,1.0,0.0,20231122,2,6,8,0,,,,EP,1,0,0,0,0,0,0,0,0,0,2023,11,772,2.113620807665982,0,0,2.1972245773362196,2.302585092994046,0,2.2039698836413417,0.049281314168377825,787,2.1546885694729636,21.288971190917096,1,2.4973967946558067,4.190209936339585,4.45727366246701,1,787.0,6.669498089857879,0.00846383006327142
754,EP4292950A2,20231220,1.1158457388593792,0,2,6,0,8,,9,0,0,15.0,9.0,20231117,20241016,1.0,0.0,20231220,2,6,8,0,,,,EP,1,0,0,0,0,0,0,0,0,0,2023,12,744,2.0369609856262834,0,0,2.1972245773362196,2.302585092994046,0,2.127310061601643,1.212867898699521,334,0.9144421629021219,14.786451656433439,0,2.4973967946558067,3.04606209239708,3.2170272558961677,0,334.0,5.814130531825066,0.01735561352783602
755,EP4284046A2,20231129,1.7314186700367329,2,2,16,0,61,,16,0,0,16.0,9.0,20231027,20251001,1.0,0.0,20231129,2,16,61,0,,,,EP,1,0,0,0,0,0,0,0,0,0,2023,11,765,2.0944558521560577,0,0,4.127134385045092,2.833213344056216,0,2.184804928131417,0.2546201232032854,705,1.9301848049281314,7.881055932031961,1,3.4313466764704623,4.989457559427342,4.763398148984347,2,705.0,6.559615237493242,0.009291239713163231
756,EP4279072A2,20231122,1.6406752857705704,2,2,10,0,55,,102,0,0,16.0,9.0,20231020,20241002,1.0,0.0,20231122,2,10,55,0,,,,EP,1,0,0,0,0,0,0,0,0,0,2023,11,772,2.113620807665982,0,0,4.02535169073515,4.634728988229636,0,2.2039698836413417,1.2511978097193703,348,0.9527720739219713,15.197971523307977,0,4.421512678708352,4.993175923061535,5.587501062151607,2,348.0,5.855071922202427,0.016776710378803517
757,EP4283336A2,20231129,1.2435521448008768,1,2,6,0,14,,16,0,0,45.0,16.0,20231027,20251218,1.0,0.0,20231129,2,6,14,0,,,,EP,1,0,0,0,0,0,0,0,0,0,2023,11,765,2.0944558521560577,0,0,2.70805020110221,2.833213344056216,0,2.184804928131417,0.04106776180698152,783,2.1437371663244353,20.055825020591197,1,2.9434801512346063,4.629722451029268,4.976950510380652,2,783.0,6.664409020350408,0.008500521709630622
758,EP4280015A2,20231122,1.3400279755332247,1,2,4,0,26,,25,0,0,17.0,10.0,20231020,20251224,1.0,0.0,20231122,2,4,26,0,,,,EP,1,0,0,0,0,0,0,0,0,0,2023,11,772,2.113620807665982,0,0,3.295836866004329,3.258096538021482,0,2.2039698836413417,0.024640657084188913,796,2.1793292265571527,7.458334584547011,1,3.294885898346114,5.002483434280405,5.437425764578634,2,796.0,6.680854678790215,0.008382502733739292
759,EP4283890A2,20231129,1.1798830320159719,0,2,8,0,9,,6,0,0,25.0,14.0,20231027,20251030,1.0,0.0,20231129,2,8,9,0,,,,EP,1,0,0,0,0,0,0,0,0,0,2023,11,765,2.0944558521560577,0,0,2.302585092994046,1.9459101490553132,0,2.184804928131417,0.17522245037645448,734,2.0095824777549622,11.85068622043412,1,2.34742912144916,3.9531786081021374,3.9554926268102752,1,734.0,6.5998704992128365,0.008979415645187533
760,EP4283884A2,20231129,1.449515485243614,2,2,30,0,13,,8,0,0,13.0,8.0,20231027,20240228,1.0,0.0,20231129,2,30,13,0,,,,EP,1,0,0,0,0,0,0,0,0,0,2023,11,765,2.0944558521560577,0,0,2.6390573296152584,2.1972245773362196,0,2.184804928131417,1.8453114305270362,124,0.3394934976043806,29.579504750038932,0,2.7678502316453457,2.971546330207974,2.5367180749406,0,124.0,4.8283137373023015,0.03862650989841841
761,EP4283120A2,20231129,1.2435521448008768,1,2,6,0,14,,14,0,0,55.0,17.0,20231027,20251215,1.0,0.0,20231129,2,6,14,0,,,,EP,1,0,0,0,0,0,0,0,0,0,2023,11,765,2.0944558521560577,0,0,2.70805020110221,2.70805020110221,0,2.184804928131417,0.049281314168377825,780,2.135523613963039,24.602737209515933,1,2.868382265462203,4.549696433840027,4.843573815065249,2,780.0,6.660575149839686,0.008528265236670532
762,EP4289446A2,20231213,1.5649942922527589,2,4,8,0,27,,76,0,0,65.0,16.0,20231110,20251224,1.0,0.0,20231213,4,8,27,0,,,,EP,1,0,0,0,0,0,0,0,0,0,2023,12,751,2.0561259411362083,0,0,3.332204510175204,4.343805421853684,0,2.1464750171115674,0.024640657084188913,775,2.1218343600273784,29.255106127352825,1,4.171277545364969,5.844378161381396,6.4656397818810625,2,775.0,6.654152520183219,0.008574938814669097
763,EP4284117A2,20231129,1.3406249347361734,1,2,14,0,13,,11,0,0,12.0,8.0,20231027,20240529,1.0,0.0,20231129,2,14,13,0,,,,EP,1,0,0,0,0,0,0,0,0,0,2023,11,765,2.0944558521560577,0,0,2.6390573296152584,2.4849066497880004,0,2.184804928131417,1.596167008898015,215,0.5886379192334018,17.425703210416458,0,2.8315689246089732,3.1847516761490144,3.073544569021402,0,215.0,5.375278407684165,0.02488554818372299
764,EP4278914A2,20231122,0.9508103490474331,0,2,8,0,3,,4,0,0,13.0,9.0,20231020,20240710,1.0,0.0,20231122,2,8,3,0,,,,EP,1,0,0,0,0,0,0,0,0,0,2023,11,772,2.113620807665982,0,0,1.3862943611198906,1.6094379124341003,0,2.2039698836413417,1.4811772758384667,264,0.7227926078028748,15.799850262041426,0,1.916473096507893,2.350148661189618,2.3322305202369753,0,264.0,5.579729825986222,0.02105558424900461
765,EP4292526A2,20231220,1.5816503471619292,2,2,6,0,57,,14,0,0,40.0,16.0,20231117,20251027,1.0,0.0,20231220,2,6,57,0,,,,EP,1,0,0,0,0,0,0,0,0,0,2023,12,744,2.0369609856262834,0,0,4.060443010546419,2.70805020110221,0,2.127310061601643,0.1834360027378508,710,1.943874058863792,19.57067747228827,1,3.2064804678232552,4.77280490314153,4.651924259966002,2,710.0,6.566672429803241,0.00923582620225491
766,EP4292530A2,20231220,1.2755747024521673,1,2,10,0,12,,13,0,0,23.0,12.0,20231117,20251009,1.0,0.0,20231220,2,10,12,0,,,,EP,1,0,0,0,0,0,0,0,0,0,2023,12,744,2.0369609856262834,0,0,2.5649493574615367,2.6390573296152584,0,2.127310061601643,0.2327173169062286,692,1.894592744695414,11.531176006314128,1,2.8590091002213223,4.395764747038571,4.533650074310673,2,692.0,6.541029999189903,0.009438715727546758
767,EP4283700A2,20231129,1.6250662206746394,2,2,6,0,68,,18,0,0,40.0,15.0,20160711,20251219,1.0,0.0,20231129,2,6,68,0,,,,EP,1,0,0,0,0,0,0,0,0,0,2023,11,765,2.0944558521560577,0,0,4.23410650459726,2.9444389791664403,0,9.478439425051334,0.038329911019849415,3448,9.440109514031485,4.192823986052619,1,3.3917296081745034,9.455795316593395,12.384548493197926,2,3448.0,8.145839612936841,0.0023617975102745263
768,EP4283699A2,20231129,1.6250662206746394,2,2,6,0,68,,18,0,0,39.0,15.0,20160711,20251202,1.0,0.0,20231129,2,6,68,0,,,,EP,1,0,0,0,0,0,0,0,0,0,2023,11,765,2.0944558521560577,0,0,4.23410650459726,2.9444389791664403,0,9.478439425051334,0.08487337440109514,3431,9.39356605065024,4.108045363768106,1,3.3917296081745034,9.427869238564648,12.33800502981668,2,3431.0,8.140898460607852,0.002372056661016274
769,EP4286012A2,20231206,1.7050088174254596,2,2,6,0,94,,35,0,0,13.0,9.0,20231103,20250514,1.0,0.0,20231206,2,6,94,0,,,,EP,1,0,0,0,0,0,0,0,0,0,2023,12,758,2.0752908966461328,0,0,4.553876891600541,3.58351893845611,0,2.1656399726214923,0.6379192334017796,558,1.5277207392197125,7.986627980320423,1,3.8551201804991253,5.171752624030953,5.111239677675822,2,558.0,6.326149473155099,0.011316904245357959
770,EP4280223A2,20231122,1.212205528806823,1,2,2,0,21,,6,0,0,25.0,11.0,20231020,20251217,1.0,0.0,20231122,2,2,21,0,,,,EP,1,0,0,0,0,0,0,0,0,0,2023,11,772,2.113620807665982,0,0,3.091042453358316,1.9459101490553132,0,2.2039698836413417,0.04380561259411362,789,2.1601642710472277,11.061142909057873,1,2.379751618240011,4.075850180868348,4.106074420102541,1,789.0,6.672032945461067,0.00844561132336844
771,EP4279140A2,20231122,1.671758080228733,2,2,26,0,36,,40,0,0,26.0,9.0,20231020,20240904,1.0,0.0,20231122,2,26,36,0,,,,EP,1,0,0,0,0,0,0,0,0,0,2023,11,772,2.113620807665982,0,0,3.6109179126442243,3.713572066704308,0,2.2039698836413417,1.3278576317590691,320,0.8761122518822724,26.636280765724706,0,3.8999013202513177,4.425568671380681,4.58968431858658,2,320.0,5.771441123130016,0.01797956736177575
772,EP4289970A2,20231213,1.0863999799452833,0,2,6,0,7,,8,0,0,21.0,13.0,20231110,20251224,1.0,0.0,20231213,2,6,7,0,,,,EP,1,0,0,0,0,0,0,0,0,0,2023,12,751,2.0561259411362083,0,0,2.0794415416798357,2.1972245773362196,0,2.1464750171115674,0.024640657084188913,775,2.1218343600273784,9.451649671913989,1,2.404734726347015,4.077835342363442,4.319058937363598,1,775.0,6.654152520183219,0.008574938814669097
773,EP4279989A2,20231122,1.0992092478710584,0,2,2,0,13,,9,0,0,14.0,11.0,20231020,20251112,1.0,0.0,20231122,2,2,13,0,,,,EP,1,0,0,0,0,0,0,0,0,0,2023,11,772,2.113620807665982,0,0,2.6390573296152584,2.302585092994046,0,2.2039698836413417,0.13963039014373715,754,2.0643394934976045,6.468486132633376,1,2.480760303667486,4.1193639997660485,4.366924586491651,1,754.0,6.626717749249025,0.008777109601654337
774,EP4280545A2,20231122,1.142185867773836,0,2,6,0,9,,7,0,0,13.0,9.0,20231020,20240821,1.0,0.0,20231122,2,6,9,0,,,,EP,1,0,0,0,0,0,0,0,0,0,2023,11,772,2.113620807665982,0,0,2.302585092994046,2.0794415416798357,0,2.2039698836413417,1.3661875427789185,306,0.837782340862423,13.862491788920517,0,2.389850792781737,2.892520197299191,2.9172238825422587,0,306.0,5.726847747587197,0.018654227190837775
775,EP4279102A2,20231122,1.175554660258854,0,2,2,0,18,,7,0,0,13.0,8.0,20231020,20241023,1.0,0.0,20231122,2,2,18,0,,,,EP,1,0,0,0,0,0,0,0,0,0,2023,11,772,2.113620807665982,0,0,2.9444389791664403,2.0794415416798357,0,2.2039698836413417,1.1937029431895962,369,1.0102669404517455,11.708895875716662,0,2.4232195852667555,3.029379749537803,3.0897084821315812,0,369.0,5.91350300563827,0.015982440555779107
776,EP4279913A2,20231122,1.645598682849042,2,4,12,0,30,,10,0,0,12.0,9.0,20231020,20240410,1.0,0.0,20231122,4,12,30,0,,,,EP,1,0,0,0,0,0,0,0,0,0,2023,11,772,2.113620807665982,0,0,3.4339872044851463,2.3978952727983707,0,2.2039698836413417,1.730321697467488,173,0.4736481861738535,20.918744779859207,0,3.0843358465280644,3.3685247582323763,2.871543458972224,0,173.0,5.159055299214529,0.029649743098934075
777,EP4282774A2,20231129,1.251803550128917,1,3,8,0,9,,13,0,0,17.0,12.0,20231027,20250603,1.0,0.0,20231129,3,8,9,0,,,,EP,1,0,0,0,0,0,0,0,0,0,2023,11,765,2.0944558521560577,0,0,2.302585092994046,2.6390573296152584,0,2.184804928131417,0.5831622176591376,585,1.6016427104722792,9.99034632557017,1,2.8352379478980723,4.19622357418144,4.240700040087537,1,585.0,6.373319789577012,0.010875972337162136
778,EP4282350A2,20231129,1.5989046882853932,2,2,13,0,40,,32,0,0,34.0,16.0,20231027,20251203,1.0,0.0,20231129,2,13,40,0,,,,EP,1,0,0,0,0,0,0,0,0,0,2023,11,765,2.0944558521560577,0,0,3.713572066704308,3.4965075614664802,0,2.184804928131417,0.08213552361396304,768,2.102669404517454,15.435816164817748,1,3.696809225165281,5.358410867875754,5.5991769659839346,2,768.0,6.645090969505644,0.008641210623544402
779,EP4284135A2,20231129,1.2092159395920876,0,2,4,0,15,,11,0,0,33.0,16.0,20231027,20251001,1.0,0.0,20231129,2,4,15,0,,,,EP,1,0,0,0,0,0,0,0,0,0,2023,11,765,2.0944558521560577,0,0,2.772588722239781,2.4849066497880004,0,2.184804928131417,0.2546201232032854,705,1.9301848049281314,16.25467785981592,1,2.7001599294648875,4.258270812421767,4.415091454716132,1,705.0,6.559615237493242,0.009291239713163231
780,EP4279770A2,20231122,1.2092159395920876,0,2,4,0,15,,4,0,0,16.0,11.0,20231020,20251210,1.0,0.0,20231122,2,4,15,0,,,,EP,1,0,0,0,0,0,0,0,0,0,2023,11,772,2.113620807665982,0,0,2.772588722239781,1.6094379124341003,0,2.2039698836413417,0.06297056810403832,782,2.1409993155373033,7.139671970923307,1,2.174878687052548,3.85947827637493,3.7504372279714033,1,782.0,6.663132695990803,0.008509748015313925
781,EP4283340A2,20231129,1.3904988110264067,2,2,6,0,26,,9,0,0,52.0,15.0,20231027,20251224,1.0,0.0,20231129,2,6,26,0,,,,EP,1,0,0,0,0,0,0,0,0,0,2023,11,765,2.0944558521560577,0,0,3.295836866004329,2.302585092994046,0,2.184804928131417,0.024640657084188913,789,2.1601642710472277,23.007177250840375,1,2.772049866822834,4.468148429451171,4.462749364041274,2,789.0,6.672032945461067,0.00844561132336844
782,EP4280225A2,20231122,1.2386616985061836,1,2,4,0,17,,8,0,0,12.0,9.0,20231020,20250205,1.0,0.0,20231122,2,4,17,0,,,,EP,1,0,0,0,0,0,0,0,0,0,2023,11,772,2.113620807665982,0,0,2.8903717578961645,2.1972245773362196,0,2.2039698836413417,0.9062286105407256,474,1.297741273100616,8.58527985896871,1,2.5569964449079152,3.7356412087682846,3.4949658504368353,1,474.0,6.163314804034641,0.01297539958744135
783,EP4282281A2,20231129,1.3995907220691253,2,2,6,0,27,,8,0,0,24.0,10.0,20231027,20251203,1.0,0.0,20231129,2,6,27,0,,,,EP,1,0,0,0,0,0,0,0,0,0,2023,11,765,2.0944558521560577,0,0,3.332204510175204,2.1972245773362196,0,2.184804928131417,0.08213552361396304,768,2.102669404517454,10.895870233989,1,2.717925468470857,4.379527111181329,4.299893981853673,2,768.0,6.645090969505644,0.008641210623544402
784,EP4279563A2,20231122,1.1877662569723246,0,2,6,0,11,,6,0,0,54.0,16.0,20231020,20251028,1.0,0.0,20231122,2,6,11,0,,,,EP,1,0,0,0,0,0,0,0,0,0,2023,11,772,2.113620807665982,0,0,2.4849066497880004,1.9459101490553132,0,2.2039698836413417,0.1806981519507187,739,2.023271731690623,25.432448986170655,1,2.355312346405513,3.9692753854198863,3.9691818807459365,1,739.0,6.606650186198215,0.008927905657024615
785,EP4283786A2,20231129,1.4406664848919446,2,8,6,0,10,,16,0,0,29.0,14.0,20231027,20251224,1.0,0.0,20231129,8,6,10,0,,,,EP,1,0,0,0,0,0,0,0,0,0,2023,11,765,2.0944558521560577,0,0,2.3978952727983707,2.833213344056216,0,2.184804928131417,0.024640657084188913,789,2.1601642710472277,12.830925774507133,1,3.1405944913256745,4.836693053954011,4.993377615103444,2,789.0,6.672032945461067,0.00844561132336844
786,EP4285777A2,20231206,0.9887510598012987,0,2,2,0,8,,8,0,0,34.0,17.0,20231103,20251028,1.0,0.0,20231206,2,2,8,0,,,,EP,1,0,0,0,0,0,0,0,0,0,2023,12,758,2.0752908966461328,0,0,2.1972245773362196,2.1972245773362196,0,2.1656399726214923,0.1806981519507187,725,1.9849418206707734,16.3074094744099,1,2.3070858062030304,3.898050898605494,4.182166398006993,1,725.0,6.587550014824796,0.009073760350998342
787,EP4280246A2,20231122,1.264001091171275,1,2,8,0,13,,27,0,0,16.0,9.0,20231020,20251207,1.0,0.0,20231122,2,8,13,0,,,,EP,1,0,0,0,0,0,0,0,0,0,2023,11,772,2.113620807665982,0,0,2.6390573296152584,3.332204510175204,0,2.2039698836413417,0.07118412046543464,779,2.132785763175907,7.1659360534624925,1,3.263323797276397,4.942995255181941,5.464990273351111,2,779.0,6.659293919683638,0.008537556307286715
788,EP4280245A2,20231122,1.264001091171275,1,2,8,0,13,,27,0,0,14.0,8.0,20231020,20240221,1.0,0.0,20231122,2,8,13,0,,,,EP,1,0,0,0,0,0,0,0,0,0,2023,11,772,2.113620807665982,0,0,2.6390573296152584,3.332204510175204,0,2.2039698836413417,1.864476386036961,124,0.3394934976043806,31.854851269272697,0,3.263323797276397,3.4670198958390253,3.671698007779584,0,124.0,4.8283137373023015,0.03862650989841841
789,EP4283881A2,20231129,1.203710576967053,0,2,8,0,10,,21,0,0,37.0,15.0,20231027,20251112,1.0,0.0,20231129,2,8,10,0,,,,EP,1,0,0,0,0,0,0,0,0,0,2023,11,765,2.0944558521560577,0,0,2.3978952727983707,3.091042453358316,0,2.184804928131417,0.13963039014373715,747,2.0451745379876796,17.248013783861396,1,3.0583360489820426,4.685440771774651,5.136216991345996,2,747.0,6.617402977974478,0.00884679542509957
790,EP4283650A2,20231129,1.264001091171275,1,2,8,0,13,,27,0,0,14.0,8.0,20231027,20240221,1.0,0.0,20231129,2,8,13,0,,,,EP,1,0,0,0,0,0,0,0,0,0,2023,11,765,2.0944558521560577,0,0,2.6390573296152584,3.332204510175204,0,2.184804928131417,1.864476386036961,117,0.3203285420944558,33.30727894479727,0,3.263323797276397,3.4555209225330707,3.6525330522696597,0,117.0,4.770684624465665,0.04042953071581072
791,EP4282636A2,20231129,1.2243720950461965,1,2,4,0,16,,20,0,0,25.0,15.0,20231027,20251105,1.0,0.0,20231129,2,4,16,0,,,,EP,1,0,0,0,0,0,0,0,0,0,2023,11,765,2.0944558521560577,0,0,2.833213344056216,3.044522437723423,0,2.184804928131417,0.15879534565366188,740,2.026009582477755,11.759119152635137,1,3.05108555768025,4.666691307166904,5.070532020201178,2,740.0,6.608000625296087,0.008917679656270022
792,EP4283649A2,20231129,1.264001091171275,1,2,8,0,13,,27,0,0,16.0,9.0,20231027,20251203,1.0,0.0,20231129,2,8,13,0,,,,EP,1,0,0,0,0,0,0,0,0,0,2023,11,765,2.0944558521560577,0,0,2.6390573296152584,3.332204510175204,0,2.184804928131417,0.08213552361396304,768,2.102669404517454,7.263913489325999,1,3.263323797276397,4.92492543998687,5.434873914692657,2,768.0,6.645090969505644,0.008641210623544402
793,EP4297230A2,20231227,0.9593053008872028,0,2,2,0,7,,5,0,0,12.0,9.0,20231124,20241023,1.0,0.0,20231227,2,2,7,0,,,,EP,1,0,0,0,0,0,0,0,0,0,2023,12,737,2.0177960301163584,0,0,2.0794415416798357,1.791759469228055,0,2.108145106091718,1.1937029431895962,334,0.9144421629021219,11.829161325146751,0,2.034360982424036,2.583026280165309,2.7062016321301767,0,334.0,5.814130531825066,0.01735561352783602
794,EP4283690A2,20231129,1.3504131485076118,1,2,6,0,22,,9,0,0,17.0,11.0,20231027,20251210,1.0,0.0,20231129,2,6,22,0,,,,EP,1,0,0,0,0,0,0,0,0,0,2023,11,765,2.0944558521560577,0,0,3.1354942159291497,2.302585092994046,0,2.184804928131417,0.06297056810403832,775,2.1218343600273784,7.6513354486922776,1,2.731964204304039,4.405064820320466,4.424419453021424,2,775.0,6.654152520183219,0.008574938814669097
795,EP4284098A2,20231129,1.361053052112311,1,2,6,0,23,,15,0,0,16.0,9.0,20231027,20241106,1.0,0.0,20231129,2,6,23,0,,,,EP,1,0,0,0,0,0,0,0,0,0,2023,11,765,2.0944558521560577,0,0,3.1780538303479458,2.772588722239781,0,2.184804928131417,1.1553730321697468,376,1.0294318959616702,14.166414156717773,0,3.02460628545618,3.642265423033182,3.8020206182014515,0,376.0,5.932245187448011,0.015735398375193662
796,EP4282344A2,20231129,1.142185867773836,0,2,6,0,9,,11,0,0,14.0,10.0,20231027,20250917,1.0,0.0,20231129,2,6,9,0,,,,EP,1,0,0,0,0,0,0,0,0,0,2023,11,765,2.0944558521560577,0,0,2.302585092994046,2.4849066497880004,0,2.184804928131417,0.2929500342231348,691,1.891854893908282,7.02862444589533,1,2.6331298576466358,4.168242793991605,4.376761543696283,1,691.0,6.539585955617669,0.009450268721990852
797,EP4282377A2,20231129,1.3769973721070394,1,2,8,0,21,,11,0,0,27.0,15.0,20231027,20250827,1.0,0.0,20231129,2,8,21,0,,,,EP,1,0,0,0,0,0,0,0,0,0,2023,11,765,2.0944558521560577,0,0,3.091042453358316,2.4849066497880004,0,2.184804928131417,0.35044490075290896,670,1.834360027378508,13.958104808747036,1,2.8679413619798395,4.368557378406944,4.3192666771665085,2,670.0,6.508769136971682,0.009700103035725308
798,EP4289944A2,20231213,1.5159274942408234,2,2,10,0,33,,8,0,0,17.0,9.0,20231110,20241016,1.0,0.0,20231213,2,10,33,0,,,,EP,1,0,0,0,0,0,0,0,0,0,2023,12,751,2.0561259411362083,0,0,3.5263605246161616,2.1972245773362196,0,2.1464750171115674,1.212867898699521,341,0.9336071184120466,16.44725514866565,0,2.834262240642555,3.394426511689783,3.1308316957482663,0,341.0,5.834810737062605,0.01706085010837019
799,EP4297229A2,20231227,0.9593053008872028,0,2,2,0,7,,5,0,0,12.0,9.0,20231124,20241023,1.0,0.0,20231227,2,2,7,0,,,,EP,1,0,0,0,0,0,0,0,0,0,2023,12,737,2.0177960301163584,0,0,2.0794415416798357,1.791759469228055,0,2.108145106091718,1.1937029431895962,334,0.9144421629021219,11.829161325146751,0,2.034360982424036,2.583026280165309,2.7062016321301767,0,334.0,5.814130531825066,0.01735561352783602
800,EP4280389A2,20231122,1.091715032280654,0,2,4,0,9,,7,0,0,20.0,10.0,20231020,20251119,1.0,0.0,20231122,2,4,9,0,,,,EP,1,0,0,0,0,0,0,0,0,0,2023,11,772,2.113620807665982,0,0,2.302585092994046,2.0794415416798357,0,2.2039698836413417,0.12046543463381246,761,2.083504449007529,9.159587473746905,1,2.339379957288555,3.9894826266930727,4.162945990687365,1,761.0,6.635946555686647,0.00870859128042867
801,EP4279842A2,20231122,1.2386616985061836,1,2,4,0,17,,11,0,0,8.0,7.0,20231020,20240124,1.0,0.0,20231122,2,4,17,0,,,,EP,1,0,0,0,0,0,0,0,0,0,2023,11,772,2.113620807665982,0,0,2.8903717578961645,2.4849066497880004,0,2.2039698836413417,1.9411362080766599,96,0.26283367556468173,22.048670062252405,0,2.7296056883789834,2.8873058937177927,2.747740325352682,0,96.0,4.574710978503383,0.04716196885055034
802,EP4284085A2,20231129,1.2099836363352945,0,2,10,0,9,,6,0,0,16.0,7.0,20231027,20250618,1.0,0.0,20231129,2,10,9,0,,,,EP,1,0,0,0,0,0,0,0,0,0,2023,11,765,2.0944558521560577,0,0,2.302585092994046,1.9459101490553132,0,2.184804928131417,0.5420944558521561,600,1.6427104722792607,9.181100506657241,1,2.3775297257684826,3.763156009136039,3.5886206213345737,1,600.0,6.398594934535208,0.010646580589908831
803,EP4280574A2,20231122,0.9593053008872028,0,2,2,0,7,,8,0,0,54.0,16.0,20231020,20251119,1.0,1.0,20231122,2,2,7,0,,,,EP,1,0,0,0,0,0,0,0,0,0,2023,11,772,2.113620807665982,0,0,2.0794415416798357,2.1972245773362196,0,2.2039698836413417,0.12046543463381246,761,2.083504449007529,24.73088617911664,1,2.2776400472889344,3.927742716693452,4.2807290263437485,1,761.0,6.635946555686647,0.00870859128042867
804,EP4286007A2,20231206,1.5920476884128174,2,2,8,0,51,,31,0,0,15.0,9.0,20231103,20250409,1.0,0.0,20231206,2,8,51,0,,,,EP,1,0,0,0,0,0,0,0,0,0,2023,12,758,2.0752908966461328,0,0,3.9512437185814275,3.4657359027997265,0,2.1656399726214923,0.7337440109514032,523,1.431895961670089,9.791787677047495,1,3.671489230092653,4.930626807094707,4.897631864469815,2,523.0,6.261491684321042,0.011949411611299698
805,EP4283870A2,20231129,1.244163871684294,1,2,2,0,24,,12,0,0,13.0,9.0,20231027,20240828,1.0,0.0,20231129,2,2,24,0,,,,EP,1,0,0,0,0,0,0,0,0,0,2023,11,765,2.0944558521560577,0,0,3.2188758248682006,2.5649493574615367,0,2.184804928131417,1.3470225872689938,306,0.837782340862423,13.862491788920517,0,2.783133486161216,3.28580289067867,3.4027316983239597,0,306.0,5.726847747587197,0.018654227190837775
806,EP4283574A2,20231129,1.4969569137595562,2,3,6,0,30,,19,0,0,39.0,16.0,20231027,20251008,1.0,0.0,20231129,3,6,30,0,,,,EP,1,0,0,0,0,0,0,0,0,0,2023,11,765,2.0944558521560577,0,0,3.4339872044851463,2.995732273553991,0,2.184804928131417,0.23545516769336072,712,1.949349760438056,19.030426505460742,1,3.2943962778919507,4.864006134154785,4.945082033992047,2,712.0,6.569481420414296,0.009213858934662407
807,EP4279850A2,20231122,1.2454740981328447,1,2,8,0,12,,7,0,0,17.0,8.0,20231020,20240306,1.0,0.0,20231122,2,8,12,0,,,,EP,1,0,0,0,0,0,0,0,0,0,2023,11,772,2.113620807665982,0,0,2.5649493574615367,2.0794415416798357,0,2.2039698836413417,1.8261464750171115,138,0.37782340862423,35.57799742157284,0,2.4931390231407464,2.7198330683152845,2.4572649503040656,0,138.0,4.9344739331306915,0.03549981246856613
808,EP4279858A2,20231122,0.9640086263391562,0,2,4,0,5,,7,0,0,38.0,18.0,20231020,20251028,1.0,0.0,20231122,2,4,5,0,,,,EP,1,0,0,0,0,0,0,0,0,0,2023,11,772,2.113620807665982,0,0,1.791759469228055,2.0794415416798357,0,2.2039698836413417,0.1806981519507187,739,2.023271731690623,17.896908545823795,1,2.2116735513470576,3.8256365903614316,4.102713273370458,1,739.0,6.606650186198215,0.008927905657024615
809,EP4279035A2,20231122,1.5136332986990568,2,2,8,0,37,,14,0,0,18.0,10.0,20231020,20251022,1.0,0.0,20231122,2,8,37,0,,,,EP,1,0,0,0,0,0,0,0,0,0,2023,11,772,2.113620807665982,0,0,3.6375861597263857,2.70805020110221,0,2.2039698836413417,0.1971252566735113,733,2.00684462696783,8.543582079854456,1,3.1384634193603826,4.742570195541081,4.71489482807004,2,733.0,6.598509028614515,0.008989794316913508
810,EP4282360A2,20231129,1.2338111812863757,1,2,10,0,10,,8,0,0,21.0,13.0,20231027,20251105,1.0,0.0,20231129,2,10,10,0,,,,EP,1,0,0,0,0,0,0,0,0,0,2023,11,765,2.0944558521560577,0,0,2.3978952727983707,2.1972245773362196,0,2.184804928131417,0.15879534565366188,740,2.026009582477755,9.877660088213513,1,2.552145927688107,4.167751677174761,4.223234159813975,1,740.0,6.608000625296087,0.008917679656270022
811,EP4282607A2,20231129,0.6127317106072302,0,2,2,0,1,,6,0,0,26.0,16.0,20231027,20251029,1.0,0.0,20231129,2,2,1,0,,,,EP,1,0,0,0,0,0,0,0,0,0,2023,11,765,2.0944558521560577,0,0,0.6931471805599453,1.9459101490553132,0,2.184804928131417,0.17796030116358658,733,2.00684462696783,12.340729670900881,1,1.7802778000404182,3.3843845762211164,3.952754776023143,0,733.0,6.598509028614515,0.008989794316913508
812,EP4284104A2,20231129,0.9508103490474331,0,2,8,0,3,,4,0,0,12.0,8.0,20231027,20251204,1.0,0.0,20231129,2,8,3,0,,,,EP,1,0,0,0,0,0,0,0,0,0,2023,11,765,2.0944558521560577,0,0,1.3862943611198906,1.6094379124341003,0,2.184804928131417,0.07939767282683094,769,2.105407255304586,5.441171906520592,1,1.916473096507893,3.5797174496906448,3.7148451677386864,0,769.0,6.646390514847729,0.00863167599330874
813,EP4282390A2,20231129,0.9640086263391562,0,2,4,0,5,,26,0,0,22.0,12.0,20231027,20251128,1.0,0.0,20231129,2,4,5,0,,,,EP,1,0,0,0,0,0,0,0,0,0,2023,11,765,2.0944558521560577,0,0,1.791759469228055,3.295836866004329,0,2.184804928131417,0.09582477754962354,763,2.088980150581793,10.050342390794535,1,2.9415107459417538,4.59489883629083,5.384817016586123,2,763.0,6.638567789166521,0.00868922485493
814,EP4297379A2,20231227,1.6219323762137725,2,2,12,0,46,,27,0,0,39.0,12.0,20231124,20251126,1.0,0.0,20231227,2,12,46,0,,,,EP,1,0,0,0,0,0,0,0,0,0,2023,12,737,2.0177960301163584,0,0,3.8501476017100584,3.332204510175204,0,2.108145106091718,0.10130047912388775,733,2.00684462696783,18.51109450635132,1,3.6212550823188945,5.225361858499593,5.339049137143034,2,733.0,6.598509028614515,0.008989794316913508
815,EP4280105A2,20231122,1.2435521448008768,1,2,6,0,14,,11,0,0,57.0,16.0,20231020,20251028,1.0,0.0,20231122,2,6,14,0,,,,EP,1,0,0,0,0,0,0,0,0,0,2023,11,772,2.113620807665982,0,0,2.70805020110221,2.4849066497880004,0,2.2039698836413417,0.1806981519507187,739,2.023271731690623,26.84536281873569,1,2.7344961346736767,4.348459173688051,4.508178381478624,2,739.0,6.606650186198215,0.008927905657024615
816,EP4282372A2,20231129,1.091715032280654,0,2,4,0,9,,5,0,0,25.0,11.0,20231027,20251203,1.0,0.0,20231129,2,4,9,0,,,,EP,1,0,0,0,0,0,0,0,0,0,2023,11,765,2.0944558521560577,0,0,2.302585092994046,1.791759469228055,0,2.184804928131417,0.08213552361396304,768,2.102669404517454,11.349864827071874,1,2.1667707138174865,3.8283723565279586,3.894428873745509,1,768.0,6.645090969505644,0.008641210623544402
817,EP4292548A2,20231220,1.581209515003121,2,2,3,0,80,,14,0,0,88.0,16.0,20231117,20251010,1.0,0.0,20231220,2,3,80,0,,,,EP,1,0,0,0,0,0,0,0,0,0,2023,12,744,2.0369609856262834,0,0,4.394449154672439,2.70805020110221,0,2.127310061601643,0.2299794661190965,693,1.8973305954825461,44.058805387066926,1,3.206039635664447,4.744437992953975,4.605380796584756,2,693.0,6.542471960506805,0.009427193026666865
818,EP4289354A2,20231213,1.5159274942408234,2,2,10,0,33,,70,0,0,13.0,9.0,20231110,20250924,1.0,0.0,20231213,2,10,33,0,,,,EP,1,0,0,0,0,0,0,0,0,0,2023,12,751,2.0561259411362083,0,0,3.5263605246161616,4.2626798770413155,0,2.1464750171115674,0.2737850787132101,684,1.8726899383983573,6.58998646820027,1,4.073535420465612,5.597149383504627,6.135369815439673,2,684.0,6.529418838262226,0.009531998304032447
819,EP4279707A2,20231122,1.175554660258854,0,2,2,0,18,,4,0,0,16.0,10.0,20231020,20251210,1.0,0.0,20231122,2,2,18,0,,,,EP,1,0,0,0,0,0,0,0,0,0,2023,11,772,2.113620807665982,0,0,2.9444389791664403,1.6094379124341003,0,2.2039698836413417,0.06297056810403832,782,2.1409993155373033,7.139671970923307,1,2.141217407719314,3.8258169970416955,3.7504372279714033,1,782.0,6.663132695990803,0.008509748015313925
820,EP4279988A2,20231122,1.0992092478710584,0,2,2,0,13,,9,0,0,17.0,10.0,20231020,20250528,1.0,0.0,20231122,2,2,13,0,,,,EP,1,0,0,0,0,0,0,0,0,0,2023,11,772,2.113620807665982,0,0,2.6390573296152584,2.302585092994046,0,2.2039698836413417,0.5995893223819302,586,1.6043805612594113,9.974298220954982,1,2.480760303667486,3.8433886404231328,3.906965654253457,1,586.0,6.375024819828097,0.010860348926453316
821,EP4293129A2,20231220,1.2435521448008768,1,2,6,0,14,,17,0,0,21.0,12.0,20231117,20251224,1.0,0.0,20231220,2,6,14,0,,,,EP,1,0,0,0,0,0,0,0,0,0,2023,12,744,2.0369609856262834,0,0,2.70805020110221,2.8903717578961645,0,2.127310061601643,0.024640657084188913,768,2.102669404517454,9.533886454740374,1,2.9777751995385753,4.639376842249048,4.993041162413618,2,768.0,6.645090969505644,0.008641210623544402
822,EP4279034A2,20231122,1.3832704314752808,2,2,10,0,19,,7,0,0,14.0,9.0,20231020,20240918,1.0,0.0,20231122,2,10,19,0,,,,EP,1,0,0,0,0,0,0,0,0,0,2023,11,772,2.113620807665982,0,0,2.995732273553991,2.0794415416798357,0,2.2039698836413417,1.2895277207392197,334,0.9144421629021219,13.80068821267121,0,2.6309353564831826,3.1796006542244557,2.9938837045819575,0,334.0,5.814130531825066,0.01735561352783602
823,EP4283526A2,20231129,1.3268296982415015,1,2,8,0,17,,9,0,0,13.0,9.0,20231027,20251126,1.0,0.0,20231129,2,8,17,0,,,,EP,1,0,0,0,0,0,0,0,0,0,2023,11,765,2.0944558521560577,0,0,2.8903717578961645,2.302585092994046,0,2.184804928131417,0.10130047912388775,761,2.083504449007529,5.953731857935488,1,2.708380754037929,4.358483423442447,4.386089542001574,2,761.0,6.635946555686647,0.00870859128042867
824,EP4284026A2,20231129,1.1372954214791426,0,2,4,0,11,,47,0,0,47.0,16.0,20231027,20251215,1.0,0.0,20231129,2,4,11,0,,,,EP,1,0,0,0,0,0,0,0,0,0,2023,11,765,2.0944558521560577,0,0,2.4849066497880004,3.871201010907891,0,2.184804928131417,0.049281314168377825,780,2.135523613963039,21.024157251768163,1,3.4600160280238774,5.141330196401701,6.00672462487093,2,780.0,6.660575149839686,0.008528265236670532
825,EP4279420A2,20231122,1.3421743936283,1,2,2,0,36,,13,0,0,17.0,10.0,20231020,20241002,1.0,0.0,20231122,2,2,36,0,,,,EP,1,0,0,0,0,0,0,0,0,0,2023,11,772,2.113620807665982,0,0,3.6109179126442243,2.6390573296152584,0,2.2039698836413417,1.2511978097193703,348,0.9527720739219713,16.147844743514725,0,2.9256087913974547,3.4972720357506373,3.5918294035372296,0,348.0,5.855071922202427,0.016776710378803517
826,EP4279042A2,20231122,1.3766476240510124,1,2,16,0,14,,12,0,0,11.0,8.0,20231020,20240911,1.0,0.0,20231122,2,16,14,0,,,,EP,1,0,0,0,0,0,0,0,0,0,2023,11,772,2.113620807665982,0,0,2.70805020110221,2.5649493574615367,0,2.2039698836413417,1.3086926762491444,327,0.8952772073921971,11.052197235403343,0,2.9156172385279344,3.4527835629632526,3.460226564853734,0,327.0,5.793013608384144,0.017661626854829707
827,EP4283982A2,20231129,1.1930813093076948,0,2,4,0,14,,14,0,0,13.0,9.0,20231027,20250430,1.0,0.0,20231129,2,4,14,0,,,,EP,1,0,0,0,0,0,0,0,0,0,2023,11,765,2.0944558521560577,0,0,2.70805020110221,2.70805020110221,0,2.184804928131417,0.676249144421629,551,1.5085557837097878,8.081783753882814,1,2.817911429969021,4.123044900194894,4.216605984811998,1,551.0,6.313548046277095,0.011437587040357055
828,EP4285991A2,20231206,1.060671577914244,0,2,2,0,11,,41,0,0,15.0,10.0,20231103,20241218,1.0,0.0,20231206,2,2,11,0,,,,EP,1,0,0,0,0,0,0,0,0,0,2023,12,758,2.0752908966461328,0,0,2.4849066497880004,3.7376696182833684,0,2.1656399726214923,1.0403832991101984,411,1.1252566735112937,12.242332830568124,0,3.3032733488842645,3.9784273529910408,4.862926291794662,1,411.0,6.021023349349527,0.014614134343081375
829,EP4285990A2,20231206,1.060671577914244,0,2,2,0,11,,41,0,0,13.0,9.0,20231103,20240726,1.0,0.0,20231206,2,2,11,0,,,,EP,1,0,0,0,0,0,0,0,0,0,2023,12,758,2.0752908966461328,0,0,2.4849066497880004,3.7376696182833684,0,2.1656399726214923,1.4373716632443532,266,0.7282683093771389,15.695397074621933,0,3.3032733488842645,3.7402343345105478,4.465937927660507,1,266.0,5.58724865840025,0.02092602493782865
830,EP4282472A2,20231129,1.060671577914244,0,2,2,0,11,,41,0,0,12.0,9.0,20231027,20240306,1.0,0.0,20231129,2,2,11,0,,,,EP,1,0,0,0,0,0,0,0,0,0,2023,11,765,2.0944558521560577,0,0,2.4849066497880004,3.7376696182833684,0,2.184804928131417,1.8261464750171115,131,0.3586584531143053,26.16325921504253,0,3.3032733488842645,3.5184684207528476,4.096328071397673,0,131.0,4.882801922586371,0.03699092365595735
831,EP4289476A2,20231213,1.060671577914244,0,2,2,0,11,,41,0,0,15.0,10.0,20231110,20241218,1.0,0.0,20231213,2,2,11,0,,,,EP,1,0,0,0,0,0,0,0,0,0,2023,12,751,2.0561259411362083,0,0,2.4849066497880004,3.7376696182833684,0,2.1464750171115674,1.0403832991101984,404,1.106091718001369,12.436865104137107,0,3.3032733488842645,3.966928379685086,4.843761336284738,1,404.0,6.003887067106539,0.014824412511374169
832,EP4289475A2,20231213,1.060671577914244,0,2,2,0,11,,41,0,0,13.0,9.0,20231110,20240719,1.0,0.0,20231213,2,2,11,0,,,,EP,1,0,0,0,0,0,0,0,0,0,2023,12,751,2.0561259411362083,0,0,2.4849066497880004,3.7376696182833684,0,2.1464750171115674,1.4565366187542779,252,0.6899383983572895,16.456979464517808,0,3.3032733488842645,3.7172363878986383,4.427608016640658,1,252.0,5.53338948872752,0.02187110469852775
833,EP4284043A2,20231129,1.1164574657427964,0,2,2,0,14,,6,0,0,43.0,16.0,20231027,20251211,1.0,0.0,20231129,2,2,14,0,,,,EP,1,0,0,0,0,0,0,0,0,0,2023,11,765,2.0944558521560577,0,0,2.70805020110221,1.9459101490553132,0,2.184804928131417,0.06023271731690623,776,2.1245722108145104,19.329559090489525,1,2.2840035551759845,3.9587468816646907,4.070482359869824,1,776.0,6.655440350367647,0.00856556029648346
834,EP4284038A2,20231129,1.3792212648645912,2,2,28,0,10,,6,0,0,16.0,9.0,20231027,20241002,1.0,0.0,20231129,2,28,10,0,,,,EP,1,0,0,0,0,0,0,0,0,0,2023,11,765,2.0944558521560577,0,0,2.3978952727983707,1.9459101490553132,0,2.184804928131417,1.2511978097193703,341,0.9336071184120466,15.479769551685319,0,2.546767354297779,3.106931625345007,2.8795172674673597,0,341.0,5.834810737062605,0.01706085010837019
835,EP4280806A2,20231122,1.2891325339993656,1,2,6,0,17,,7,0,0,18.0,10.0,20231020,20250212,1.0,0.0,20231122,2,6,17,0,,,,EP,1,0,0,0,0,0,0,0,0,0,2023,11,772,2.113620807665982,0,0,2.8903717578961645,2.0794415416798357,0,2.2039698836413417,0.8870636550308009,481,1.3169062286105406,12.70373411912468,1,2.536797459007267,3.726941196173591,3.3963477702903764,1,481.0,6.1779441140506,0.012817311439939005
836,EP4284113A2,20231129,1.3525426563462033,1,2,12,0,15,,8,0,0,13.0,9.0,20231027,20241002,1.0,0.0,20231129,2,12,15,0,,,,EP,1,0,0,0,0,0,0,0,0,0,2023,11,765,2.0944558521560577,0,0,2.772588722239781,2.1972245773362196,0,2.184804928131417,1.2511978097193703,341,0.9336071184120466,12.577312760744322,0,2.670877402747935,3.231041673795163,3.1308316957482663,0,341.0,5.834810737062605,0.01706085010837019
837,EP4292658A2,20231220,1.2454740981328447,1,2,8,0,12,,16,0,0,15.0,9.0,20231117,20241016,1.0,0.0,20231220,2,8,12,0,,,,EP,1,0,0,0,0,0,0,0,0,0,2023,12,744,2.0369609856262834,0,0,2.5649493574615367,2.833213344056216,0,2.127310061601643,1.212867898699521,334,0.9144421629021219,14.786451656433439,0,2.9454021045665746,3.4940674023078477,3.747655506958338,0,334.0,5.814130531825066,0.01735561352783602
838,EP4284097A2,20231129,1.5186150553281133,2,2,24,0,20,,8,0,0,12.0,9.0,20231027,20240821,1.0,0.0,20231129,2,24,20,0,,,,EP,1,0,0,0,0,0,0,0,0,0,2023,11,765,2.0944558521560577,0,0,3.044522437723423,2.1972245773362196,0,2.184804928131417,1.3661875427789185,299,0.8186173853524983,13.063110051411966,0,2.836949801729845,3.3281202329413437,3.015841962688718,0,299.0,5.703782474656201,0.019012608248854004
839,EP4280640A2,20231122,1.175833091435957,0,2,4,0,13,,9,0,0,15.0,9.0,20231020,20250903,1.0,0.0,20231122,2,4,13,0,,,,EP,1,0,0,0,0,0,0,0,0,0,2023,11,772,2.113620807665982,0,0,2.6390573296152584,2.302585092994046,0,2.2039698836413417,0.33127994524298426,684,1.8726899383983573,7.6038305402310815,1,2.5573841472323844,4.080998110271399,4.175275031392403,1,684.0,6.529418838262226,0.009531998304032447
840,EP4280803A2,20231122,0.8411926666923519,0,2,6,0,2,,10,0,0,28.0,13.0,20231020,20251211,1.0,0.0,20231122,2,6,2,0,,,,EP,1,0,0,0,0,0,0,0,0,0,2023,11,772,2.113620807665982,0,0,1.0986122886681098,2.3978952727983707,0,2.2039698836413417,0.06023271731690623,783,2.1437371663244353,12.4791800128123,1,2.2799298303713744,3.9661721301660355,4.541632439122806,1,783.0,6.664409020350408,0.008500521709630622
841,EP4280836A2,20231122,1.1877662569723246,0,2,6,0,11,,7,0,0,11.0,8.0,20231020,20240904,1.0,0.0,20231122,2,6,11,0,,,,EP,1,0,0,0,0,0,0,0,0,0,2023,11,772,2.113620807665982,0,0,2.4849066497880004,2.0794415416798357,0,2.2039698836413417,1.3278576317590691,320,0.8761122518822724,11.269195708575836,0,2.435431181980226,2.961098533109589,2.955553793562108,0,320.0,5.771441123130016,0.01797956736177575
842,EP4283615A2,20231129,1.0530171317891528,0,2,6,0,6,,10,0,0,48.0,20.0,20231027,20251112,1.0,1.0,20231129,2,6,6,0,,,,EP,1,0,0,0,0,0,0,0,0,0,2023,11,765,2.0944558521560577,0,0,1.9459101490553132,2.3978952727983707,0,2.184804928131417,0.13963039014373715,747,2.0451745379876796,22.37580166554992,1,2.491754295468175,4.118859018260783,4.44306981078605,1,747.0,6.617402977974478,0.00884679542509957
843,EP4279006A2,20231122,1.0992092478710584,0,2,2,0,13,,7,0,0,10.0,8.0,20231020,20250115,1.0,0.0,20231122,2,2,13,0,,,,EP,1,0,0,0,0,0,0,0,0,0,2023,11,772,2.113620807665982,0,0,2.6390573296152584,2.0794415416798357,0,2.2039698836413417,0.9637234770704997,453,1.2402464065708418,7.461314539604719,1,2.3468741728789597,3.4910220168214647,3.3196879482506776,0,453.0,6.118097198041348,0.013475985017712222
844,EP4283950A2,20231129,1.226303926929139,1,2,6,0,13,,19,0,0,21.0,11.0,20231027,20251224,1.0,0.0,20231129,2,6,13,0,,,,EP,1,0,0,0,0,0,0,0,0,0,2023,11,765,2.0944558521560577,0,0,2.6390573296152584,2.995732273553991,0,2.184804928131417,0.024640657084188913,789,2.1601642710472277,9.291360043608613,1,3.0237432910615336,4.7198418536898705,5.155896544601219,2,789.0,6.672032945461067,0.00844561132336844
845,EP4280267A2,20231122,1.147748251481298,0,2,2,0,16,,13,0,0,37.0,19.0,20231020,20251217,1.0,0.0,20231122,2,2,16,0,,,,EP,1,0,0,0,0,0,0,0,0,0,2023,11,772,2.113620807665982,0,0,2.833213344056216,2.6390573296152584,0,2.2039698836413417,0.04380561259411362,789,2.1601642710472277,16.370491505405653,1,2.731182649250453,4.42728121187879,4.799221600662486,2,789.0,6.672032945461067,0.00844561132336844
846,EP4289429A2,20231213,1.5622034021143076,2,2,24,0,24,,28,0,0,15.0,10.0,20231110,20250319,1.0,0.0,20231213,2,24,24,0,,,,EP,1,0,0,0,0,0,0,0,0,0,2023,12,751,2.0561259411362083,0,0,3.2188758248682006,3.367295829986474,0,2.1464750171115674,0.7912388774811773,495,1.3552361396303902,10.307605474813037,1,3.5825809001061923,4.795722583884427,4.722531969616864,2,495.0,6.206575926724928,0.01251325791678413
847,EP4279762A2,20231122,1.3832704314752808,2,3,10,0,14,,17,0,0,45.0,21.0,20231020,20251022,1.0,0.0,20231122,3,10,14,0,,,,EP,1,0,0,0,0,0,0,0,0,0,2023,11,772,2.113620807665982,0,0,2.70805020110221,2.8903717578961645,0,2.2039698836413417,0.1971252566735113,733,2.00684462696783,21.35895519963614,1,3.1174934862129797,4.721600262393678,4.897216384863995,2,733.0,6.598509028614515,0.008989794316913508
848,EP4280466A2,20231122,0.9640086263391562,0,2,4,0,5,,7,0,0,15.0,11.0,20231020,20251119,1.0,0.0,20231122,2,4,5,0,,,,EP,1,0,0,0,0,0,0,0,0,0,2023,11,772,2.113620807665982,0,0,1.791759469228055,2.0794415416798357,0,2.2039698836413417,0.12046543463381246,761,2.083504449007529,6.869690605310178,1,2.2116735513470576,3.8617762207515747,4.162945990687365,1,761.0,6.635946555686647,0.00870859128042867
849,EP4278928A2,20231122,1.0150911887157554,0,2,2,0,9,,10,0,0,14.0,10.0,20231020,20250319,1.0,0.0,20231122,2,2,9,0,,,,EP,1,0,0,0,0,0,0,0,0,0,2023,11,772,2.113620807665982,0,0,2.302585092994046,2.3978952727983707,0,2.2039698836413417,0.7912388774811773,516,1.4127310061601643,9.25478485136419,1,2.453828352394778,3.701466956090876,3.810626278958535,1,516.0,6.248042874508429,0.012085189312395415
850,EP4280262A2,20231122,1.4382886225606266,2,3,4,0,29,,13,0,0,38.0,17.0,20231020,20251112,1.0,0.0,20231122,3,4,29,0,,,,EP,1,0,0,0,0,0,0,0,0,0,2023,11,772,2.113620807665982,0,0,3.4011973816621555,2.6390573296152584,0,2.2039698836413417,0.13963039014373715,754,2.0643394934976045,17.557319502862022,1,3.0217230203297816,4.660326716428345,4.703396823112863,2,754.0,6.626717749249025,0.008777109601654337
851,EP4283444A2,20231129,1.2077769338907087,0,2,6,0,12,,12,0,0,16.0,10.0,20231027,20250409,1.0,0.0,20231129,2,6,12,0,,,,EP,1,0,0,0,0,0,0,0,0,0,2023,11,765,2.0944558521560577,0,0,2.5649493574615367,2.5649493574615367,0,2.184804928131417,0.7337440109514032,530,1.4510609171800137,10.315520056484708,1,2.7467465483676308,4.017383098675639,4.01601027464155,1,530.0,6.274762021241939,0.011816877629457512
852,EP4289782A2,20231213,1.5979090501960338,2,2,18,0,33,,16,0,0,77.0,15.0,20231110,20251222,1.0,0.0,20231213,2,18,33,0,,,,EP,1,0,0,0,0,0,0,0,0,0,2023,12,751,2.0561259411362083,0,0,3.5263605246161616,2.833213344056216,0,2.1464750171115674,0.030116358658453114,773,2.116358658453114,34.741669497544855,1,3.2978370566297635,4.967652251701632,4.94957200250933,2,773.0,6.651571873589727,0.008593762110581044
853,EP4279972A2,20231122,1.162037854941285,0,2,2,0,17,,7,0,0,12.0,9.0,20231020,20240925,1.0,0.0,20231122,2,2,17,0,,,,EP,1,0,0,0,0,0,0,0,0,0,2023,11,772,2.113620807665982,0,0,2.8903717578961645,2.0794415416798357,0,2.2039698836413417,1.270362765229295,341,0.9336071184120466,11.609827163763988,0,2.4097027799491864,2.969867050996414,3.0130486600918824,0,341.0,5.834810737062605,0.01706085010837019
854,EP4284057A2,20231129,1.2973839393274056,1,2,8,0,15,,20,0,0,42.0,15.0,20231027,20251008,1.0,0.0,20231129,2,8,15,0,,,,EP,1,0,0,0,0,0,0,0,0,0,2023,11,765,2.0944558521560577,0,0,2.772588722239781,3.044522437723423,0,2.184804928131417,0.23545516769336072,712,1.949349760438056,20.49430546741926,1,3.1240974019614596,4.693707258224293,4.993872198161479,2,712.0,6.569481420414296,0.009213858934662407
855,EP4290122A2,20231213,0.9089904352538105,0,2,10,0,2,,6,0,0,13.0,9.0,20231110,20251205,1.0,0.0,20231213,2,10,2,0,,,,EP,1,0,0,0,0,0,0,0,0,0,2023,12,751,2.0561259411362083,0,0,1.0986122886681098,1.9459101490553132,0,2.1464750171115674,0.07665982203969883,756,2.0698151950718686,5.991293650042585,1,2.0765365246869987,3.71842564173012,4.015725344127182,1,756.0,6.6293632534374485,0.008757415130036259
856,EP4283361A2,20231129,1.1798830320159719,0,2,8,0,9,,6,0,0,43.0,16.0,20231027,20251029,1.0,0.0,20231129,2,8,9,0,,,,EP,1,0,0,0,0,0,0,0,0,0,2023,11,765,2.0944558521560577,0,0,2.302585092994046,1.9459101490553132,0,2.184804928131417,0.17796030116358658,733,2.00684462696783,20.409668301874532,1,2.34742912144916,3.951535897629858,3.952754776023143,1,733.0,6.598509028614515,0.008989794316913508
857,EP4283303A2,20231129,1.2973839393274056,1,2,8,0,15,,32,0,0,24.0,10.0,20231027,20250813,1.0,0.0,20231129,2,8,15,0,,,,EP,1,0,0,0,0,0,0,0,0,0,2023,11,765,2.0944558521560577,0,0,2.772588722239781,3.4965075614664802,0,2.184804928131417,0.3887748117727584,656,1.7960301163586585,12.658026786036604,1,3.3952884762072935,4.872906546022489,5.2925376778251385,2,656.0,6.48768401848461,0.009874709312761963
858,EP4279138A2,20231122,1.362748154976267,1,4,12,0,9,,10,0,0,21.0,12.0,20231020,20251029,1.0,0.0,20231122,4,12,9,0,,,,EP,1,0,0,0,0,0,0,0,0,0,2023,11,772,2.113620807665982,0,0,2.302585092994046,2.3978952727983707,0,2.2039698836413417,0.17796030116358658,740,2.026009582477755,9.877660088213513,1,2.8014853186552893,4.417091068141943,4.423904855276126,2,740.0,6.608000625296087,0.008917679656270022
859,EP4280575A2,20231122,1.147748251481298,0,2,2,0,16,,10,0,0,18.0,10.0,20231020,20240814,1.0,0.0,20231122,2,2,16,0,,,,EP,1,0,0,0,0,0,0,0,0,0,2023,11,772,2.113620807665982,0,0,2.833213344056216,2.3978952727983707,0,2.2039698836413417,1.3853524982888432,299,0.8186173853524983,19.59466507711795,0,2.58648541516032,3.077655846371819,3.2165126581508687,0,299.0,5.703782474656201,0.019012608248854004
860,EP4279288A2,20231122,1.142185867773836,0,2,6,0,9,,6,0,0,18.0,12.0,20231020,20251119,1.0,0.0,20231122,2,6,9,0,,,,EP,1,0,0,0,0,0,0,0,0,0,2023,11,772,2.113620807665982,0,0,2.302585092994046,1.9459101490553132,0,2.2039698836413417,0.12046543463381246,761,2.083504449007529,8.243628726372215,1,2.309731957207024,3.9598346266115416,4.029414598062842,1,761.0,6.635946555686647,0.00870859128042867
861,EP4279832A2,20231122,0.9259224527310722,0,2,2,0,6,,5,0,0,11.0,8.0,20231020,20231129,1.0,0.0,20231122,2,2,6,0,,,,EP,1,0,0,0,0,0,0,0,0,0,2023,11,772,2.113620807665982,0,0,1.9459101490553132,1.791759469228055,0,2.2039698836413417,2.0944558521560577,40,0.10951403148528405,52.50245017967984,0,2.000978134267905,2.0666865531590757,1.901273500713339,0,40.0,3.713572066704308,0.09057492845620263
862,EP4279370A2,20231122,1.32086173622246,1,2,16,0,11,,7,0,0,14.0,9.0,20231020,20240925,1.0,0.0,20231122,2,16,11,0,,,,EP,1,0,0,0,0,0,0,0,0,0,2023,11,772,2.113620807665982,0,0,2.4849066497880004,2.0794415416798357,0,2.2039698836413417,1.270362765229295,341,0.9336071184120466,13.544798357724654,0,2.5685266612303614,3.128690932277589,3.0130486600918824,0,341.0,5.834810737062605,0.01706085010837019
863,EP4292594A2,20231220,1.4928341642080696,2,2,10,0,30,,45,0,0,21.0,9.0,20231117,20241030,1.0,0.0,20231220,2,10,30,0,,,,EP,1,0,0,0,0,0,0,0,0,0,2023,12,744,2.0369609856262834,0,0,3.4339872044851463,3.828641396489095,0,2.127310061601643,1.1745379876796715,348,0.9527720739219713,19.94733762434172,0,3.7900190021015265,4.361682246454709,4.781413470411066,2,348.0,5.855071922202427,0.016776710378803517
864,EP4279728A2,20231122,1.719754094354315,2,4,8,0,51,,7,0,0,42.0,14.0,20231020,20251215,1.0,0.0,20231122,4,8,51,0,,,,EP,1,0,0,0,0,0,0,0,0,0,2023,11,772,2.113620807665982,0,0,3.9512437185814275,2.0794415416798357,0,2.2039698836413417,0.049281314168377825,787,2.1546885694729636,18.62784979205246,1,2.9674190193622163,4.660232161045995,4.234130111152799,2,787.0,6.669498089857879,0.00846383006327142
865,EP4283498A2,20231129,1.536050394042591,2,2,20,0,24,,17,0,0,13.0,9.0,20231027,20251210,1.0,0.0,20231129,2,20,24,0,,,,EP,1,0,0,0,0,0,0,0,0,0,2023,11,765,2.0944558521560577,0,0,3.2188758248682006,2.8903717578961645,0,2.184804928131417,0.06297056810403832,775,2.1218343600273784,5.851021225470565,1,3.27027344878029,4.943374064796717,5.012206117923543,2,775.0,6.654152520183219,0.008574938814669097
866,EP4279475A2,20231122,1.6084307221488978,2,2,4,0,78,,84,0,0,23.0,9.0,20231020,20240925,1.0,0.0,20231122,2,4,78,0,,,,EP,1,0,0,0,0,0,0,0,0,0,2023,11,772,2.113620807665982,0,0,4.3694478524670215,4.442651256490317,0,2.2039698836413417,1.270362765229295,341,0.9336071184120466,22.252168730547645,0,4.274021476043088,4.834185747090316,5.376258374902363,2,341.0,5.834810737062605,0.01706085010837019
867,EP4283684A2,20231129,0.9508103490474331,0,2,8,0,3,,4,0,0,12.0,9.0,20231027,20240918,1.0,0.0,20231129,2,8,3,0,,,,EP,1,0,0,0,0,0,0,0,0,0,2023,11,765,2.0944558521560577,0,0,1.3862943611198906,1.6094379124341003,0,2.184804928131417,1.2895277207392197,327,0.8952772073921971,12.056942438621828,0,1.916473096507893,2.4536394209432113,2.5047151198262974,0,327.0,5.793013608384144,0.017661626854829707
868,EP4282479A2,20231129,1.4250903452689032,2,4,8,0,15,,21,0,0,17.0,10.0,20231027,20240821,1.0,0.0,20231129,4,8,15,0,,,,EP,1,0,0,0,0,0,0,0,0,0,2023,11,765,2.0944558521560577,0,0,2.772588722239781,3.091042453358316,0,2.184804928131417,1.3661875427789185,299,0.8186173853524983,18.50607257283362,0,3.2797158172838925,3.7708862484953913,3.909659838710814,1,299.0,5.703782474656201,0.019012608248854004
869,EP4278999A2,20231122,1.4468662141315702,2,4,12,0,13,,14,0,0,17.0,11.0,20231020,20250618,1.0,0.0,20231122,4,12,13,0,,,,EP,1,0,0,0,0,0,0,0,0,0,2023,11,772,2.113620807665982,0,0,2.6390573296152584,2.70805020110221,0,2.2039698836413417,0.5420944558521561,607,1.6618754277891854,9.648809292568277,1,3.0716963347928963,4.468821591466408,4.369925628891395,2,607.0,6.410174881966167,0.010543050792707512
870,EP4283092A2,20231129,1.2099836363352945,0,2,10,0,9,,7,0,0,19.0,9.0,20231027,20240814,1.0,0.0,20231129,2,10,9,0,,,,EP,1,0,0,0,0,0,0,0,0,0,2023,11,765,2.0944558521560577,0,0,2.302585092994046,2.0794415416798357,0,2.184804928131417,1.3853524982888432,292,0.7994524298425736,21.123963168708624,0,2.4576485613431958,2.93732001924874,2.8788939715224093,0,292.0,5.680172609017068,0.019386254638283508
871,EP4283091A2,20231129,1.2099836363352945,0,2,10,0,9,,7,0,0,19.0,9.0,20231027,20240821,1.0,0.0,20231129,2,10,9,0,,,,EP,1,0,0,0,0,0,0,0,0,0,2023,11,765,2.0944558521560577,0,0,2.302585092994046,2.0794415416798357,0,2.184804928131417,1.3661875427789185,299,0.8186173853524983,20.68325758140228,0,2.4576485613431958,2.9488189925546946,2.8980589270323343,0,299.0,5.703782474656201,0.019012608248854004
872,EP4279020A2,20231122,1.1798830320159719,0,2,8,0,9,,10,0,0,15.0,10.0,20231020,20250709,1.0,0.0,20231122,2,8,9,0,,,,EP,1,0,0,0,0,0,0,0,0,0,2023,11,772,2.113620807665982,0,0,2.302585092994046,2.3978952727983707,0,2.2039698836413417,0.48459958932238195,628,1.7193702943189597,8.244610812234303,1,2.6186201956949944,4.0502423722863705,4.117265567117331,1,628.0,6.444131256700441,0.01024504174356191
873,EP4280047A2,20231122,1.175833091435957,0,2,4,0,13,,14,0,0,44.0,15.0,20231020,20251029,1.0,0.0,20231122,2,4,13,0,,,,EP,1,0,0,0,0,0,0,0,0,0,2023,11,772,2.113620807665982,0,0,2.6390573296152584,2.70805020110221,0,2.2039698836413417,0.17796030116358658,740,2.026009582477755,20.69604970863784,1,2.800663212097283,4.416268961583937,4.734059783579966,2,740.0,6.608000625296087,0.008917679656270022
874,EP4279678A2,20231122,0.6212266624470001,0,2,0,0,3,,9,0,0,33.0,14.0,20231020,20251029,1.0,0.0,20231122,2,0,3,0,,,,EP,1,0,0,0,0,0,0,0,0,0,2023,11,772,2.113620807665982,0,0,1.3862943611198906,2.302585092994046,0,2.2039698836413417,0.17796030116358658,740,2.026009582477755,15.52203728147838,1,2.0027777182434274,3.6183834677300806,4.328594675471801,0,740.0,6.608000625296087,0.008917679656270022
875,EP4293152A2,20231220,1.4372878863112613,2,2,8,0,27,,16,0,0,12.0,8.0,20231117,20240904,1.0,0.0,20231220,2,8,27,0,,,,EP,1,0,0,0,0,0,0,0,0,0,2023,12,744,2.0369609856262834,0,0,3.332204510175204,2.833213344056216,0,2.127310061601643,1.3278576317590691,292,0.7994524298425736,13.341450422342287,0,3.137215892744991,3.6168873506505355,3.6326657738987898,0,292.0,5.680172609017068,0.019386254638283508
876,EP4283717A2,20231129,1.5472945780322904,2,2,14,0,31,,11,0,0,14.0,10.0,20231027,20241106,1.0,0.0,20231129,2,14,31,0,,,,EP,1,0,0,0,0,0,0,0,0,0,2023,11,765,2.0944558521560577,0,0,3.4657359027997265,2.4849066497880004,0,2.184804928131417,1.1553730321697468,376,1.0294318959616702,12.39561238712805,0,3.0382385679050907,3.6558977054820927,3.5143385457496708,1,376.0,5.932245187448011,0.015735398375193662
877,EP4286491A2,20231206,1.3911105379098239,2,2,2,0,44,,7,0,0,30.0,10.0,20231103,20250604,1.0,0.0,20231206,2,2,44,0,,,,EP,1,0,0,0,0,0,0,0,0,0,2023,12,758,2.0752908966461328,0,0,3.8066624897703196,2.0794415416798357,0,2.1656399726214923,0.5804243668720055,579,1.5852156057494866,17.80187644693554,1,2.6387754629177254,3.9899048263674173,3.664657147429322,1,579.0,6.363028103540465,0.010970738109552526
878,EP4280527A2,20231122,1.2973839393274056,1,2,8,0,15,,12,0,0,11.0,9.0,20231020,20240731,1.0,0.0,20231122,2,8,15,0,,,,EP,1,0,0,0,0,0,0,0,0,0,2023,11,772,2.113620807665982,0,0,2.772588722239781,2.5649493574615367,0,2.2039698836413417,1.4236824093086926,285,0.7802874743326489,12.495917891299277,0,2.8363535538043276,3.304526038403917,3.3452368317941854,0,285.0,5.655991810819852,0.019776195142726757
879,EP4285972A2,20231206,1.4072451681942166,2,2,2,0,47,,8,0,0,19.0,11.0,20231103,20250709,1.0,0.0,20231206,2,2,47,0,,,,EP,1,0,0,0,0,0,0,0,0,0,2023,12,758,2.0752908966461328,0,0,3.871201010907891,2.1972245773362196,0,2.1656399726214923,0.48459958932238195,614,1.68104038329911,10.667922062949156,1,2.725579914595948,4.134204144575414,3.8782649606353297,1,614.0,6.421622267806518,0.010441662224075639
880,EP4278957A2,20231122,1.6407279777571373,2,2,20,0,37,,11,0,0,17.0,10.0,20231020,20250319,1.0,0.0,20231122,2,20,37,0,,,,EP,1,0,0,0,0,0,0,0,0,0,2023,11,772,2.113620807665982,0,0,3.6375861597263857,2.4849066497880004,0,2.2039698836413417,0.7912388774811773,516,1.4127310061601643,11.237953033799375,1,3.1316719676299374,4.3793105713260365,3.8976376559481647,2,516.0,6.248042874508429,0.012085189312395415
881,EP4283437A1,20231129,1.5178922769075445,2,2,12,0,30,,11,0,0,7.0,6.0,20231027,20250507,1.0,0.0,20231129,2,12,30,0,,,,EP,1,0,0,0,0,0,0,0,0,0,2023,11,765,2.0944558521560577,0,0,3.4339872044851463,2.4849066497880004,0,2.184804928131417,0.6570841889117043,558,1.5277207392197125,4.300491989403305,1,3.0088362667803445,4.3254687103121725,4.012627389007713,2,558.0,6.326149473155099,0.011316904245357959
882,EP4287208A1,20231206,1.115542577231735,0,2,4,0,10,,6,0,0,32.0,12.0,20231103,20251215,1.0,0.0,20231206,2,4,10,0,,,,EP,1,0,0,0,0,0,0,0,0,0,2023,12,758,2.0752908966461328,0,0,2.3978952727983707,1.9459101490553132,0,2.1656399726214923,0.049281314168377825,773,2.116358658453114,14.438096414564097,1,2.283088666664923,3.9529038617367918,4.062268807508428,1,773.0,6.651571873589727,0.008593762110581044
883,EP4278927A2,20231122,1.0521766260744743,0,2,8,0,5,,10,0,0,24.0,14.0,20231020,20251210,1.0,0.0,20231122,2,8,5,0,,,,EP,1,0,0,0,0,0,0,0,0,0,2023,11,772,2.113620807665982,0,0,1.791759469228055,2.3978952727983707,0,2.2039698836413417,0.06297056810403832,782,2.1409993155373033,10.709507956384961,1,2.4909137897534963,4.175513379075879,4.538894588335674,1,782.0,6.663132695990803,0.008509748015313925
884,EP4279572A2,20231122,1.3504131485076118,1,2,6,0,22,,23,0,0,17.0,10.0,20231020,20250924,1.0,0.0,20231122,2,6,22,0,,,,EP,1,0,0,0,0,0,0,0,0,0,2023,11,772,2.113620807665982,0,0,3.1354942159291497,3.1780538303479458,0,2.2039698836413417,0.2737850787132101,705,1.9301848049281314,8.373621927783958,1,3.257245446716379,4.815356329673258,5.108238635276077,2,705.0,6.559615237493242,0.009291239713163231
885,EP4292644A2,20231220,1.5012194332828765,2,2,12,0,28,,26,0,0,31.0,13.0,20231117,20251217,1.0,0.0,20231220,2,12,28,0,,,,EP,1,0,0,0,0,0,0,0,0,0,2023,12,744,2.0369609856262834,0,0,3.367295829986474,3.295836866004329,0,2.127310061601643,0.04380561259411362,761,2.083504449007529,14.197360584307702,1,3.478721552885474,5.128824222289992,5.3793413150118585,2,761.0,6.635946555686647,0.00870859128042867
886,EP4283965A2,20231129,1.2077769338907087,0,2,6,0,12,,11,0,0,41.0,13.0,20231027,20251029,1.0,0.0,20231129,2,6,12,0,,,,EP,1,0,0,0,0,0,0,0,0,0,2023,11,765,2.0944558521560577,0,0,2.5649493574615367,2.4849066497880004,0,2.184804928131417,0.17796030116358658,733,2.00684462696783,19.460381404112926,1,2.698720923763509,4.302827699944207,4.4917512767558305,2,733.0,6.598509028614515,0.008989794316913508
887,EP4296782A2,20231227,1.493073774139814,2,2,8,0,34,,39,0,0,15.0,9.0,20231124,20250122,1.0,0.0,20231227,2,8,34,0,,,,EP,1,0,0,0,0,0,0,0,0,0,2023,12,737,2.0177960301163584,0,0,3.5553480614894135,3.6888794541139363,0,2.108145106091718,0.944558521560575,425,1.163586584531143,11.870971236661068,1,3.7064014466081754,4.8045533973268615,4.85246603864508,2,425.0,6.054439346269371,0.014212298934904626
888,EP4280507A2,20231122,1.3113499133623354,1,2,10,0,14,,10,0,0,10.0,8.0,20231020,20240821,1.0,0.0,20231122,2,10,14,0,,,,EP,1,0,0,0,0,0,0,0,0,0,2023,11,772,2.113620807665982,0,0,2.70805020110221,2.3978952727983707,0,2.2039698836413417,1.3661875427789185,306,0.837782340862423,10.663455222246553,0,2.750087077041358,3.2527564815588117,3.2356776136607937,0,306.0,5.726847747587197,0.018654227190837775
889,EP4278985A2,20231122,1.5690858908212952,2,2,34,0,20,,11,0,0,60.0,18.0,20231020,20251223,1.0,1.0,20231122,2,34,20,0,,,,EP,1,0,0,0,0,0,0,0,0,0,2023,11,772,2.113620807665982,0,0,3.044522437723423,2.4849066497880004,0,2.2039698836413417,0.02737850787132101,795,2.1765913757700206,26.355190763957786,1,3.0600298806940955,4.765984706156108,4.661498025558021,2,795.0,6.679599185844383,0.008391456263623597
890,EP4279516A2,20231122,1.0907142960312888,0,2,8,0,6,,8,0,0,12.0,9.0,20231020,20250507,1.0,0.0,20231122,2,8,6,0,,,,EP,1,0,0,0,0,0,0,0,0,0,2023,11,772,2.113620807665982,0,0,1.9459101490553132,2.1972245773362196,0,2.2039698836413417,0.6570841889117043,565,1.5468856947296372,7.286480196168072,1,2.40904904243302,3.7371804592708027,3.744110272065857,1,565.0,6.338594078203183,0.011198929466790077
891,EP4279096A2,20231122,1.8531366938870708,2,2,10,0,130,,111,0,0,27.0,10.0,20231020,20241002,1.0,0.0,20231122,2,10,130,0,,,,EP,1,0,0,0,0,0,0,0,0,0,2023,11,772,2.113620807665982,0,0,4.875197323201151,4.718498871295094,0,2.2039698836413417,1.2511978097193703,348,0.9527720739219713,25.64657694558221,0,4.684236016664127,5.25589926101731,5.671270945217065,2,348.0,5.855071922202427,0.016776710378803517
892,EP4278929A2,20231122,1.203710576967053,0,2,8,0,10,,10,0,0,10.0,8.0,20231020,20240911,1.0,0.0,20231122,2,8,10,0,,,,EP,1,0,0,0,0,0,0,0,0,0,2023,11,772,2.113620807665982,0,0,2.3978952727983707,2.3978952727983707,0,2.2039698836413417,1.3086926762491444,327,0.8952772073921971,10.047452032184857,0,2.6424477406460753,3.1796140650813935,3.2931724801905675,0,327.0,5.793013608384144,0.017661626854829707
893,EP4280040A2,20231122,1.4939102729448974,2,2,22,0,19,,15,0,0,39.0,14.0,20231020,20251029,1.0,0.0,20231122,2,22,19,0,,,,EP,1,0,0,0,0,0,0,0,0,0,2023,11,772,2.113620807665982,0,0,2.995732273553991,2.772588722239781,0,2.2039698836413417,0.17796030116358658,740,2.026009582477755,18.344225878110812,1,3.1574635062887664,4.77306925577542,4.798598304717537,2,740.0,6.608000625296087,0.008917679656270022
894,EP4278970A2,20231122,0.8873847827742576,0,2,2,0,5,,8,0,0,17.0,11.0,20231020,20251217,1.0,0.0,20231122,2,2,5,0,,,,EP,1,0,0,0,0,0,0,0,0,0,2023,11,772,2.113620807665982,0,0,1.791759469228055,2.1972245773362196,0,2.2039698836413417,0.04380561259411362,789,2.1601642710472277,7.521577178159354,1,2.2057195291759895,3.901818091804326,4.357388848383447,1,789.0,6.672032945461067,0.00844561132336844
895,EP4282879A2,20231129,1.374565560153429,1,2,4,0,30,,23,0,0,17.0,9.0,20231027,20241023,1.0,0.0,20231129,2,4,30,0,,,,EP,1,0,0,0,0,0,0,0,0,0,2023,11,765,2.0944558521560577,0,0,3.4339872044851463,3.1780538303479458,0,2.184804928131417,1.1937029431895962,362,0.9911019849418207,15.580578382786525,0,3.2813978583621966,3.876059049327289,4.169155815289766,1,362.0,5.8944028342648505,0.01623802433681777
896,EP4286173A2,20231206,1.060671577914244,0,2,2,0,11,,20,0,0,12.0,8.0,20231103,20250205,1.0,0.0,20231206,2,2,11,0,,,,EP,1,0,0,0,0,0,0,0,0,0,2023,12,758,2.0752908966461328,0,0,2.4849066497880004,3.044522437723423,0,2.1656399726214923,0.9062286105407256,460,1.2594113620807665,8.827350083077388,1,2.8873850405482977,4.043031857796758,4.30393379980419,1,460.0,6.133398042996649,0.013304551069407047
897,EP4296772A2,20231227,1.175554660258854,0,2,2,0,18,,13,0,0,23.0,12.0,20231124,20251029,1.0,0.0,20231227,2,2,18,0,,,,EP,1,0,0,0,0,0,0,0,0,0,2023,12,737,2.0177960301163584,0,0,2.9444389791664403,2.6390573296152584,0,2.108145106091718,0.17796030116358658,705,1.9301848049281314,11.329017902295943,1,2.7589890580280088,4.317099940984888,4.56924213454339,2,705.0,6.559615237493242,0.009291239713163231
898,EP4280433A2,20231122,1.500116493381488,2,2,8,0,35,,8,0,0,46.0,15.0,20231020,20251029,1.0,0.0,20231122,2,8,35,0,,,,EP,1,0,0,0,0,0,0,0,0,0,2023,11,772,2.113620807665982,0,0,3.58351893845611,2.1972245773362196,0,2.2039698836413417,0.17796030116358658,740,2.026009582477755,21.63677924084865,1,2.8184512397832195,4.434056989269873,4.223234159813975,2,740.0,6.608000625296087,0.008917679656270022
899,EP4283528A2,20231129,1.455376609897678,2,2,6,0,34,,12,0,0,21.0,10.0,20231027,20251029,1.0,0.0,20231129,2,6,34,0,,,,EP,1,0,0,0,0,0,0,0,0,0,2023,11,765,2.0944558521560577,0,0,3.5553480614894135,2.5649493574615367,0,2.184804928131417,0.17796030116358658,733,2.00684462696783,9.967512426496866,1,2.9943462243746,4.598453000555298,4.571793984429367,2,733.0,6.598509028614515,0.008989794316913508
900,EP4278940A2,20231122,1.539494669052981,2,2,6,0,48,,13,0,0,35.0,14.0,20231020,20251231,1.0,0.0,20231122,2,6,48,0,,,,EP,1,0,0,0,0,0,0,0,0,0,2023,11,772,2.113620807665982,0,0,3.8918202981106265,2.6390573296152584,0,2.2039698836413417,0.0054757015742642025,803,2.198494182067077,15.227360709925255,1,3.122929066822136,4.842025576062382,4.837551511682335,2,803.0,6.6895992691789665,0.008320397100968864
901,EP4295865A2,20231227,1.175554660258854,0,2,2,0,18,,15,0,0,15.0,10.0,20231124,20250212,1.0,0.0,20231227,2,2,18,0,,,,EP,1,0,0,0,0,0,0,0,0,0,2023,12,737,2.0177960301163584,0,0,2.9444389791664403,2.772588722239781,0,2.108145106091718,0.8870636550308009,446,1.2210814510609171,11.35433397233304,1,2.8391078936027228,3.971756764239273,3.993670173300698,1,446.0,6.102558594613569,0.013652256363788745
902,EP4279012A2,20231122,1.59544078741622,2,4,4,0,44,,33,0,0,16.0,10.0,20231020,20250122,1.0,0.0,20231122,4,4,44,0,,,,EP,1,0,0,0,0,0,0,0,0,0,2023,11,772,2.113620807665982,0,0,3.8066624897703196,3.5263605246161616,0,2.2039698836413417,0.944558521560575,460,1.2594113620807665,11.76980011076985,1,3.7112571021859164,4.866903919434376,4.785771886696928,2,460.0,6.133398042996649,0.013304551069407047
903,EP4279011A2,20231122,1.59544078741622,2,4,4,0,44,,33,0,0,16.0,10.0,20231020,20250326,1.0,0.0,20231122,4,4,44,0,,,,EP,1,0,0,0,0,0,0,0,0,0,2023,11,772,2.113620807665982,0,0,3.8066624897703196,3.5263605246161616,0,2.2039698836413417,0.7720739219712526,523,1.431895961670089,10.444573522183994,1,3.7112571021859164,4.9703946791879705,4.958256486286251,2,523.0,6.261491684321042,0.011949411611299698
904,EP4276239A2,20231115,1.5624507334863993,2,2,14,0,33,,7,0,0,45.0,16.0,20231013,20251022,1.0,0.0,20231115,2,14,33,0,,,,EP,1,0,0,0,0,0,0,0,0,0,2023,11,779,2.132785763175907,0,0,3.5263605246161616,2.0794415416798357,0,2.223134839151266,0.1971252566735113,740,2.026009582477755,21.166414474743245,1,2.8101156584943006,4.425721407980954,4.105451124157591,2,740.0,6.608000625296087,0.008917679656270022
905,EP4295700A2,20231227,1.1573060983975267,0,2,4,0,12,,12,0,0,17.0,9.0,20231124,20241023,1.0,0.0,20231227,2,4,12,0,,,,EP,1,0,0,0,0,0,0,0,0,0,2023,12,737,2.0177960301163584,0,0,2.5649493574615367,2.5649493574615367,0,2.108145106091718,1.1937029431895962,334,0.9144421629021219,16.757978543957897,0,2.696275712874449,3.244941010615722,3.4793915203636585,0,334.0,5.814130531825066,0.01735561352783602
906,EP4279014A2,20231122,1.4715112401820707,2,6,6,0,15,,9,0,0,16.0,10.0,20231020,20250108,1.0,0.0,20231122,6,6,15,0,,,,EP,1,0,0,0,0,0,0,0,0,0,2023,11,772,2.113620807665982,0,0,2.772588722239781,2.302585092994046,0,2.2039698836413417,0.9828884325804244,446,1.2210814510609171,12.111289570488575,1,2.853062295978498,3.985711166615048,3.5236665440549633,1,446.0,6.102558594613569,0.013652256363788745
907,EP4276241A2,20231115,1.3268296982415015,1,2,8,0,17,,19,0,0,14.0,8.0,20231013,20240228,1.0,0.0,20231115,2,8,17,0,,,,EP,1,0,0,0,0,0,0,0,0,0,2023,11,779,2.132785763175907,0,0,2.8903717578961645,2.995732273553991,0,2.223134839151266,1.8453114305270362,138,0.37782340862423,29.299527288354103,0,3.1242690623738962,3.3509631075484343,3.3735556821782207,0,138.0,4.9344739331306915,0.03549981246856613
908,EP4280526A2,20231122,1.2812493090430128,1,2,8,0,14,,10,0,0,10.0,8.0,20231020,20240221,1.0,0.0,20231122,2,8,14,0,,,,EP,1,0,0,0,0,0,0,0,0,0,2023,11,772,2.113620807665982,0,0,2.70805020110221,2.3978952727983707,0,2.2039698836413417,1.864476386036961,124,0.3394934976043806,22.75346519233764,0,2.7199864727220353,2.9236825712846635,2.737388770402751,0,124.0,4.8283137373023015,0.03862650989841841
909,EP4275783A2,20231115,1.493073774139814,2,2,8,0,34,,9,0,0,12.0,10.0,20231013,20250402,1.0,0.0,20231115,2,8,34,0,,,,EP,1,0,0,0,0,0,0,0,0,0,2023,11,779,2.132785763175907,0,0,3.5553480614894135,2.302585092994046,0,2.223134839151266,0.7529089664613279,537,1.4702258726899384,7.642212632404864,1,2.8746248299362414,4.1567603535502045,3.772810965683984,1,537.0,6.2878585601617845,0.011687469442679897
910,EP4278982A2,20231122,1.2891325339993656,1,2,6,0,17,,16,0,0,22.0,10.0,20231020,20250625,1.0,0.0,20231122,2,6,17,0,,,,EP,1,0,0,0,0,0,0,0,0,0,2023,11,772,2.113620807665982,0,0,2.8903717578961645,2.833213344056216,0,2.2039698836413417,0.5229295003422314,614,1.68104038329911,12.352330809730603,1,2.989060540433095,4.397684770412561,4.514253727355326,2,614.0,6.421622267806518,0.010441662224075639
911,EP4282776A2,20231129,0.9593053008872028,0,2,2,0,7,,13,0,0,9.0,7.0,20231027,20241120,1.0,0.0,20231129,2,2,7,0,,,,EP,1,0,0,0,0,0,0,0,0,0,2023,11,765,2.0944558521560577,0,0,2.0794415416798357,2.6390573296152584,0,2.184804928131417,1.1170431211498972,390,1.0677618069815196,7.707051169333567,0,2.5427396986563577,3.1833967828452696,3.7068191365967778,0,390.0,5.968707559985366,0.015265236726305283
912,EP4279709A2,20231122,1.3154726629138223,1,2,6,0,19,,6,0,0,41.0,15.0,20231020,20251215,1.0,0.0,20231122,2,6,19,0,,,,EP,1,0,0,0,0,0,0,0,0,0,2023,11,772,2.113620807665982,0,0,2.995732273553991,1.9459101490553132,0,2.2039698836413417,0.049281314168377825,787,2.1546885694729636,18.184329558908352,1,2.48301875234701,4.175831894030789,4.100598718528277,1,787.0,6.669498089857879,0.00846383006327142
913,EP4279706A2,20231122,1.381988415260299,2,2,12,0,17,,6,0,0,11.0,8.0,20231020,20251205,1.0,0.0,20231122,2,12,17,0,,,,EP,1,0,0,0,0,0,0,0,0,0,2023,11,772,2.113620807665982,0,0,2.8903717578961645,1.9459101490553132,0,2.2039698836413417,0.07665982203969883,777,2.127310061601643,4.938692726099382,1,2.549534504693487,4.225920541654473,4.073220210656956,1,777.0,6.656726524178391,0.00855620375858405
914,EP4279747A2,20231122,1.395505220577868,2,2,12,0,18,,7,0,0,13.0,9.0,20231020,20241023,1.0,0.0,20231122,2,12,18,0,,,,EP,1,0,0,0,0,0,0,0,0,0,2023,11,772,2.113620807665982,0,0,2.9444389791664403,2.0794415416798357,0,2.2039698836413417,1.1937029431895962,369,1.0102669404517455,11.708895875716662,0,2.6431701455857697,3.249330309856817,3.0897084821315812,0,369.0,5.91350300563827,0.015982440555779107
915,EP4275625A2,20231115,1.2435521448008768,1,2,6,0,14,,9,0,0,53.0,16.0,20231013,20251028,1.0,0.0,20231115,2,6,14,0,,,,EP,1,0,0,0,0,0,0,0,0,0,2023,11,779,2.132785763175907,0,0,2.70805020110221,2.302585092994046,0,2.223134839151266,0.1806981519507187,746,2.0424366872005475,24.738187278361714,1,2.6251032005973043,4.250565212917633,4.345021780194593,1,746.0,6.616065185132817,0.00885684763739333
916,EP4280421A2,20231122,0.9259224527310722,0,2,2,0,6,,7,0,0,10.0,8.0,20231020,20240904,1.0,0.0,20231122,2,2,6,0,,,,EP,1,0,0,0,0,0,0,0,0,0,2023,11,772,2.113620807665982,0,0,1.9459101490553132,2.0794415416798357,0,2.2039698836413417,1.3278576317590691,320,0.8761122518822724,10.24472337143258,0,2.173587377738974,2.699254728868337,2.955553793562108,0,320.0,5.771441123130016,0.01797956736177575
917,EP4279036A2,20231122,1.583590080493415,2,2,14,0,36,,36,0,0,13.0,10.0,20231020,20240207,1.0,0.0,20231122,2,14,36,0,,,,EP,1,0,0,0,0,0,0,0,0,0,2023,11,772,2.113620807665982,0,0,3.6109179126442243,3.6109179126442243,0,2.2039698836413417,1.9028062970568105,110,0.30116358658453113,32.405732810100666,0,3.7501408280799495,3.9308389800306682,3.9120814992287554,1,110.0,4.709530201312334,0.04242820001182283
918,EP4275656A2,20231115,0.7140979876342713,0,2,2,0,2,,52,0,0,16.0,11.0,20231013,20251008,1.0,0.0,20231115,2,2,2,0,,,,EP,1,0,0,0,0,0,0,0,0,0,2023,11,779,2.132785763175907,0,0,1.0986122886681098,3.970291913552122,0,2.223134839151266,0.23545516769336072,726,1.9876796714579055,7.664011016032262,1,3.0962731357655446,4.688880938640288,5.957971585010028,2,726.0,6.588926477533519,0.009063172596332214
919,EP4280113A2,20231122,1.5370668412478392,2,2,10,0,36,,21,0,0,50.0,10.0,20231020,20250129,1.0,0.0,20231122,2,10,36,0,,,,EP,1,0,0,0,0,0,0,0,0,0,2023,11,772,2.113620807665982,0,0,3.6109179126442243,3.091042453358316,0,2.2039698836413417,0.9253935660506503,467,1.2785763175906912,36.26930142495407,1,3.391692313262829,4.558838103817244,4.369618770949007,2,467.0,6.148468295917647,0.013137752769054802
920,EP4279077A2,20231122,0.8626423493121151,0,3,4,0,2,,14,0,0,13.0,10.0,20231020,20251112,1.0,0.0,20231122,3,4,2,0,,,,EP,1,0,0,0,0,0,0,0,0,0,2023,11,772,2.113620807665982,0,0,1.0986122886681098,2.70805020110221,0,2.2039698836413417,0.13963039014373715,754,2.0643394934976045,6.006451408873849,1,2.487472469973441,4.126076166072004,4.7723896945998145,1,754.0,6.626717749249025,0.008777109601654337
921,EP4284103A2,20231129,1.432973570225256,2,2,6,0,31,,38,0,0,44.0,16.0,20231027,20251215,1.0,0.0,20231129,2,6,31,0,,,,EP,1,0,0,0,0,0,0,0,0,0,2023,11,765,2.0944558521560577,0,0,3.4657359027997265,3.6635616461296463,0,2.184804928131417,0.049281314168377825,780,2.135523613963039,19.682189767612748,1,3.631110557903044,5.3124247262808675,5.799085260092685,2,780.0,6.660575149839686,0.008528265236670532
922,EP4279274A2,20231122,1.2979417165885305,1,2,2,0,30,,6,0,0,13.0,9.0,20231020,20240703,1.0,0.0,20231122,2,2,30,0,,,,EP,1,0,0,0,0,0,0,0,0,0,2023,11,772,2.113620807665982,0,0,3.4339872044851463,1.9459101490553132,0,2.2039698836413417,1.5003422313483916,257,0.70362765229295,16.176645941572268,0,2.4654878060217182,2.8876643973974883,2.6495378013482633,0,257.0,5.552959584921617,0.021523099166362858
923,EP4295673A2,20231227,1.5108323766289797,2,2,18,0,23,,13,0,0,18.0,12.0,20231124,20251217,1.0,0.0,20231227,2,18,23,0,,,,EP,1,0,0,0,0,0,0,0,0,0,2023,12,737,2.0177960301163584,0,0,3.1780538303479458,2.6390573296152584,0,2.108145106091718,0.04380561259411362,754,2.0643394934976045,8.316625027671483,1,3.0942667743981347,4.732870470496698,4.703396823112863,2,754.0,6.626717749249025,0.008777109601654337
924,EP4283596A2,20231129,1.1240971441874192,0,2,8,0,7,,10,0,0,8.0,7.0,20231027,20240306,1.0,0.0,20231129,2,8,7,0,,,,EP,1,0,0,0,0,0,0,0,0,0,2023,11,765,2.0944558521560577,0,0,2.0794415416798357,2.3978952727983707,0,2.184804928131417,1.8261464750171115,131,0.3586584531143053,17.442172810028353,0,2.5628343078664413,2.7780293797350244,2.756553725912676,0,131.0,4.882801922586371,0.03699092365595735
925,EP4286287A2,20231206,0.9184282371406676,0,2,4,0,4,,22,0,0,48.0,16.0,20231103,20251029,1.0,0.0,20231206,2,4,4,0,,,,EP,1,0,0,0,0,0,0,0,0,0,2023,12,758,2.0752908966461328,0,0,1.6094379124341003,3.1354942159291497,0,2.1656399726214923,0.17796030116358658,726,1.9876796714579055,22.992033048096786,1,2.7997247666981573,4.3923325695729005,5.123173887387055,2,726.0,6.588926477533519,0.009063172596332214
926,EP4278936A1,20231122,1.3901956493987626,2,2,4,0,32,,13,0,0,44.0,14.0,20231020,20251028,1.0,0.0,20231122,2,4,32,0,,,,EP,1,0,0,0,0,0,0,0,0,0,2023,11,772,2.113620807665982,0,0,3.4965075614664802,2.6390573296152584,0,2.2039698836413417,0.1806981519507187,739,2.023271731690623,20.72273621095387,1,2.9736300471679176,4.587593086182292,4.662329061305881,2,739.0,6.606650186198215,0.008927905657024615
927,EP4283252A1,20231129,1.482430006057736,2,2,6,0,38,,14,0,0,11.0,9.0,20231027,20251210,1.0,0.0,20231129,2,6,38,0,,,,EP,1,0,0,0,0,0,0,0,0,0,2023,11,765,2.0944558521560577,0,0,3.6635616461296463,2.70805020110221,0,2.184804928131417,0.06297056810403832,775,2.1218343600273784,4.9508641138597085,1,3.107260126719062,4.780360742735489,4.829884561129589,2,775.0,6.654152520183219,0.008574938814669097
928,EP4279119A2,20231122,1.4940745103891788,2,2,4,0,49,,23,0,0,33.0,10.0,20231020,20251217,1.0,0.0,20231122,2,4,49,0,,,,EP,1,0,0,0,0,0,0,0,0,0,2023,11,772,2.113620807665982,0,0,3.912023005428146,3.1780538303479458,0,2.2039698836413417,0.04380561259411362,789,2.1601642710472277,14.600708639956393,1,3.400906808597946,5.097005371226283,5.3382181013951735,2,789.0,6.672032945461067,0.00844561132336844
929,EP4278916A2,20231122,1.2891325339993656,1,2,6,0,17,,9,0,0,16.0,10.0,20231020,20251015,1.0,0.0,20231122,2,6,17,0,,,,EP,1,0,0,0,0,0,0,0,0,0,2023,11,772,2.113620807665982,0,0,2.8903717578961645,2.302585092994046,0,2.2039698836413417,0.216290212183436,726,1.9876796714579055,7.664011016032262,1,2.670683589795793,4.263291392670537,4.290264764451951,1,726.0,6.588926477533519,0.009063172596332214
930,EP4280078A2,20231122,1.4281959752685427,2,2,8,0,26,,17,0,0,19.0,9.0,20231020,20250709,1.0,0.0,20231122,2,8,26,0,,,,EP,1,0,0,0,0,0,0,0,0,0,2023,11,772,2.113620807665982,0,0,3.295836866004329,2.8903717578961645,0,2.2039698836413417,0.48459958932238195,628,1.7193702943189597,10.443173695496782,1,3.1624190300062414,4.594041206597618,4.6097420522151245,2,628.0,6.444131256700441,0.01024504174356191
931,EP4277286A2,20231115,1.4953847368377295,2,2,14,0,25,,7,0,0,14.0,10.0,20231013,20250924,1.0,0.0,20231115,2,14,25,0,,,,EP,1,0,0,0,0,0,0,0,0,0,2023,11,779,2.132785763175907,0,0,3.258096538021482,2.0794415416798357,0,2.223134839151266,0.2737850787132101,712,1.949349760438056,6.83143515580642,1,2.743049661845631,4.312659518108465,4.028791302117892,2,712.0,6.569481420414296,0.009213858934662407
932,EP4278921A2,20231122,0.7860185057472165,0,2,2,0,3,,15,0,0,44.0,19.0,20231020,20251224,1.0,1.0,20231122,2,2,3,0,,,,EP,1,0,0,0,0,0,0,0,0,0,2023,11,772,2.113620807665982,0,0,1.3862943611198906,2.772588722239781,0,2.2039698836413417,0.024640657084188913,796,2.1793292265571527,19.30392480706285,1,2.4495717390910854,4.157169275025377,4.951917948796934,1,796.0,6.680854678790215,0.008382502733739292
933,EP4292886A2,20231220,1.5326862013192608,2,2,16,0,27,,4,0,0,19.0,12.0,20231117,20251203,1.0,0.0,20231220,2,16,27,0,,,,EP,1,0,0,0,0,0,0,0,0,0,2023,12,744,2.0369609856262834,0,0,3.332204510175204,1.6094379124341003,0,2.127310061601643,0.08213552361396304,747,2.0451745379876796,8.857088159280176,1,2.498348948779721,4.125453671572329,3.65461245042178,1,747.0,6.617402977974478,0.00884679542509957
934,EP4283560A2,20231129,1.2339583730542303,1,2,2,0,23,,8,0,0,9.0,7.0,20231027,20240228,1.0,0.0,20231129,2,2,23,0,,,,EP,1,0,0,0,0,0,0,0,0,0,2023,11,765,2.0944558521560577,0,0,3.1780538303479458,2.1972245773362196,0,2.184804928131417,1.8453114305270362,124,0.3394934976043806,20.478118673103875,0,2.552293119455962,2.7559892180185903,2.5367180749406,0,124.0,4.8283137373023015,0.03862650989841841
935,EP4282486A2,20231129,1.6996894678136385,2,2,6,0,92,,26,0,0,18.0,12.0,20231027,20250430,1.0,0.0,20231129,2,6,92,0,,,,EP,1,0,0,0,0,0,0,0,0,0,2023,11,765,2.0944558521560577,0,0,4.532599493153256,3.295836866004329,0,2.184804928131417,0.676249144421629,551,1.5085557837097878,11.190162120760817,1,3.677191587416236,4.982325057642109,4.804392649714117,2,551.0,6.313548046277095,0.011437587040357055
936,EP4286538A2,20231206,1.2812493090430128,1,2,8,0,14,,14,0,0,21.0,12.0,20231103,20241030,1.0,0.0,20231206,2,8,14,0,,,,EP,1,0,0,0,0,0,0,0,0,0,2023,12,758,2.0752908966461328,0,0,2.70805020110221,2.70805020110221,0,2.1656399726214923,1.1745379876796715,362,0.9911019849418207,19.24659682579512,0,2.906079429704339,3.5007406206694314,3.6991521860440306,0,362.0,5.8944028342648505,0.01623802433681777
937,EP4278923A2,20231122,0.9259224527310722,0,2,2,0,6,,6,0,0,12.0,9.0,20231020,20241211,1.0,0.0,20231122,2,2,6,0,,,,EP,1,0,0,0,0,0,0,0,0,0,2023,11,772,2.113620807665982,0,0,1.9459101490553132,1.9459101490553132,0,2.2039698836413417,1.0595482546201231,418,1.1444216290212184,9.643033936527143,0,2.0934685421642603,2.7801215195769915,3.0903317780765316,0,418.0,6.037870919922137,0.014410193126305816
938,EP4279352A2,20231122,1.5728775172091118,2,2,6,0,55,,31,0,0,51.0,16.0,20231020,20251029,1.0,0.0,20231122,2,6,55,0,,,,EP,1,0,0,0,0,0,0,0,0,0,2023,11,772,2.113620807665982,0,0,4.02535169073515,3.4657359027997265,0,2.2039698836413417,0.17796030116358658,740,2.026009582477755,23.988603071375678,1,3.6523190588889474,5.267924808375601,5.491745485277482,2,740.0,6.608000625296087,0.008917679656270022
939,EP4279129A2,20231122,1.6139532800319307,2,2,6,0,65,,11,0,0,9.0,7.0,20231020,20241113,1.0,0.0,20231122,2,6,65,0,,,,EP,1,0,0,0,0,0,0,0,0,0,2023,11,772,2.113620807665982,0,0,4.189654742026425,2.4849066497880004,0,2.2039698836413417,1.136208076659822,390,1.0677618069815196,7.707051169333567,0,3.104897269904731,3.7455543540936427,3.5526684567695197,1,390.0,5.968707559985366,0.015265236726305283
940,EP4279202A2,20231122,1.4759361344569208,2,2,6,0,37,,16,0,0,18.0,9.0,20231020,20241002,1.0,0.0,20231122,2,6,37,0,,,,EP,1,0,0,0,0,0,0,0,0,0,2023,11,772,2.113620807665982,0,0,3.6375861597263857,2.833213344056216,0,2.2039698836413417,1.2511978097193703,348,0.9527720739219713,17.097717963721475,0,3.1758641408906505,3.747527385243833,3.7859854179781873,1,348.0,5.855071922202427,0.016776710378803517
941,EP4280548A2,20231122,1.1158457388593792,0,2,6,0,8,,8,0,0,12.0,9.0,20231020,20240731,1.0,0.0,20231122,2,6,8,0,,,,EP,1,0,0,0,0,0,0,0,0,0,2023,11,772,2.113620807665982,0,0,2.1972245773362196,2.1972245773362196,0,2.2039698836413417,1.4236824093086926,285,0.7802874743326489,13.631910426871938,0,2.434180485261111,2.9023529698607002,2.9775120516688682,0,285.0,5.655991810819852,0.019776195142726757
942,EP4279567A2,20231122,1.6858737981448761,2,2,6,0,87,,8,0,0,13.0,8.0,20231020,20241204,1.0,0.0,20231122,2,6,87,0,,,,EP,1,0,0,0,0,0,0,0,0,0,2023,11,772,2.113620807665982,0,0,4.477336814478207,2.1972245773362196,0,2.2039698836413417,1.0787132101300478,411,1.1252566735112937,10.610021786492373,0,3.004208544546608,3.6793625486533843,3.3224812508475132,1,411.0,6.021023349349527,0.014614134343081375
943,EP4276399A2,20231115,0.7860185057472165,0,2,2,0,3,,4,0,0,10.0,8.0,20231013,20240904,1.0,0.0,20231115,2,2,3,0,,,,EP,1,0,0,0,0,0,0,0,0,0,2023,11,779,2.132785763175907,0,0,1.3862943611198906,1.6094379124341003,0,2.223134839151266,1.3278576317590691,327,0.8952772073921971,10.047452032184857,0,1.7516812532076766,2.288847577642995,2.5047151198262974,0,327.0,5.793013608384144,0.017661626854829707
944,EP4296828A2,20231227,1.2771993684629983,1,2,4,0,20,,19,0,0,21.0,13.0,20231124,20251008,1.0,0.0,20231227,2,4,20,0,,,,EP,1,0,0,0,0,0,0,0,0,0,2023,12,737,2.0177960301163584,0,0,3.044522437723423,2.995732273553991,0,2.108145106091718,0.23545516769336072,684,1.8726899383983573,10.645362756323514,1,3.0746387325953926,4.598252695634407,4.868422211952348,2,684.0,6.529418838262226,0.009531998304032447
945,EP4279115A2,20231122,1.3881103127497478,2,2,8,0,22,,16,0,0,9.0,7.0,20231020,20240717,1.0,0.0,20231122,2,8,22,0,,,,EP,1,0,0,0,0,0,0,0,0,0,2023,11,772,2.113620807665982,0,0,3.1354942159291497,2.833213344056216,0,2.2039698836413417,1.462012320328542,271,0.7419575633127995,10.689374847573367,0,3.0880383191834775,3.533212857171157,3.5751709073690154,0,271.0,5.605802066295998,0.020609566420205873
946,EP4280441A2,20231122,1.3403465035590705,1,2,8,0,18,,9,0,0,16.0,9.0,20231020,20240925,1.0,0.0,20231122,2,8,18,0,,,,EP,1,0,0,0,0,0,0,0,0,0,2023,11,772,2.113620807665982,0,0,2.9444389791664403,2.302585092994046,0,2.2039698836413417,1.270362765229295,341,0.9336071184120466,15.479769551685319,0,2.721897559355498,3.282061830402726,3.2361922114060926,0,341.0,5.834810737062605,0.01706085010837019
947,EP4279103A2,20231122,1.4940745103891788,2,2,4,0,49,,49,0,0,16.0,11.0,20231020,20251210,1.0,0.0,20231122,2,4,49,0,,,,EP,1,0,0,0,0,0,0,0,0,0,2023,11,772,2.113620807665982,0,0,3.912023005428146,3.912023005428146,0,2.2039698836413417,0.06297056810403832,782,2.1409993155373033,7.139671970923307,1,3.8412883136460665,5.5258879029684485,6.053022320965449,2,782.0,6.663132695990803,0.008509748015313925
948,EP4285729A2,20231206,1.5827528947419252,2,2,18,0,31,,11,0,0,25.0,11.0,20231103,20251008,1.0,0.0,20231206,2,18,31,0,,,,EP,1,0,0,0,0,0,0,0,0,0,2023,12,758,2.0752908966461328,0,0,3.4657359027997265,2.4849066497880004,0,2.1656399726214923,0.23545516769336072,705,1.9301848049281314,12.31414989379994,1,3.0736968846147255,4.631807767571605,4.415091454716132,2,705.0,6.559615237493242,0.009291239713163231
949,EP4286407A2,20231206,1.6062603653652423,2,2,6,0,63,,31,0,0,20.0,11.0,20231103,20251105,1.0,0.0,20231206,2,6,63,0,,,,EP,1,0,0,0,0,0,0,0,0,0,2023,12,758,2.0752908966461328,0,0,4.1588830833596715,3.4657359027997265,0,2.1656399726214923,0.15879534565366188,733,2.00684462696783,9.492868977616062,1,3.685701907045078,5.289808683225776,5.472580529767557,2,733.0,6.598509028614515,0.008989794316913508
950,EP4283100A2,20231129,1.913178392503626,2,2,20,0,112,,14,0,0,26.0,11.0,20231027,20250326,1.0,0.0,20231129,2,20,112,0,,,,EP,1,0,0,0,0,0,0,0,0,0,2023,11,765,2.0944558521560577,0,0,4.727387818712341,2.70805020110221,0,2.184804928131417,0.7720739219712526,516,1.4127310061601643,17.187457581104926,1,3.538008513164952,4.785647116861051,4.120781207262374,2,516.0,6.248042874508429,0.012085189312395415
951,EP4279651A2,20231122,1.3995907220691253,2,6,6,0,11,,7,0,0,13.0,9.0,20231020,20240807,1.0,0.0,20231122,6,6,11,0,,,,EP,1,0,0,0,0,0,0,0,0,0,2023,11,772,2.113620807665982,0,0,2.4849066497880004,2.0794415416798357,0,2.2039698836413417,1.404517453798768,292,0.7994524298425736,14.453237957537478,0,2.647255647077027,3.1269271049825713,2.8788939715224093,0,292.0,5.680172609017068,0.019386254638283508
952,EP4296197A2,20231227,1.5069662369285166,2,2,8,0,36,,20,0,0,24.0,10.0,20231124,20251029,1.0,0.0,20231227,2,8,36,0,,,,EP,1,0,0,0,0,0,0,0,0,0,2023,12,737,2.0177960301163584,0,0,3.6109179126442243,3.044522437723423,0,2.108145106091718,0.17796030116358658,705,1.9301848049281314,11.821583898047942,1,3.3336796995625706,4.89179058251945,4.974707242651554,2,705.0,6.559615237493242,0.009291239713163231
953,EP4280457A2,20231122,1.5012194332828765,2,2,12,0,28,,8,0,0,19.0,9.0,20231020,20240703,1.0,0.0,20231122,2,12,28,0,,,,EP,1,0,0,0,0,0,0,0,0,0,2023,11,772,2.113620807665982,0,0,3.367295829986474,2.1972245773362196,0,2.2039698836413417,1.5003422313483916,257,0.70362765229295,23.642790222297933,0,2.819554179684608,3.241730771060378,2.9008522296291694,0,257.0,5.552959584921617,0.021523099166362858
954,EP4276521A2,20231115,1.393331469317546,2,2,18,0,14,,8,0,0,18.0,9.0,20231013,20240828,1.0,0.0,20231115,2,18,14,0,,,,EP,1,0,0,0,0,0,0,0,0,0,2023,11,779,2.132785763175907,0,0,2.70805020110221,2.1972245773362196,0,2.223134839151266,1.3470225872689938,320,0.8761122518822724,18.440502068578642,0,2.7116662157192777,3.237333566848641,3.073336829218492,0,320.0,5.771441123130016,0.01797956736177575
955,EP4280604A2,20231122,1.3400279755332247,1,2,4,0,26,,9,0,0,14.0,8.0,20231020,20240228,1.0,0.0,20231122,2,4,26,0,,,,EP,1,0,0,0,0,0,0,0,0,0,2023,11,772,2.113620807665982,0,0,3.295836866004329,2.302585092994046,0,2.2039698836413417,1.8453114305270362,131,0.3586584531143053,30.523802417549618,0,2.721579031329652,2.936774103198235,2.6612435461083512,0,131.0,4.882801922586371,0.03699092365595735
956,EP4287547A2,20231206,1.3207877152491925,1,4,4,0,14,,11,0,0,9.0,7.0,20231103,20240103,1.0,0.0,20231206,4,4,14,0,,,,EP,1,0,0,0,0,0,0,0,0,0,2023,12,758,2.0752908966461328,0,0,2.70805020110221,2.4849066497880004,0,2.1656399726214923,1.998631074606434,61,0.16700889801505817,33.70674186106127,0,2.8117317051219928,2.9119370439310277,2.6519155478030587,0,61.0,4.127134385045092,0.06656668362975954
957,EP4278991A2,20231122,1.425036395646611,2,2,6,0,30,,9,0,0,12.0,9.0,20231020,20240925,1.0,0.0,20231122,2,6,30,0,,,,EP,1,0,0,0,0,0,0,0,0,0,2023,11,772,2.113620807665982,0,0,3.4339872044851463,2.302585092994046,0,2.2039698836413417,1.270362765229295,341,0.9336071184120466,11.609827163763988,0,2.8065874514430385,3.3667517224902666,3.2361922114060926,0,341.0,5.834810737062605,0.01706085010837019
958,EP4293528A2,20231220,1.142185867773836,0,2,6,0,9,,4,0,0,37.0,17.0,20231117,20251217,1.0,0.0,20231220,2,6,9,0,,,,EP,1,0,0,0,0,0,0,0,0,0,2023,12,744,2.0369609856262834,0,0,2.302585092994046,1.6094379124341003,0,2.127310061601643,0.04380561259411362,761,2.083504449007529,16.945236826431774,1,2.107848615234296,3.7579512846388137,3.692942361441629,1,761.0,6.635946555686647,0.00870859128042867
959,EP4279275A2,20231122,1.5822425101244968,2,2,8,0,49,,10,0,0,14.0,9.0,20231020,20240703,1.0,0.0,20231122,2,8,49,0,,,,EP,1,0,0,0,0,0,0,0,0,0,2023,11,772,2.113620807665982,0,0,3.912023005428146,2.3978952727983707,0,2.2039698836413417,1.5003422313483916,257,0.70362765229295,17.421003321693213,0,3.0209796738035193,3.4431562651792893,3.1015229250913205,0,257.0,5.552959584921617,0.021523099166362858
960,EP4283566A2,20231129,1.32440161991078,1,2,11,0,14,,10,0,0,30.0,12.0,20231027,20251112,1.0,0.0,20231129,2,11,14,0,,,,EP,1,0,0,0,0,0,0,0,0,0,2023,11,765,2.0944558521560577,0,0,2.70805020110221,2.3978952727983707,0,2.184804928131417,0.13963039014373715,747,2.0451745379876796,13.984876040968699,1,2.7631387835898025,4.390243506382411,4.44306981078605,2,747.0,6.617402977974478,0.00884679542509957
961,EP4293123A2,20231220,1.3569303025608241,1,2,10,0,17,,18,0,0,11.0,8.0,20231117,20241211,1.0,0.0,20231220,2,10,17,0,,,,EP,1,0,0,0,0,0,0,0,0,0,2023,12,744,2.0369609856262834,0,0,2.8903717578961645,2.9444389791664403,0,2.127310061601643,1.0595482546201231,390,1.0677618069815196,9.419729206963249,0,3.123593690060688,3.7642507742496,4.01220078614796,1,390.0,5.968707559985366,0.015265236726305283
962,EP4279013A2,20231122,1.4940745103891788,2,2,4,0,49,,13,0,0,29.0,16.0,20231020,20251231,1.0,0.0,20231122,2,4,49,0,,,,EP,1,0,0,0,0,0,0,0,0,0,2023,11,772,2.113620807665982,0,0,3.912023005428146,2.6390573296152584,0,2.2039698836413417,0.0054757015742642025,803,2.198494182067077,12.616956016795212,1,3.077508908158334,4.79660541739858,4.837551511682335,2,803.0,6.6895992691789665,0.008320397100968864
963,EP4279033A2,20231122,1.3504131485076118,1,2,6,0,22,,10,0,0,10.0,8.0,20231020,20240103,1.0,0.0,20231122,2,6,22,0,,,,EP,1,0,0,0,0,0,0,0,0,0,2023,11,772,2.113620807665982,0,0,3.1354942159291497,2.3978952727983707,0,2.2039698836413417,1.998631074606434,75,0.2053388090349076,32.75050437121721,0,2.789150312186634,2.9123535976075785,2.6032340818332784,0,75.0,4.330733340286331,0.05698333342482015
964,EP4278996A2,20231122,1.5938128803571,2,2,12,0,41,,27,0,0,15.0,7.0,20231020,20241225,1.0,0.0,20231122,2,12,41,0,,,,EP,1,0,0,0,0,0,0,0,0,0,2023,11,772,2.113620807665982,0,0,3.7376696182833684,3.332204510175204,0,2.2039698836413417,1.0212183436002737,432,1.1827515400410678,11.693612934208419,0,3.593135586462222,4.302786510486863,4.514956050216272,2,432.0,6.07073772800249,0.01402017951039836
965,EP4296678A2,20231227,1.3663681044476812,1,4,4,0,17,,10,0,0,18.0,10.0,20231124,20251217,1.0,0.0,20231227,4,4,17,0,,,,EP,1,0,0,0,0,0,0,0,0,0,2023,12,737,2.0177960301163584,0,0,2.8903717578961645,2.3978952727983707,0,2.108145106091718,0.04380561259411362,754,2.0643394934976045,8.316625027671483,1,2.8051052681267032,4.443708964225266,4.462234766295975,2,754.0,6.626717749249025,0.008777109601654337
966,EP4279171A2,20231122,1.5728775172091118,2,2,6,0,55,,60,0,0,26.0,10.0,20231020,20251112,1.0,0.0,20231122,2,6,55,0,,,,EP,1,0,0,0,0,0,0,0,0,0,2023,11,772,2.113620807665982,0,0,4.02535169073515,4.110873864173311,0,2.2039698836413417,0.13963039014373715,754,2.0643394934976045,12.012902817747698,1,4.0394018357130985,5.678005531811662,6.175213357670916,2,754.0,6.626717749249025,0.008777109601654337
967,EP4279170A2,20231122,1.5728775172091118,2,2,6,0,55,,60,0,0,25.0,9.0,20231020,20250101,1.0,0.0,20231122,2,6,55,0,,,,EP,1,0,0,0,0,0,0,0,0,0,2023,11,772,2.113620807665982,0,0,4.02535169073515,4.110873864173311,0,2.2039698836413417,1.002053388090349,439,1.2019164955509924,19.20246043846275,0,4.0394018357130985,4.760551733043694,5.312790359724303,2,439.0,6.0867747269123065,0.013833578924800697
968,EP4286038A2,20231206,1.5728775172091118,2,2,6,0,55,,60,0,0,26.0,10.0,20231103,20251112,1.0,0.0,20231206,2,6,55,0,,,,EP,1,0,0,0,0,0,0,0,0,0,2023,12,758,2.0752908966461328,0,0,4.02535169073515,4.110873864173311,0,2.1656399726214923,0.13963039014373715,740,2.026009582477755,12.229483918740542,1,4.0394018357130985,5.655007585199752,6.136883446651066,2,740.0,6.608000625296087,0.008917679656270022
969,EP4280531A2,20231122,1.2755747024521673,1,2,10,0,12,,11,0,0,18.0,10.0,20231020,20250115,1.0,0.0,20231122,2,10,12,0,,,,EP,1,0,0,0,0,0,0,0,0,0,2023,11,772,2.113620807665982,0,0,2.5649493574615367,2.4849066497880004,0,2.2039698836413417,0.9637234770704997,453,1.2402464065708418,13.430366171288494,1,2.7665186923249676,3.9106665362674726,3.725153056358842,1,453.0,6.118097198041348,0.013475985017712222
970,EP4293940A2,20231220,1.208701620120313,0,2,12,0,8,,10,0,0,12.0,9.0,20231117,20240918,1.0,0.0,20231220,2,12,8,0,,,,EP,1,0,0,0,0,0,0,0,0,0,2023,12,744,2.0369609856262834,0,0,2.1972245773362196,2.3978952727983707,0,2.127310061601643,1.2895277207392197,306,0.837782340862423,12.796146266695862,0,2.647438783799335,3.1501081883167887,3.2356776136607937,0,306.0,5.726847747587197,0.018654227190837775
971,EP4280232A2,20231122,1.490681411385776,2,3,8,0,25,,38,0,0,19.0,10.0,20231020,20250108,1.0,0.0,20231122,3,8,25,0,,,,EP,1,0,0,0,0,0,0,0,0,0,2023,11,772,2.113620807665982,0,0,3.258096538021482,3.6635616461296463,0,2.2039698836413417,0.9828884325804244,446,1.2210814510609171,14.382156364955183,1,3.688818399063564,4.821467269700115,4.884643097190564,2,446.0,6.102558594613569,0.013652256363788745
972,EP4292843A2,20231220,1.1164574657427964,0,2,2,0,14,,9,0,0,13.0,8.0,20231117,20250129,1.0,0.0,20231220,2,2,14,0,,,,EP,1,0,0,0,0,0,0,0,0,0,2023,12,744,2.0369609856262834,0,0,2.70805020110221,2.302585092994046,0,2.127310061601643,0.9253935660506503,439,1.2019164955509924,9.98527942800063,1,2.498008521539224,3.619158418869819,3.5045015885450383,0,439.0,6.0867747269123065,0.013833578924800697
973,EP4293700A2,20231220,1.3474952205651123,1,3,10,0,12,,18,0,0,32.0,16.0,20231117,20251113,1.0,0.0,20231220,3,10,12,0,,,,EP,1,0,0,0,0,0,0,0,0,0,2023,12,744,2.0369609856262834,0,0,2.5649493574615367,2.9444389791664403,0,2.127310061601643,0.13689253935660506,727,1.9904175222450375,15.307946694607251,1,3.1141586080649764,4.708409121411999,4.934856501411478,2,727.0,6.590301048196686,0.009052611329940502
974,EP4292567A2,20231220,1.147748251481298,0,2,2,0,16,,7,0,0,18.0,9.0,20231117,20250917,1.0,0.0,20231220,2,2,16,0,,,,EP,1,0,0,0,0,0,0,0,0,0,2023,12,744,2.0369609856262834,0,0,2.833213344056216,2.0794415416798357,0,2.127310061601643,0.2929500342231348,670,1.834360027378508,9.305403205831357,1,2.3954131764891997,3.8960291929163042,3.913801569058344,1,670.0,6.508769136971682,0.009700103035725308
975,EP4289348A2,20231213,1.313571805833864,1,2,2,0,32,,8,0,0,21.0,10.0,20231110,20250917,1.0,0.0,20231213,2,2,32,0,,,,EP,1,0,0,0,0,0,0,0,0,0,2023,12,751,2.0561259411362083,0,0,3.4965075614664802,2.1972245773362196,0,2.1464750171115674,0.2929500342231348,677,1.8535249828884326,10.749798535440243,1,2.6319065522355958,4.144021541968655,4.050749560224652,1,677.0,6.519147287940395,0.009615261486637751
976,EP4279535A2,20231122,1.381063729030695,2,2,6,0,25,,20,0,0,29.0,15.0,20231020,20251203,1.0,0.0,20231122,2,6,25,0,,,,EP,1,0,0,0,0,0,0,0,0,0,2023,11,772,2.113620807665982,0,0,3.258096538021482,3.044522437723423,0,2.2039698836413417,0.08213552361396304,775,2.1218343600273784,13.052278118357414,1,3.207777191664749,4.880877807681176,5.166356797750801,2,775.0,6.654152520183219,0.008574938814669097
977,EP4279395A2,20231122,1.3976588901861828,2,2,4,0,33,,15,0,0,20.0,12.0,20231020,20250709,1.0,0.0,20231122,2,4,33,0,,,,EP,1,0,0,0,0,0,0,0,0,0,2023,11,772,2.113620807665982,0,0,3.5263605246161616,2.772588722239781,0,2.2039698836413417,0.48459958932238195,628,1.7193702943189597,10.992814416312402,1,3.0612121235300513,4.4928343001214275,4.491959016558741,2,628.0,6.444131256700441,0.01024504174356191
978,EP4278956A2,20231122,1.330592893537513,1,2,4,0,25,,10,0,0,68.0,16.0,20231020,20251222,1.0,0.0,20231122,2,4,25,0,,,,EP,1,0,0,0,0,0,0,0,0,0,2023,11,772,2.113620807665982,0,0,3.258096538021482,2.3978952727983707,0,2.2039698836413417,0.030116358658453114,794,2.1738535249828885,29.905180458143942,1,2.7693300572165356,4.473642172206269,4.571748797781259,2,794.0,6.678342114654332,0.00840043033289853
979,EP4280506A2,20231122,1.0359291444521013,0,2,4,0,7,,6,0,0,12.0,9.0,20231020,20241002,1.0,0.0,20231122,2,4,7,0,,,,EP,1,0,0,0,0,0,0,0,0,0,2023,11,772,2.113620807665982,0,0,2.0794415416798357,1.9459101490553132,0,2.2039698836413417,1.2511978097193703,348,0.9527720739219713,11.398478642480983,0,2.203475233885289,2.7751384782384716,2.8986822229772846,0,348.0,5.855071922202427,0.016776710378803517
980,EP4286415A2,20231206,1.59544078741622,2,2,4,0,74,,29,0,0,16.0,9.0,20231103,20250430,1.0,0.0,20231206,2,4,74,0,,,,EP,1,0,0,0,0,0,0,0,0,0,2023,12,758,2.0752908966461328,0,0,4.31748811353631,3.4011973816621555,0,2.1656399726214923,0.676249144421629,544,1.4893908281998631,10.06674992463718,1,3.636159216413513,4.9297937133334315,4.890588209862019,2,544.0,6.300785794663244,0.011561074852593108
981,EP4283966A2,20231129,1.1325920960271891,0,2,2,0,15,,8,0,0,34.0,14.0,20231027,20251016,1.0,0.0,20231129,2,2,15,0,,,,EP,1,0,0,0,0,0,0,0,0,0,2023,11,765,2.0944558521560577,0,0,2.772588722239781,2.1972245773362196,0,2.184804928131417,0.2135523613963039,720,1.9712525667351128,16.415187865569546,1,2.450926842428921,4.033678382469989,4.168477144071332,1,720.0,6.580639137284949,0.00912710005171283
982,EP4277271A2,20231115,1.115542577231735,0,2,4,0,10,,19,0,0,13.0,10.0,20231013,20250416,1.0,0.0,20231115,2,4,10,0,,,,EP,1,0,0,0,0,0,0,0,0,0,2023,11,779,2.132785763175907,0,0,2.3978952727983707,2.995732273553991,0,2.223134839151266,0.7145790554414785,551,1.5085557837097878,8.081783753882814,1,2.9129819413641296,4.218115411590002,4.5042880572637785,1,551.0,6.313548046277095,0.011437587040357055
983,EP4277201A2,20231115,1.2999423130144299,1,2,4,0,22,,10,0,0,18.0,9.0,20231013,20240807,1.0,0.0,20231115,2,4,22,0,,,,EP,1,0,0,0,0,0,0,0,0,0,2023,11,779,2.132785763175907,0,0,3.1354942159291497,2.3978952727983707,0,2.223134839151266,1.404517453798768,299,0.8186173853524983,19.59466507711795,0,2.738679476693452,3.229849907904951,3.2165126581508687,0,299.0,5.703782474656201,0.019012608248854004
984,EP4275601A2,20231115,1.115542577231735,0,2,4,0,10,,9,0,0,18.0,11.0,20231013,20251217,1.0,0.0,20231115,2,4,10,0,,,,EP,1,0,0,0,0,0,0,0,0,0,2023,11,779,2.132785763175907,0,0,2.3978952727983707,2.302585092994046,0,2.223134839151266,0.04380561259411362,796,2.1793292265571527,7.897060148343893,1,2.497093633028163,4.204691168962454,4.481914319551199,1,796.0,6.680854678790215,0.008382502733739292
985,EP4280778A2,20231122,1.3393002078649034,1,2,6,0,21,,8,0,0,16.0,10.0,20231020,20250507,1.0,0.0,20231122,2,6,21,0,,,,EP,1,0,0,0,0,0,0,0,0,0,2023,11,772,2.113620807665982,0,0,3.091042453358316,2.1972245773362196,0,2.2039698836413417,0.6570841889117043,565,1.5468856947296372,9.715306928224097,1,2.6576349542666353,3.985766371104418,3.744110272065857,1,565.0,6.338594078203183,0.011198929466790077
986,EP4285923A2,20231206,1.8321531488293819,2,2,14,0,99,,52,0,0,15.0,10.0,20231103,20241016,1.0,0.0,20231206,2,14,99,0,,,,EP,1,0,0,0,0,0,0,0,0,0,2023,12,758,2.0752908966461328,0,0,4.605170185988092,3.970291913552122,0,2.1656399726214923,1.212867898699521,348,0.9527720739219713,14.248098303101228,0,4.214328296960655,4.785991541313838,4.923063987474094,2,348.0,5.855071922202427,0.016776710378803517
987,EP4275765A2,20231115,1.2555640255337832,1,2,10,0,11,,19,0,0,12.0,8.0,20231013,20240214,1.0,0.0,20231115,2,10,11,0,,,,EP,1,0,0,0,0,0,0,0,0,0,2023,11,779,2.132785763175907,0,0,2.4849066497880004,2.995732273553991,0,2.223134839151266,1.8836413415468858,124,0.3394934976043806,27.304158230805168,0,3.053003389666178,3.256699488228806,3.3352257711583713,0,124.0,4.8283137373023015,0.03862650989841841
988,EP4283480A2,20231129,1.0907142960312888,0,2,8,0,6,,7,0,0,53.0,16.0,20231027,20251222,1.0,1.0,20231129,2,8,6,0,,,,EP,1,0,0,0,0,0,0,0,0,0,2023,11,765,2.0944558521560577,0,0,1.9459101490553132,2.0794415416798357,0,2.184804928131417,0.030116358658453114,787,2.1546885694729636,23.506572356637626,1,2.3383792210391903,4.031192362722969,4.234130111152799,1,787.0,6.669498089857879,0.00846383006327142
989,EP4290387A2,20231213,1.2243720950461965,1,2,4,0,16,,11,0,0,11.0,9.0,20231110,20241120,1.0,0.0,20231213,2,4,16,0,,,,EP,1,0,0,0,0,0,0,0,0,0,2023,12,751,2.0561259411362083,0,0,2.833213344056216,2.4849066497880004,0,2.1464750171115674,1.1170431211498972,376,1.0294318959616702,9.739409732743468,0,2.715316084918997,3.3329752224959988,3.5143385457496708,0,376.0,5.932245187448011,0.015735398375193662
990,EP4282788A2,20231129,1.5408780560958544,2,2,28,0,20,,24,0,0,36.0,14.0,20231027,20251211,1.0,0.0,20231129,2,28,20,0,,,,EP,1,0,0,0,0,0,0,0,0,0,2023,11,765,2.0944558521560577,0,0,3.044522437723423,3.2188758248682006,0,2.184804928131417,0.06023271731690623,776,2.1245722108145104,16.182886680409833,1,3.472203551016775,5.146946877505481,5.3434480356827105,2,776.0,6.655440350367647,0.00856556029648346
991,EP4275587A2,20231115,0.9688990726338496,0,2,6,0,4,,13,0,0,15.0,11.0,20231013,20251105,1.0,0.0,20231115,2,6,4,0,,,,EP,1,0,0,0,0,0,0,0,0,0,2023,11,779,2.132785763175907,0,0,1.6094379124341003,2.6390573296152584,0,2.223134839151266,0.15879534565366188,754,2.0643394934976045,6.930520856392903,1,2.5523334704030045,4.190937166501567,4.703396823112863,1,754.0,6.626717749249025,0.008777109601654337
992,EP4280219A2,20231122,1.1836435074208378,0,2,10,0,8,,35,0,0,11.0,9.0,20231020,20240925,1.0,0.0,20231122,2,10,8,0,,,,EP,1,0,0,0,0,0,0,0,0,0,2023,11,772,2.113620807665982,0,0,2.1972245773362196,3.58351893845611,0,2.2039698836413417,1.270362765229295,341,0.9336071184120466,10.642341566783657,0,3.3337548704945035,3.8939191415417316,4.517126056868157,1,341.0,5.834810737062605,0.01706085010837019
993,EP4277162A2,20231115,0.7907218311991699,0,2,4,0,2,,9,0,0,28.0,14.0,20231013,20251015,1.0,0.0,20231115,2,4,2,0,,,,EP,1,0,0,0,0,0,0,0,0,0,2023,11,779,2.132785763175907,0,0,1.0986122886681098,2.302585092994046,0,2.223134839151266,0.216290212183436,733,2.00684462696783,13.290016568662487,1,2.1722728869955974,3.776379663176295,4.3094297199618765,1,733.0,6.598509028614515,0.008989794316913508
994,EP4279453A2,20231122,1.0025462962959708,0,2,4,0,6,,9,0,0,11.0,8.0,20231020,20241113,1.0,0.0,20231122,2,4,6,0,,,,EP,1,0,0,0,0,0,0,0,0,0,2023,11,772,2.113620807665982,0,0,1.9459101490553132,2.302585092994046,0,2.2039698836413417,1.136208076659822,390,1.0677618069815196,9.419729206963249,0,2.3840973520923985,3.0247544362813104,3.3703468999755657,0,390.0,5.968707559985366,0.015265236726305283
995,EP4280784A2,20231122,1.3712585507423745,1,2,6,0,24,,16,0,0,13.0,7.0,20231020,20240124,1.0,0.0,20231122,2,6,24,0,,,,EP,1,0,0,0,0,0,0,0,0,0,2023,11,772,2.113620807665982,0,0,3.2188758248682006,2.833213344056216,0,2.2039698836413417,1.9411362080766599,96,0.26283367556468173,35.82908885116016,0,3.0711865571761043,3.2288867625149136,3.096047019620898,0,96.0,4.574710978503383,0.04716196885055034
996,EP4279753A2,20231122,1.2891325339993656,1,2,6,0,17,,17,0,0,16.0,10.0,20231020,20250514,1.0,0.0,20231122,2,6,17,0,,,,EP,1,0,0,0,0,0,0,0,0,0,2023,11,772,2.113620807665982,0,0,2.8903717578961645,2.8903717578961645,0,2.2039698836413417,0.6379192334017796,572,1.566050650239562,9.603549566574914,1,3.023355588737064,4.362985978880801,4.456422408135726,2,572.0,6.35088571671474,0.011083570186238638
997,EP4279277A2,20231122,1.4732291081544162,2,2,4,0,45,,8,0,0,13.0,8.0,20231020,20250723,1.0,0.0,20231122,2,4,45,0,,,,EP,1,0,0,0,0,0,0,0,0,0,2023,11,772,2.113620807665982,0,0,3.828641396489095,2.1972245773362196,0,2.2039698836413417,0.4462696783025325,642,1.757700205338809,6.997899856305957,1,2.7915638545561476,4.246183977759434,3.954924782675029,1,642.0,6.466144724237619,0.010056212634895208
998,EP4280671A2,20231122,1.367698811800312,1,2,12,0,16,,9,0,0,15.0,10.0,20231020,20241211,1.0,0.0,20231122,2,12,16,0,,,,EP,1,0,0,0,0,0,0,0,0,0,2023,11,772,2.113620807665982,0,0,2.833213344056216,2.302585092994046,0,2.2039698836413417,1.0595482546201231,418,1.1444216290212184,12.05379242065893,0,2.749249867596739,3.43590284500947,3.4470067220152645,0,418.0,6.037870919922137,0.014410193126305816
999,EP4282615A2,20231129,1.3220979416977432,1,2,14,0,12,,8,0,0,60.0,16.0,20231027,20251215,1.0,0.0,20231129,2,14,12,0,,,,EP,1,0,0,0,0,0,0,0,0,0,2023,11,765,2.0944558521560577,0,0,2.5649493574615367,2.1972245773362196,0,2.184804928131417,0.049281314168377825,780,2.135523613963039,26.839349683108292,1,2.640432688099475,4.321746856477299,4.332748191299259,2,780.0,6.660575149839686,0.008528265236670532
1000,EP4279005A2,20231122,1.6716314667489316,2,2,20,0,42,,8,0,0,39.0,18.0,20231020,20251217,1.0,0.0,20231122,2,20,42,0,,,,EP,1,0,0,0,0,0,0,0,0,0,2023,11,772,2.113620807665982,0,0,3.7612001156935624,2.1972245773362196,0,2.2039698836413417,0.04380561259411362,789,2.1601642710472277,17.255382938130282,1,2.9899662131506632,4.686064775779,4.357388848383447,2,789.0,6.672032945461067,0.00844561132336844
1001,EP4280065A2,20231122,1.115542577231735,0,2,4,0,10,,7,0,0,12.0,9.0,20231020,20250101,1.0,0.0,20231122,2,4,10,0,,,,EP,1,0,0,0,0,0,0,0,0,0,2023,11,772,2.113620807665982,0,0,2.3978952727983707,2.0794415416798357,0,2.2039698836413417,1.002053388090349,439,1.2019164955509924,9.21718101046212,0,2.3632075022396366,3.084357399570232,3.281358037230828,0,439.0,6.0867747269123065,0.013833578924800697
1002,EP4279375A1,20231122,1.2386616985061836,1,2,4,0,17,,7,0,0,62.0,17.0,20231020,20251224,1.0,1.0,20231122,2,4,17,0,,,,EP,1,0,0,0,0,0,0,0,0,0,2023,11,772,2.113620807665982,0,0,2.8903717578961645,2.0794415416798357,0,2.2039698836413417,0.024640657084188913,796,2.1793292265571527,27.200984955406742,1,2.486326623514085,4.193924159448376,4.258770768236989,1,796.0,6.680854678790215,0.008382502733739292
1003,EP4277164A2,20231115,1.2243720950461965,1,2,4,0,16,,11,0,0,12.0,9.0,20231013,20250611,1.0,0.0,20231115,2,4,16,0,,,,EP,1,0,0,0,0,0,0,0,0,0,2023,11,779,2.132785763175907,0,0,2.833213344056216,2.4849066497880004,0,2.223134839151266,0.5612594113620808,607,1.6618754277891854,6.810924206518783,1,2.715316084918997,4.1124413415925085,4.1467820775771855,1,607.0,6.410174881966167,0.010543050792707512
1004,EP4280670A2,20231122,1.3578731526079113,1,4,14,0,8,,6,0,0,13.0,9.0,20231020,20251112,1.0,0.0,20231122,4,14,8,0,,,,EP,1,0,0,0,0,0,0,0,0,0,2023,11,772,2.113620807665982,0,0,2.1972245773362196,1.9459101490553132,0,2.2039698836413417,0.13963039014373715,754,2.0643394934976045,6.006451408873849,1,2.5254192420410995,4.164022938139662,4.0102496425529175,1,754.0,6.626717749249025,0.008777109601654337
1005,EP4295895A2,20231227,1.1164574657427964,0,2,2,0,14,,7,0,0,15.0,9.0,20231124,20240925,1.0,0.0,20231227,2,2,14,0,,,,EP,1,0,0,0,0,0,0,0,0,0,2023,12,737,2.0177960301163584,0,0,2.70805020110221,2.0794415416798357,0,2.108145106091718,1.270362765229295,306,0.837782340862423,15.995182833369828,0,2.3641223907506976,2.8667917952681514,2.9172238825422587,0,306.0,5.726847747587197,0.018654227190837775
1006,EP4280710A2,20231122,0.9593053008872028,0,2,2,0,7,,6,0,0,14.0,10.0,20231020,20250723,1.0,0.0,20231122,2,2,7,0,,,,EP,1,0,0,0,0,0,0,0,0,0,2023,11,772,2.113620807665982,0,0,2.0794415416798357,1.9459101490553132,0,2.2039698836413417,0.4462696783025325,642,1.757700205338809,7.536199845252569,1,2.1268513903203905,3.581471513523676,3.7036103543941223,0,642.0,6.466144724237619,0.010056212634895208
1007,EP4278984A2,20231122,1.080682254832628,0,2,2,0,12,,11,0,0,12.0,9.0,20231020,20250625,1.0,0.0,20231122,2,2,12,0,,,,EP,1,0,0,0,0,0,0,0,0,0,2023,11,772,2.113620807665982,0,0,2.5649493574615367,2.4849066497880004,0,2.2039698836413417,0.5229295003422314,614,1.68104038329911,6.737634987125783,1,2.571626244705428,3.9802504746848943,4.165947033087111,1,614.0,6.421622267806518,0.010441662224075639
1008,EP4289520A2,20231213,1.2243720950461965,1,2,4,0,16,,11,0,0,17.0,9.0,20231110,20241023,1.0,0.0,20231213,2,4,16,0,,,,EP,1,0,0,0,0,0,0,0,0,0,2023,12,751,2.0561259411362083,0,0,2.833213344056216,2.4849066497880004,0,2.1464750171115674,1.1937029431895962,348,0.9527720739219713,16.147844743514725,0,2.715316084918997,3.2869793292721794,3.4376787237099715,0,348.0,5.855071922202427,0.016776710378803517
1009,EP4280808A2,20231122,1.2254634212144606,1,2,8,0,11,,25,0,0,12.0,8.0,20231020,20240124,1.0,0.0,20231122,2,8,11,0,,,,EP,1,0,0,0,0,0,0,0,0,0,2023,11,772,2.113620807665982,0,0,2.4849066497880004,3.258096538021482,0,2.2039698836413417,1.9411362080766599,96,0.26283367556468173,33.07300509337861,0,3.18032134402735,3.338021549366159,3.5209302135861638,0,96.0,4.574710978503383,0.04716196885055034
1010,EP4280177A2,20231122,1.091715032280654,0,2,4,0,9,,10,0,0,53.0,16.0,20231020,20251215,1.0,0.0,20231122,2,4,9,0,,,,EP,1,0,0,0,0,0,0,0,0,0,2023,11,772,2.113620807665982,0,0,2.302585092994046,2.3978952727983707,0,2.2039698836413417,0.049281314168377825,787,2.1546885694729636,23.506572356637626,1,2.5304521959596764,4.223265337643455,4.552583842271334,1,787.0,6.669498089857879,0.00846383006327142
1011,EP4283897A2,20231129,1.226303926929139,1,2,6,0,13,,10,0,0,35.0,12.0,20231027,20251105,1.0,0.0,20231129,2,6,13,0,,,,EP,1,0,0,0,0,0,0,0,0,0,2023,11,765,2.0944558521560577,0,0,2.6390573296152584,2.3978952727983707,0,2.184804928131417,0.15879534565366188,740,2.026009582477755,16.46276681368919,1,2.6650410906081614,4.280646840094815,4.423904855276126,1,740.0,6.608000625296087,0.008917679656270022
1012,EP4275598A2,20231115,1.5288507585386872,2,2,22,0,22,,16,0,0,15.0,10.0,20231013,20241218,1.0,0.0,20231115,2,22,22,0,,,,EP,1,0,0,0,0,0,0,0,0,0,2023,11,779,2.132785763175907,0,0,3.1354942159291497,2.833213344056216,0,2.223134839151266,1.0403832991101984,432,1.1827515400410678,11.693612934208419,0,3.228778764972417,3.938429688997058,4.015964884097284,1,432.0,6.07073772800249,0.01402017951039836
1013,EP4282922A2,20231129,1.6123431144438194,2,4,10,0,29,,19,0,0,18.0,9.0,20231027,20250416,1.0,0.0,20231129,4,10,29,0,,,,EP,1,0,0,0,0,0,0,0,0,0,2023,11,765,2.0944558521560577,0,0,3.4011973816621555,2.995732273553991,0,2.184804928131417,0.7145790554414785,537,1.4702258726899384,11.463318948607297,1,3.409782478576214,4.691918002190177,4.4659581462439295,2,537.0,6.2878585601617845,0.011687469442679897
1014,EP4283578A2,20231129,1.3393002078649034,1,2,6,0,21,,8,0,0,59.0,15.0,20231027,20251029,1.0,0.0,20231129,2,6,21,0,,,,EP,1,0,0,0,0,0,0,0,0,0,2023,11,765,2.0944558521560577,0,0,3.091042453358316,2.1972245773362196,0,2.184804928131417,0.17796030116358658,733,2.00684462696783,28.003963483967382,1,2.6576349542666353,4.2617417304473335,4.20406920430405,1,733.0,6.598509028614515,0.008989794316913508
1015,EP4279461A1,20231122,1.2656250633760484,1,2,18,0,8,,14,0,0,9.0,7.0,20231020,20251105,1.0,0.0,20231122,2,18,8,0,,,,EP,1,0,0,0,0,0,0,0,0,0,2023,11,772,2.113620807665982,0,0,2.1972245773362196,2.70805020110221,0,2.2039698836413417,0.15879534565366188,747,2.0451745379876796,4.19546281229061,1,2.8904551840373744,4.517559906829982,4.753224739089889,2,747.0,6.617402977974478,0.00884679542509957
1016,EP4283577A2,20231129,1.3393002078649034,1,2,6,0,21,,8,0,0,42.0,14.0,20231027,20251120,1.0,0.0,20231129,2,6,21,0,,,,EP,1,0,0,0,0,0,0,0,0,0,2023,11,765,2.0944558521560577,0,0,3.091042453358316,2.1972245773362196,0,2.184804928131417,0.11772758384668036,755,2.0670773442847366,19.380941852752596,1,2.6576349542666353,4.2978813608374775,4.264301921620956,2,755.0,6.628041376179533,0.008767250497591975
1017,EP4282376A2,20231129,1.407097976426362,2,2,10,0,21,,11,0,0,23.0,13.0,20231027,20250910,1.0,0.0,20231129,2,10,21,0,,,,EP,1,0,0,0,0,0,0,0,0,0,2023,11,765,2.0944558521560577,0,0,3.091042453358316,2.4849066497880004,0,2.184804928131417,0.31211498973305957,684,1.8726899383983573,11.659206828354325,1,2.898041966299162,4.4216559293381765,4.357596588186357,2,684.0,6.529418838262226,0.009531998304032447
1018,EP4279638A2,20231122,1.8852580458171904,2,6,14,0,52,,12,0,0,24.0,8.0,20231020,20250219,1.0,0.0,20231122,6,14,52,0,,,,EP,1,0,0,0,0,0,0,0,0,0,2023,11,772,2.113620807665982,0,0,3.970291913552122,2.5649493574615367,0,2.2039698836413417,0.8678986995208761,488,1.3360711841204653,16.712263476478718,1,3.4242276602941124,4.625870370766392,3.9010205415820023,2,488.0,6.192362489474872,0.012663317974386242
1019,EP4279920A2,20231122,1.4281959752685427,2,2,8,0,26,,21,0,0,19.0,9.0,20231020,20241002,1.0,0.0,20231122,2,8,26,0,,,,EP,1,0,0,0,0,0,0,0,0,0,2023,11,772,2.113620807665982,0,0,3.295836866004329,3.091042453358316,0,2.2039698836413417,1.2511978097193703,348,0.9527720739219713,18.047591183928223,0,3.282821447283532,3.854484691636715,4.043814527280287,1,348.0,5.855071922202427,0.016776710378803517
1020,EP4279110A2,20231122,1.147748251481298,0,2,2,0,16,,12,0,0,53.0,22.0,20231020,20251224,1.0,1.0,20231122,2,2,16,0,,,,EP,1,0,0,0,0,0,0,0,0,0,2023,11,772,2.113620807665982,0,0,2.833213344056216,2.5649493574615367,0,2.2039698836413417,0.024640657084188913,796,2.1793292265571527,23.252454881234797,1,2.68671786595822,4.394315401892512,4.744278584018689,2,796.0,6.680854678790215,0.008382502733739292
1021,EP4295712A2,20231227,1.2748429305393785,1,2,6,0,16,,94,0,0,16.0,9.0,20231124,20241030,1.0,0.0,20231227,2,6,16,0,,,,EP,1,0,0,0,0,0,0,0,0,0,2023,12,737,2.0177960301163584,0,0,2.833213344056216,4.553876891600541,0,2.108145106091718,1.1745379876796715,341,0.9336071184120466,15.479769551685319,0,4.007169065499703,4.56733333654693,5.4874840100125875,2,341.0,5.834810737062605,0.01706085010837019
1022,EP4276154A2,20231115,1.6901881142308814,2,2,8,0,76,,8,0,0,51.0,16.0,20231013,20251218,1.0,0.0,20231115,2,8,76,0,,,,EP,1,0,0,0,0,0,0,0,0,0,2023,11,779,2.132785763175907,0,0,4.343805421853684,2.1972245773362196,0,2.223134839151266,0.04106776180698152,797,2.1820670773442847,22.348159923217658,1,3.0085228606326133,4.717763107039184,4.379291654680504,2,797.0,6.682108597449809,0.008373569670989735
1023,EP4275710A2,20231115,1.398750216354447,2,2,8,0,23,,5,0,0,13.0,9.0,20231013,20240508,1.0,0.0,20231115,2,8,23,0,,,,EP,1,0,0,0,0,0,0,0,0,0,2023,11,779,2.132785763175907,0,0,3.1780538303479458,1.791759469228055,0,2.223134839151266,1.6536618754277892,208,0.5694729637234771,19.418259891626622,0,2.47380589789128,2.8154896761253663,2.361232432951532,0,208.0,5.342334251964811,0.025561407904137853
1024,EP4292684A2,20231220,1.3026493393169345,1,2,6,0,18,,8,0,0,14.0,10.0,20231117,20241120,1.0,0.0,20231220,2,6,18,0,,,,EP,1,0,0,0,0,0,0,0,0,0,2023,12,744,2.0369609856262834,0,0,2.9444389791664403,2.1972245773362196,0,2.127310061601643,1.1170431211498972,369,1.0102669404517455,12.609580173848713,0,2.620984085718666,3.2271442499897134,3.207491517787965,0,369.0,5.91350300563827,0.015982440555779107
1025,EP4280598A2,20231122,1.2650018274206403,1,2,4,0,19,,6,0,0,18.0,9.0,20231020,20240925,1.0,0.0,20231122,2,4,19,0,,,,EP,1,0,0,0,0,0,0,0,0,0,2023,11,772,2.113620807665982,0,0,2.995732273553991,1.9459101490553132,0,2.2039698836413417,1.270362765229295,341,0.9336071184120466,17.414740745645982,0,2.432547916853828,2.9927121879010556,2.8795172674673597,0,341.0,5.834810737062605,0.01706085010837019
1026,EP4280852A2,20231122,1.5559023812100403,2,2,8,0,44,,7,0,0,15.0,9.0,20231020,20240424,1.0,0.0,20231122,2,8,44,0,,,,EP,1,0,0,0,0,0,0,0,0,0,2023,11,772,2.113620807665982,0,0,3.8066624897703196,2.0794415416798357,0,2.2039698836413417,1.6919917864476386,187,0.5119780971937029,24.510681131864448,0,2.803567306217942,3.1107541645341636,2.5914196388735387,0,187.0,5.236441962829949,0.027853414695903984
1027,EP4280025A2,20231122,1.361664778995728,1,2,2,0,39,,7,0,0,29.0,15.0,20231020,20251215,1.0,0.0,20231122,2,2,39,0,,,,EP,1,0,0,0,0,0,0,0,0,0,2023,11,772,2.113620807665982,0,0,3.6888794541139363,2.0794415416798357,0,2.2039698836413417,0.049281314168377825,787,2.1546885694729636,12.862086761179079,1,2.6093297040036294,4.302142845687408,4.234130111152799,2,787.0,6.669498089857879,0.00846383006327142
1028,EP4276400A2,20231115,1.5884720891478132,2,2,16,0,34,,34,0,0,18.0,11.0,20231013,20251203,1.0,0.0,20231115,2,16,34,0,,,,EP,1,0,0,0,0,0,0,0,0,0,2023,11,779,2.132785763175907,0,0,3.5553480614894135,3.5553480614894135,0,2.223134839151266,0.08213552361396304,782,2.1409993155373033,8.03213096728872,1,3.7216809260414614,5.406280515363844,5.696347377026717,2,782.0,6.663132695990803,0.008509748015313925
1029,EP4276652A2,20231115,1.3400279755332247,1,2,4,0,26,,16,0,0,23.0,9.0,20231013,20250604,1.0,0.0,20231115,2,4,26,0,,,,EP,1,0,0,0,0,0,0,0,0,0,2023,11,779,2.132785763175907,0,0,3.295836866004329,2.833213344056216,0,2.223134839151266,0.5804243668720055,600,1.6427104722792607,13.197831978319783,1,3.0399559819669544,4.425582265334511,4.475923816335477,2,600.0,6.398594934535208,0.010646580589908831
1030,EP4276848A2,20231115,1.3393002078649034,1,2,6,0,21,,49,0,0,38.0,18.0,20231013,20251202,1.0,0.0,20231115,2,6,21,0,,,,EP,1,0,0,0,0,0,0,0,0,0,2023,11,779,2.132785763175907,0,0,3.091042453358316,3.912023005428146,0,2.223134839151266,0.08487337440109514,781,2.138261464750171,16.977462462921622,1,3.6865140111217913,5.369470889971894,6.050284470178317,2,781.0,6.661854740545311,0.008518995831899375
1031,EP4296365A2,20231227,1.3976588901861828,2,2,4,0,33,,13,0,0,22.0,13.0,20231124,20251217,1.0,0.0,20231227,2,4,33,0,,,,EP,1,0,0,0,0,0,0,0,0,0,2023,12,737,2.0177960301163584,0,0,3.5263605246161616,2.6390573296152584,0,2.108145106091718,0.04380561259411362,754,2.0643394934976045,10.164763922709591,1,2.981093287955338,4.619696984053901,4.703396823112863,2,754.0,6.626717749249025,0.008777109601654337
1032,EP4280544A2,20231122,1.2812493090430128,1,2,8,0,14,,10,0,0,59.0,17.0,20231020,20251205,1.0,1.0,20231122,2,8,14,0,,,,EP,1,0,0,0,0,0,0,0,0,0,2023,11,772,2.113620807665982,0,0,2.70805020110221,2.3978952727983707,0,2.2039698836413417,0.07665982203969883,777,2.127310061601643,26.489351894533048,1,2.7199864727220353,4.3963725096830215,4.525205334400013,2,777.0,6.656726524178391,0.00855620375858405
1033,EP4279109A2,20231122,1.3525426563462033,1,2,12,0,15,,35,0,0,28.0,14.0,20231020,20251217,1.0,0.0,20231122,2,12,15,0,,,,EP,1,0,0,0,0,0,0,0,0,0,2023,11,772,2.113620807665982,0,0,2.772588722239781,3.58351893845611,0,2.2039698836413417,0.04380561259411362,789,2.1601642710472277,12.388480058144818,1,3.502654019419869,5.198752582048206,5.743683209503338,2,789.0,6.672032945461067,0.00844561132336844
1034,EP4277439A2,20231115,1.2755747024521673,1,2,10,0,12,,9,0,0,14.0,8.0,20231013,20241211,1.0,0.0,20231115,2,10,12,0,,,,EP,1,0,0,0,0,0,0,0,0,0,2023,11,779,2.132785763175907,0,0,2.5649493574615367,2.302585092994046,0,2.223134839151266,1.0595482546201231,425,1.163586584531143,11.079573154216996,0,2.6571257582485948,3.3552777089672805,3.466171677525189,0,425.0,6.054439346269371,0.014212298934904626
1035,EP4276851A2,20231115,1.2386616985061836,1,2,4,0,17,,10,0,0,17.0,8.0,20231013,20240124,1.0,0.0,20231115,2,4,17,0,,,,EP,1,0,0,0,0,0,0,0,0,0,2023,11,779,2.132785763175907,0,0,2.8903717578961645,2.3978952727983707,0,2.223134839151266,1.9411362080766599,103,0.28199863107460643,44.50277728005734,0,2.677398862185206,2.84659804082997,2.679893903872977,0,103.0,4.6443908991413725,0.04465760479943627
1036,EP4280779A1,20231122,1.2596867750852696,1,2,6,0,15,,38,0,0,53.0,16.0,20231020,20251029,1.0,0.0,20231122,2,6,15,0,,,,EP,1,0,0,0,0,0,0,0,0,0,2023,11,772,2.113620807665982,0,0,2.772588722239781,3.6635616461296463,0,2.2039698836413417,0.17796030116358658,740,2.026009582477755,24.929332603586488,1,3.4578237627630575,5.073429512249711,5.689571228607401,2,740.0,6.608000625296087,0.008917679656270022
1037,EP4277207A2,20231115,1.0025462962959708,0,2,4,0,6,,5,0,0,22.0,14.0,20231013,20251224,1.0,0.0,20231115,2,4,6,0,,,,EP,1,0,0,0,0,0,0,0,0,0,2023,11,779,2.132785763175907,0,0,1.9459101490553132,1.791759469228055,0,2.223134839151266,0.024640657084188913,803,2.198494182067077,9.571483874810161,1,2.0776019778328036,3.79669848707305,3.990253651295132,1,803.0,6.6895992691789665,0.008320397100968864
1038,EP4296520A1,20231227,1.0366968411953081,0,2,10,0,4,,4,0,0,23.0,15.0,20231124,20251105,1.0,0.0,20231227,2,10,4,0,,,,EP,1,0,0,0,0,0,0,0,0,0,2023,12,737,2.0177960301163584,0,0,1.6094379124341003,1.6094379124341003,0,2.108145106091718,0.15879534565366188,712,1.949349760438056,11.223072041681975,1,2.0023595886557684,3.571969444918602,3.5587876728721564,0,712.0,6.569481420414296,0.009213858934662407
1039,EP4290888A2,20231213,1.3008450127795033,1,2,1,0,39,,13,0,0,12.0,9.0,20231110,20240221,1.0,0.0,20231213,2,1,39,0,,,,EP,1,0,0,0,0,0,0,0,0,0,2023,12,751,2.0561259411362083,0,0,3.6888794541139363,2.6390573296152584,0,2.1464750171115674,1.864476386036961,103,0.28199863107460643,31.413725138864006,0,2.8842794105486584,3.053478589193422,2.921055960689865,0,103.0,4.6443908991413725,0.04465760479943627
1040,EP4280581A2,20231122,1.3491198865759433,1,2,4,0,27,,20,0,0,36.0,16.0,20231020,20251022,1.0,0.0,20231122,2,4,27,0,,,,EP,1,0,0,0,0,0,0,0,0,0,2023,11,772,2.113620807665982,0,0,3.332204510175204,3.044522437723423,0,2.2039698836413417,0.1971252566735113,733,2.00684462696783,17.087164159708912,1,3.175833349209997,4.779940125390695,5.051367064691253,2,733.0,6.598509028614515,0.008989794316913508
1041,EP4279513A2,20231122,1.704446742887884,2,2,14,0,59,,55,0,0,24.0,11.0,20231020,20251210,1.0,0.0,20231122,2,14,59,0,,,,EP,1,0,0,0,0,0,0,0,0,0,2023,11,772,2.113620807665982,0,0,4.0943445622221,4.02535169073515,0,2.2039698836413417,0.06297056810403832,782,2.1409993155373033,10.709507956384961,1,4.119657757328974,5.804257346651356,6.166351006272453,2,782.0,6.663132695990803,0.008509748015313925
1042,EP4280102A2,20231122,1.398750216354447,2,2,8,0,23,,14,0,0,46.0,16.0,20231020,20251029,1.0,0.0,20231122,2,8,23,0,,,,EP,1,0,0,0,0,0,0,0,0,0,2023,11,772,2.113620807665982,0,0,3.1780538303479458,2.70805020110221,0,2.2039698836413417,0.17796030116358658,740,2.026009582477755,21.63677924084865,1,3.023580337015773,4.639186086502426,4.734059783579966,2,740.0,6.608000625296087,0.008917679656270022
1043,EP4279512A2,20231122,1.704446742887884,2,2,14,0,59,,55,0,0,22.0,9.0,20231020,20241002,1.0,0.0,20231122,2,14,59,0,,,,EP,1,0,0,0,0,0,0,0,0,0,2023,11,772,2.113620807665982,0,0,4.0943445622221,4.02535169073515,0,2.2039698836413417,1.2511978097193703,348,0.9527720739219713,20.897210844548468,0,4.119657757328974,4.691321001682157,4.978123764657121,2,348.0,5.855071922202427,0.016776710378803517
1044,EP4275617A2,20231115,1.407097976426362,2,2,10,0,21,,15,0,0,18.0,10.0,20231013,20250709,1.0,0.0,20231115,2,10,21,0,,,,EP,1,0,0,0,0,0,0,0,0,0,2023,11,779,2.132785763175907,0,0,3.091042453358316,2.772588722239781,0,2.223134839151266,0.48459958932238195,635,1.7385352498288844,9.79040244220245,1,3.0706512097702308,4.513772359667562,4.511123972068665,2,635.0,6.455198563340122,0.010149683275692016
1045,EP4279511A2,20231122,1.704446742887884,2,2,14,0,59,,55,0,0,21.0,9.0,20231020,20240828,1.0,0.0,20231122,2,14,59,0,,,,EP,1,0,0,0,0,0,0,0,0,0,2023,11,772,2.113620807665982,0,0,4.0943445622221,4.02535169073515,0,2.2039698836413417,1.3470225872689938,313,0.8569472963723477,21.944782204420285,0,4.119657757328974,4.633826135152383,4.8822989871074975,2,313.0,5.749392985908253,0.018310168744930744
1046,EP4280579A2,20231122,1.3663681044476812,1,2,4,0,29,,11,0,0,33.0,15.0,20231020,20251231,1.0,0.0,20231122,2,4,29,0,,,,EP,1,0,0,0,0,0,0,0,0,0,2023,11,772,2.113620807665982,0,0,3.4011973816621555,2.4849066497880004,0,2.2039698836413417,0.0054757015742642025,803,2.198494182067077,14.357225812215242,1,2.8573120943204815,4.576408603560728,4.683400831855078,2,803.0,6.6895992691789665,0.008320397100968864
1047,EP4277084A2,20231115,1.1240971441874192,0,2,8,0,7,,10,0,0,13.0,9.0,20231013,20250416,1.0,0.0,20231115,2,8,7,0,,,,EP,1,0,0,0,0,0,0,0,0,0,2023,11,779,2.132785763175907,0,0,2.0794415416798357,2.3978952727983707,0,2.223134839151266,0.7145790554414785,551,1.5085557837097878,8.081783753882814,1,2.5628343078664413,3.867967778092314,3.9064510565081587,1,551.0,6.313548046277095,0.011437587040357055
1048,EP4293361A2,20231220,1.398750216354447,2,2,8,0,23,,11,0,0,12.0,9.0,20231117,20251029,1.0,0.0,20231220,2,8,23,0,,,,EP,1,0,0,0,0,0,0,0,0,0,2023,12,744,2.0369609856262834,0,0,3.1780538303479458,2.4849066497880004,0,2.127310061601643,0.17796030116358658,712,1.949349760438056,5.8555158478340745,1,2.8896942062272473,4.459304062490081,4.434256410226056,2,712.0,6.569481420414296,0.009213858934662407
1049,EP4290858A2,20231213,1.361053052112311,1,2,6,0,23,,11,0,0,16.0,11.0,20231110,20251015,1.0,0.0,20231213,2,6,23,0,,,,EP,1,0,0,0,0,0,0,0,0,0,2023,12,751,2.0561259411362083,0,0,3.1780538303479458,2.4849066497880004,0,2.1464750171115674,0.216290212183436,705,1.9301848049281314,7.881055932031961,1,2.8519970419851113,4.4101079249419906,4.415091454716132,2,705.0,6.559615237493242,0.009291239713163231
1050,EP4283315A2,20231129,0.9887510598012987,0,2,2,0,8,,5,0,0,12.0,9.0,20231027,20241030,1.0,0.0,20231129,2,2,8,0,,,,EP,1,0,0,0,0,0,0,0,0,0,2023,11,765,2.0944558521560577,0,0,2.1972245773362196,1.791759469228055,0,2.184804928131417,1.1745379876796715,369,1.0102669404517455,10.808211577584611,0,2.063806741338132,2.6699669056091793,2.8020264096798004,0,369.0,5.91350300563827,0.015982440555779107
1051,EP4279278A2,20231122,1.6172937712678643,2,2,10,0,50,,13,0,0,16.0,9.0,20231020,20240918,1.0,0.0,20231122,2,10,50,0,,,,EP,1,0,0,0,0,0,0,0,0,0,2023,11,772,2.113620807665982,0,0,3.9318256327243257,2.6390573296152584,0,2.2039698836413417,1.2895277207392197,334,0.9144421629021219,15.772215100195668,0,3.2007281690370193,3.7493934667782924,3.55349949251738,1,334.0,5.814130531825066,0.01735561352783602
1052,EP4286524A2,20231206,1.0907142960312888,0,2,8,0,6,,7,0,0,12.0,9.0,20231103,20240925,1.0,0.0,20231206,2,8,6,0,,,,EP,1,0,0,0,0,0,0,0,0,0,2023,12,758,2.0752908966461328,0,0,1.9459101490553132,2.0794415416798357,0,2.1656399726214923,1.270362765229295,327,0.8952772073921971,12.056942438621828,0,2.3383792210391903,2.8755455454745085,2.974718749072033,0,327.0,5.793013608384144,0.017661626854829707
1053,EP4276891A2,20231115,1.3403465035590705,1,2,8,0,18,,19,0,0,27.0,12.0,20231013,20251218,1.0,0.0,20231115,2,8,18,0,,,,EP,1,0,0,0,0,0,0,0,0,0,2023,11,779,2.132785763175907,0,0,2.9444389791664403,2.995732273553991,0,2.223134839151266,0.04106776180698152,797,2.1820670773442847,11.831378782879938,1,3.137785867691465,4.847026114098036,5.177799350898276,2,797.0,6.682108597449809,0.008373569670989735
1054,EP4285911A2,20231206,1.6588663536893953,2,4,14,0,29,,40,0,0,20.0,9.0,20231103,20241030,1.0,0.0,20231206,4,14,29,0,,,,EP,1,0,0,0,0,0,0,0,0,0,2023,12,758,2.0752908966461328,0,0,3.4011973816621555,3.713572066704308,0,2.1656399726214923,1.1745379876796715,362,0.9911019849418207,18.33009221504297,0,3.88700959371198,4.481670784677072,4.704674051646129,2,362.0,5.8944028342648505,0.01623802433681777
1055,EP4282576A2,20231129,1.577302411483962,2,2,6,0,56,,32,0,0,18.0,9.0,20231027,20250212,1.0,0.0,20231129,2,6,56,0,,,,EP,1,0,0,0,0,0,0,0,0,0,2023,11,765,2.0944558521560577,0,0,4.04305126783455,3.4965075614664802,0,2.184804928131417,0.8870636550308009,474,1.297741273100616,12.877919788453063,1,3.67520694836385,4.85385171222422,4.794248834567096,2,474.0,6.163314804034641,0.01297539958744135
1056,EP4277069A2,20231115,1.2806221382332579,1,2,12,0,11,,30,0,0,17.0,9.0,20231013,20241016,1.0,0.0,20231115,2,12,11,0,,,,EP,1,0,0,0,0,0,0,0,0,0,2023,11,779,2.132785763175907,0,0,2.4849066497880004,3.4339872044851463,0,2.223134839151266,1.212867898699521,369,1.0102669404517455,15.311633068244864,0,3.3410144609243457,3.9471746251953927,4.444254144936892,1,369.0,5.91350300563827,0.015982440555779107
1057,EP4275571A2,20231115,1.374565560153429,1,2,4,0,30,,36,0,0,15.0,9.0,20231013,20250524,1.0,0.0,20231115,2,4,30,0,,,,EP,1,0,0,0,0,0,0,0,0,0,2023,11,779,2.132785763175907,0,0,3.4339872044851463,3.6109179126442243,0,2.223134839151266,0.6105407255304586,589,1.6125941136208077,8.758642740098317,1,3.5411163077399634,4.908672775912448,5.223512026265032,2,589.0,6.380122536899765,0.010813767011694517
1058,EP4280045A2,20231122,1.4072451681942166,2,2,2,0,47,,26,0,0,36.0,15.0,20231020,20251215,1.0,0.0,20231122,2,2,47,0,,,,EP,1,0,0,0,0,0,0,0,0,0,2023,11,772,2.113620807665982,0,0,3.871201010907891,3.295836866004329,0,2.2039698836413417,0.049281314168377825,787,2.1546885694729636,15.966728393187822,1,3.384747287796814,5.0775604294805925,5.450525435477292,2,787.0,6.669498089857879,0.00846383006327142
1059,EP4275716A2,20231115,1.407938409789514,2,2,16,0,16,,8,0,0,12.0,9.0,20231013,20240529,1.0,0.0,20231115,2,16,16,0,,,,EP,1,0,0,0,0,0,0,0,0,0,2023,11,779,2.132785763175907,0,0,2.833213344056216,2.1972245773362196,0,2.223134839151266,1.596167008898015,229,0.6269678302532512,16.50692025233029,0,2.7262731561912457,3.1024538543431963,2.8241924075894707,0,229.0,5.438079308923196,0.023643823082274765
1060,EP4277364A2,20231115,1.3531698271559582,1,4,8,0,11,,10,0,0,12.0,9.0,20231013,20240131,1.0,0.0,20231115,4,8,11,0,,,,EP,1,0,0,0,0,0,0,0,0,0,2023,11,779,2.132785763175907,0,0,2.4849066497880004,2.3978952727983707,0,2.223134839151266,1.9219712525667352,110,0.30116358658453113,29.912984132400616,0,2.7919069908349803,2.972605142785699,2.6990588593829017,0,110.0,4.709530201312334,0.04242820001182283
1061,EP4276761A2,20231115,1.5914977122090568,2,2,10,0,45,,7,0,0,18.0,10.0,20231013,20241211,1.0,0.0,20231115,2,10,45,0,,,,EP,1,0,0,0,0,0,0,0,0,0,2023,11,779,2.132785763175907,0,0,3.828641396489095,2.0794415416798357,0,2.223134839151266,1.0595482546201231,425,1.163586584531143,14.245165483993283,0,2.8391626372169583,3.537314587935644,3.243028126210979,0,425.0,6.054439346269371,0.014212298934904626
1062,EP4293420A2,20231220,1.3653673681983163,1,2,8,0,20,,27,0,0,32.0,15.0,20231117,20251224,1.0,0.0,20231220,2,8,20,0,,,,EP,1,0,0,0,0,0,0,0,0,0,2023,12,744,2.0369609856262834,0,0,3.044522437723423,3.332204510175204,0,2.127310061601643,0.024640657084188913,768,2.102669404517454,14.527826978651998,1,3.3646900743034385,5.026291717013911,5.434873914692657,2,768.0,6.645090969505644,0.008641210623544402
1063,EP4276237A2,20231115,1.3901956493987626,2,2,4,0,32,,8,0,0,47.0,11.0,20231013,20250924,1.0,0.0,20231115,2,4,32,0,,,,EP,1,0,0,0,0,0,0,0,0,0,2023,11,779,2.132785763175907,0,0,3.4965075614664802,2.1972245773362196,0,2.223134839151266,0.2737850787132101,712,1.949349760438056,22.934103737350124,1,2.7085303958004943,4.278140252063328,4.146574337774275,1,712.0,6.569481420414296,0.009213858934662407
1064,EP4277154A2,20231115,1.4858268899215008,2,2,8,0,33,,16,0,0,13.0,8.0,20231013,20251015,1.0,0.0,20231115,2,8,33,0,,,,EP,1,0,0,0,0,0,0,0,0,0,2023,11,779,2.132785763175907,0,0,3.5263605246161616,2.833213344056216,0,2.223134839151266,0.216290212183436,733,2.00684462696783,6.170364835450441,1,3.1857548963552302,4.789861672535928,4.840057971024047,2,733.0,6.598509028614515,0.008989794316913508
1065,EP4282620A2,20231129,1.162037854941285,0,2,2,0,17,,19,0,0,33.0,15.0,20231027,20251126,1.0,0.0,20231129,2,2,17,0,,,,EP,1,0,0,0,0,0,0,0,0,0,2023,11,765,2.0944558521560577,0,0,2.8903717578961645,2.995732273553991,0,2.184804928131417,0.10130047912388775,761,2.083504449007529,15.113319331682392,1,2.9594772190736798,4.609579888478198,5.07923672256152,2,761.0,6.635946555686647,0.00870859128042867
1066,EP4276753A2,20231115,1.6579235036423081,2,4,10,0,35,,37,0,0,14.0,10.0,20231013,20241120,1.0,0.0,20231115,4,10,35,0,,,,EP,1,0,0,0,0,0,0,0,0,0,2023,11,779,2.132785763175907,0,0,3.58351893845611,3.6375861597263857,0,2.223134839151266,1.1170431211498972,404,1.106091718001369,11.607740763861301,0,3.8404751994781394,4.50413023027896,4.743677877727754,2,404.0,6.003887067106539,0.014824412511374169
1067,EP4275592A2,20231115,1.3769973721070394,1,2,8,0,21,,7,0,0,14.0,9.0,20231013,20240925,1.0,0.0,20231115,2,8,21,0,,,,EP,1,0,0,0,0,0,0,0,0,0,2023,11,779,2.132785763175907,0,0,3.091042453358316,2.0794415416798357,0,2.223134839151266,1.270362765229295,348,0.9527720739219713,13.298225082894481,0,2.624662297114941,3.1963255414681235,3.032213615601807,0,348.0,5.855071922202427,0.016776710378803517
1068,EP4296908A2,20231227,1.0863999799452833,0,2,6,0,7,,14,0,0,27.0,15.0,20231124,20251231,1.0,0.0,20231227,2,6,7,0,,,,EP,1,0,0,0,0,0,0,0,0,0,2023,12,737,2.0177960301163584,0,0,2.0794415416798357,2.70805020110221,0,2.108145106091718,0.0054757015742642025,768,2.102669404517454,12.257854013237624,1,2.7112301006066093,4.372831743317082,4.8107196056196635,2,768.0,6.645090969505644,0.008641210623544402
1069,EP4275633A2,20231115,1.3976588901861828,2,2,4,0,33,,21,0,0,19.0,12.0,20231013,20251029,1.0,0.0,20231115,2,4,33,0,,,,EP,1,0,0,0,0,0,0,0,0,0,2023,11,779,2.132785763175907,0,0,3.5263605246161616,3.091042453358316,0,2.223134839151266,0.17796030116358658,747,2.0451745379876796,8.857088159280176,1,3.2522843622011726,4.879389084993781,5.136216991345996,2,747.0,6.617402977974478,0.00884679542509957
1070,EP4297438A2,20231227,1.3995907220691253,2,3,6,0,20,,10,0,0,61.0,17.0,20231124,20251215,1.0,0.0,20231227,3,6,20,0,,,,EP,1,0,0,0,0,0,0,0,0,0,2023,12,737,2.0177960301163584,0,0,3.044522437723423,2.3978952727983707,0,2.108145106091718,0.049281314168377825,752,2.0588637919233403,28.25560381725373,1,2.8383278857481473,4.473646160902152,4.456759064721711,2,752.0,6.6240652277998935,0.008796899372908226
1071,EP4275559A2,20231115,1.3125400947815145,1,2,8,0,16,,19,0,0,13.0,9.0,20231013,20240828,1.0,0.0,20231115,2,8,16,0,,,,EP,1,0,0,0,0,0,0,0,0,0,2023,11,779,2.132785763175907,0,0,2.833213344056216,2.995732273553991,0,2.223134839151266,1.3470225872689938,320,0.8761122518822724,13.318140382862353,0,3.1099794589139087,3.635646810043272,3.8718445254362632,0,320.0,5.771441123130016,0.01797956736177575
1072,EP4280482A2,20231122,1.0059690660662306,0,2,12,0,3,,7,0,0,10.0,8.0,20231020,20250528,1.0,0.0,20231122,2,12,3,0,,,,EP,1,0,0,0,0,0,0,0,0,0,2023,11,772,2.113620807665982,0,0,1.3862943611198906,2.0794415416798357,0,2.2039698836413417,0.5995893223819302,586,1.6043805612594113,5.867234247620577,1,2.253633991074132,3.6162623278297787,3.683822102939247,0,586.0,6.375024819828097,0.010860348926453316
1073,EP4277320A2,20231115,1.175554660258854,0,2,2,0,18,,8,0,0,37.0,13.0,20231013,20250611,1.0,0.0,20231115,2,2,18,0,,,,EP,1,0,0,0,0,0,0,0,0,0,2023,11,779,2.132785763175907,0,0,2.9444389791664403,2.1972245773362196,0,2.223134839151266,0.5612594113620808,607,1.6618754277891854,21.00034963676625,1,2.4938894066605855,3.8910146633340967,3.8591000051254047,1,607.0,6.410174881966167,0.010543050792707512
1074,EP4280305A2,20231122,1.4488614975921537,2,2,10,0,25,,7,0,0,16.0,8.0,20231020,20240228,1.0,0.0,20231122,2,10,25,0,,,,EP,1,0,0,0,0,0,0,0,0,0,2023,11,772,2.113620807665982,0,0,3.258096538021482,2.0794415416798357,0,2.2039698836413417,1.8453114305270362,131,0.3586584531143053,34.884345620056706,0,2.696526422600055,2.911721494468638,2.438099994794141,0,131.0,4.882801922586371,0.03699092365595735
1075,EP4279104A2,20231122,1.3154726629138223,1,2,6,0,19,,10,0,0,12.0,9.0,20231020,20240904,1.0,0.0,20231122,2,6,19,0,,,,EP,1,0,0,0,0,0,0,0,0,0,2023,11,772,2.113620807665982,0,0,2.995732273553991,2.3978952727983707,0,2.2039698836413417,1.3278576317590691,320,0.8761122518822724,12.293668045719095,0,2.7542098265928443,3.2798771777222075,3.274007524680643,0,320.0,5.771441123130016,0.01797956736177575
1076,EP4279630A2,20231122,1.1372954214791426,0,3,4,0,8,,6,0,0,36.0,16.0,20231020,20251215,1.0,0.0,20231122,3,4,8,0,,,,EP,1,0,0,0,0,0,0,0,0,0,2023,11,772,2.113620807665982,0,0,2.1972245773362196,1.9459101490553132,0,2.2039698836413417,0.049281314168377825,787,2.1546885694729636,15.966728393187822,1,2.304841510912331,3.997654652596109,4.100598718528277,1,787.0,6.669498089857879,0.00846383006327142
1077,EP4278998A2,20231122,1.2092159395920876,0,2,4,0,15,,12,0,0,40.0,14.0,20231020,20251215,1.0,0.0,20231122,2,4,15,0,,,,EP,1,0,0,0,0,0,0,0,0,0,2023,11,772,2.113620807665982,0,0,2.772588722239781,2.5649493574615367,0,2.2039698836413417,0.049281314168377825,787,2.1546885694729636,17.740809325764246,1,2.7481855540690097,4.440998695752788,4.7196379269345,2,787.0,6.669498089857879,0.00846383006327142
1078,EP4283572A2,20231129,1.370447107878393,1,2,10,0,18,,14,0,0,14.0,9.0,20231027,20240814,1.0,0.0,20231129,2,10,18,0,,,,EP,1,0,0,0,0,0,0,0,0,0,2023,11,765,2.0944558521560577,0,0,2.9444389791664403,2.70805020110221,0,2.184804928131417,1.3853524982888432,292,0.7994524298425736,15.56502549273267,0,2.9952772285397193,3.4749486864452637,3.5075026309447837,0,292.0,5.680172609017068,0.019386254638283508
1079,EP4279465A2,20231122,1.4504861636029847,2,2,4,0,41,,11,0,0,11.0,8.0,20231020,20251205,1.0,0.0,20231122,2,4,41,0,,,,EP,1,0,0,0,0,0,0,0,0,0,2023,11,772,2.113620807665982,0,0,3.7376696182833684,2.4849066497880004,0,2.2039698836413417,0.07665982203969883,777,2.127310061601643,4.938692726099382,1,2.9414301534757845,4.617816190436771,4.612216711389643,2,777.0,6.656726524178391,0.00855620375858405
1080,EP4279464A2,20231122,1.4504861636029847,2,2,4,0,41,,11,0,0,11.0,8.0,20231020,20251205,1.0,0.0,20231122,2,4,41,0,,,,EP,1,0,0,0,0,0,0,0,0,0,2023,11,772,2.113620807665982,0,0,3.7376696182833684,2.4849066497880004,0,2.2039698836413417,0.07665982203969883,777,2.127310061601643,4.938692726099382,1,2.9414301534757845,4.617816190436771,4.612216711389643,2,777.0,6.656726524178391,0.00855620375858405
1081,EP4287191A2,20231206,1.6779341805606922,2,2,10,0,64,,22,0,0,19.0,9.0,20231103,20241009,1.0,0.0,20231206,2,10,64,0,,,,EP,1,0,0,0,0,0,0,0,0,0,2023,12,758,2.0752908966461328,0,0,4.174387269895637,3.1354942159291497,0,2.1656399726214923,1.2320328542094456,341,0.9336071184120466,18.382226342626314,0,3.559230710118182,4.11939498116541,4.069101334341196,1,341.0,5.834810737062605,0.01706085010837019
1082,EP4283929A2,20231129,1.465251987430491,2,2,18,0,19,,10,0,0,15.0,9.0,20231027,20240828,1.0,0.0,20231129,2,18,19,0,,,,EP,1,0,0,0,0,0,0,0,0,0,2023,11,765,2.0944558521560577,0,0,2.995732273553991,2.3978952727983707,0,2.184804928131417,1.3470225872689938,306,0.837782340862423,15.995182833369828,0,2.9039891511095135,3.4066585556269673,3.2356776136607937,0,306.0,5.726847747587197,0.018654227190837775
1083,EP4277172A2,20231115,1.2973839393274056,1,2,8,0,15,,9,0,0,13.0,8.0,20231013,20250319,1.0,0.0,20231115,2,8,15,0,,,,EP,1,0,0,0,0,0,0,0,0,0,2023,11,779,2.132785763175907,0,0,2.772588722239781,2.302585092994046,0,2.223134839151266,0.7912388774811773,523,1.431895961670089,8.486215986774495,1,2.678934995123833,3.9380725721258862,3.734481054664135,1,523.0,6.261491684321042,0.011949411611299698
1084,EP4278989A2,20231122,1.3210350466212843,1,2,2,0,33,,11,0,0,9.0,7.0,20231020,20240214,1.0,0.0,20231122,2,2,33,0,,,,EP,1,0,0,0,0,0,0,0,0,0,2023,11,772,2.113620807665982,0,0,3.5263605246161616,2.4849066497880004,0,2.2039698836413417,1.8836413415468858,117,0.3203285420944558,21.411822178798243,0,2.811979036494084,3.004176161750758,2.8052351918824563,0,117.0,4.770684624465665,0.04042953071581072
1085,EP4275736A2,20231115,1.3569303025608241,1,2,10,0,17,,6,0,0,15.0,12.0,20231013,20251217,1.0,0.0,20231115,2,10,17,0,,,,EP,1,0,0,0,0,0,0,0,0,0,2023,11,779,2.132785763175907,0,0,2.8903717578961645,1.9459101490553132,0,2.223134839151266,0.04380561259411362,796,2.1793292265571527,6.580883456953244,1,2.5244763919940123,4.232073927928304,4.125239375612466,1,796.0,6.680854678790215,0.008382502733739292
1086,EP4275576A2,20231115,1.208701620120313,0,2,12,0,8,,11,0,0,20.0,13.0,20231013,20251231,1.0,0.0,20231115,2,12,8,0,,,,EP,1,0,0,0,0,0,0,0,0,0,2023,11,779,2.132785763175907,0,0,2.1972245773362196,2.4849066497880004,0,2.223134839151266,0.0054757015742642025,810,2.217659137577002,8.62939665101444,1,2.699645609993113,4.4302410925393145,4.702565787365002,2,810.0,6.698268054115413,0.008259270103718143
1087,EP4275575A2,20231115,1.208701620120313,0,2,12,0,8,,11,0,0,10.0,8.0,20231013,20240522,1.0,0.0,20231115,2,12,8,0,,,,EP,1,0,0,0,0,0,0,0,0,0,2023,11,779,2.132785763175907,0,0,2.1972245773362196,2.4849066497880004,0,2.223134839151266,1.6153319644079398,222,0.6078028747433265,14.128227444154337,0,2.699645609993113,3.064327334839109,3.092709524531327,0,222.0,5.407171771460119,0.024247407046906363
1088,EP4282302A2,20231129,1.4753740599193454,2,2,14,0,23,,6,0,0,20.0,10.0,20231027,20250521,1.0,0.0,20231129,2,14,23,0,,,,EP,1,0,0,0,0,0,0,0,0,0,2023,11,765,2.0944558521560577,0,0,3.1780538303479458,1.9459101490553132,0,2.184804928131417,0.6187542778918549,572,1.566050650239562,12.004436958218642,1,2.642920149352533,3.98255053949627,3.511960799294875,1,572.0,6.35088571671474,0.011083570186238638
1089,EP4287228A2,20231206,0.7140979876342713,0,2,2,0,2,,3,0,0,54.0,16.0,20231103,20251203,1.0,1.0,20231206,2,2,2,0,,,,EP,1,0,0,0,0,0,0,0,0,0,2023,12,758,2.0752908966461328,0,0,1.0986122886681098,1.3862943611198906,0,2.1656399726214923,0.08213552361396304,761,2.083504449007529,24.73088617911664,1,1.5458746043062057,3.195977273710723,3.4697988101274193,0,761.0,6.635946555686647,0.00870859128042867
1090,EP4279265A2,20231122,1.4187982371931986,2,2,4,0,36,,7,0,0,60.0,17.0,20231020,20251203,1.0,1.0,20231122,2,4,36,0,,,,EP,1,0,0,0,0,0,0,0,0,0,2023,11,772,2.113620807665982,0,0,3.6109179126442243,2.0794415416798357,0,2.2039698836413417,0.08213552361396304,775,2.1218343600273784,27.004713348325684,1,2.6664631622011,4.339563778217527,4.2012759017072145,2,775.0,6.654152520183219,0.008574938814669097
1091,EP4279264A2,20231122,1.4187982371931986,2,2,4,0,36,,7,0,0,60.0,17.0,20231020,20251203,1.0,1.0,20231122,2,4,36,0,,,,EP,1,0,0,0,0,0,0,0,0,0,2023,11,772,2.113620807665982,0,0,3.6109179126442243,2.0794415416798357,0,2.2039698836413417,0.08213552361396304,775,2.1218343600273784,27.004713348325684,1,2.6664631622011,4.339563778217527,4.2012759017072145,2,775.0,6.654152520183219,0.008574938814669097
1092,EP4277236A2,20231115,1.0907142960312888,0,2,8,0,6,,4,0,0,13.0,9.0,20231013,20240724,1.0,0.0,20231115,2,8,6,0,,,,EP,1,0,0,0,0,0,0,0,0,0,2023,11,779,2.132785763175907,0,0,1.9459101490553132,1.6094379124341003,0,2.223134839151266,1.4428473648186173,285,0.7802874743326489,14.7679029624446,0,2.0563770434917488,2.524549528091338,2.389725386766749,0,285.0,5.655991810819852,0.019776195142726757
1093,EP4276119A2,20231115,1.0150911887157554,0,2,2,0,9,,7,0,0,15.0,8.0,20231013,20250507,1.0,0.0,20231115,2,2,9,0,,,,EP,1,0,0,0,0,0,0,0,0,0,2023,11,779,2.132785763175907,0,0,2.302585092994046,2.0794415416798357,0,2.223134839151266,0.6570841889117043,572,1.566050650239562,9.003327718663982,1,2.2627561137236567,3.6023865038673937,3.6454921919193977,0,572.0,6.35088571671474,0.011083570186238638
1094,EP4275574A2,20231115,1.6772024086479036,2,2,6,0,84,,11,0,0,45.0,17.0,20231013,20251126,1.0,0.0,20231115,2,6,84,0,,,,EP,1,0,0,0,0,0,0,0,0,0,2023,11,779,2.132785763175907,0,0,4.442651256490317,2.4849066497880004,0,2.223134839151266,0.10130047912388775,775,2.1218343600273784,20.253535011244264,1,3.1681463985207037,4.841247014537131,4.606741009815378,2,775.0,6.654152520183219,0.008574938814669097
1095,EP4279071A2,20231122,1.3504131485076118,1,2,6,0,22,,12,0,0,13.0,9.0,20231020,20240821,1.0,0.0,20231122,2,6,22,0,,,,EP,1,0,0,0,0,0,0,0,0,0,2023,11,772,2.113620807665982,0,0,3.1354942159291497,2.5649493574615367,0,2.2039698836413417,1.3661875427789185,306,0.837782340862423,13.862491788920517,0,2.8893827629845337,3.3920521675019875,3.4027316983239597,0,306.0,5.726847747587197,0.018654227190837775
1096,EP4277414A2,20231115,1.3504131485076118,1,2,6,0,22,,9,0,0,15.0,9.0,20231013,20240807,1.0,0.0,20231115,2,6,22,0,,,,EP,1,0,0,0,0,0,0,0,0,0,2023,11,779,2.132785763175907,0,0,3.1354942159291497,2.302585092994046,0,2.223134839151266,1.404517453798768,299,0.8186173853524983,16.32888756426496,0,2.731964204304039,3.223134635515538,3.121202478346544,0,299.0,5.703782474656201,0.019012608248854004
1097,EP4277157A2,20231115,1.1877662569723246,0,2,6,0,11,,10,0,0,10.0,8.0,20231013,20240214,1.0,0.0,20231115,2,6,11,0,,,,EP,1,0,0,0,0,0,0,0,0,0,2023,11,779,2.132785763175907,0,0,2.4849066497880004,2.3978952727983707,0,2.223134839151266,1.8836413415468858,124,0.3394934976043806,22.75346519233764,0,2.626503420651347,2.8301995192139753,2.737388770402751,0,124.0,4.8283137373023015,0.03862650989841841
1098,EP4277193A2,20231115,1.3910957702293554,2,2,20,0,13,,8,0,0,14.0,8.0,20231013,20240131,1.0,0.0,20231115,2,20,13,0,,,,EP,1,0,0,0,0,0,0,0,0,0,2023,11,779,2.132785763175907,0,0,2.6390573296152584,2.1972245773362196,0,2.223134839151266,1.9219712525667352,110,0.30116358658453113,34.89848148780072,0,2.709430516631087,2.8901286685818057,2.4983881639207506,0,110.0,4.709530201312334,0.04242820001182283
1099,EP4280525A2,20231122,1.4102659414330612,2,2,26,0,12,,9,0,0,8.0,7.0,20231020,20240320,1.0,0.0,20231122,2,26,12,0,,,,EP,1,0,0,0,0,0,0,0,0,0,2023,11,772,2.113620807665982,0,0,2.5649493574615367,2.302585092994046,0,2.2039698836413417,1.787816563997262,152,0.4161533196440794,15.499270653759448,0,2.7918169972294886,3.041508989015936,2.7187384126381255,0,152.0,5.030437921392435,0.03287867922478716
1100,EP4277331A2,20231115,1.1569892088731446,0,2,13,0,6,,7,0,0,23.0,8.0,20231013,20240306,1.0,0.0,20231115,2,13,6,0,,,,EP,1,0,0,0,0,0,0,0,0,0,2023,11,779,2.132785763175907,0,0,1.9459101490553132,2.0794415416798357,0,2.223134839151266,1.8261464750171115,145,0.39698836413415467,46.278749483542214,0,2.404654133881046,2.642847152361539,2.4764299058139905,0,145.0,4.983606621708336,0.034134291929509154
1101,EP4279303A2,20231122,1.310582216619129,1,2,4,0,23,,12,0,0,12.0,8.0,20231020,20241113,1.0,0.0,20231122,2,4,23,0,,,,EP,1,0,0,0,0,0,0,0,0,0,2023,11,772,2.113620807665982,0,0,3.1780538303479458,2.5649493574615367,0,2.2039698836413417,1.136208076659822,390,1.0677618069815196,10.276068225778088,0,2.849551831096051,3.490208915284963,3.632711164443056,0,390.0,5.968707559985366,0.015265236726305283
1102,EP4280669A2,20231122,1.3446748753161883,1,2,26,0,9,,8,0,0,11.0,8.0,20231020,20240221,1.0,0.0,20231122,2,26,9,0,,,,EP,1,0,0,0,0,0,0,0,0,0,2023,11,772,2.113620807665982,0,0,2.302585092994046,2.1972245773362196,0,2.2039698836413417,1.864476386036961,124,0.3394934976043806,25.028811711571404,0,2.66300962171792,2.866705720280548,2.5367180749406,0,124.0,4.8283137373023015,0.03862650989841841
1103,EP4277214A2,20231115,1.3662038670033998,1,2,22,0,11,,8,0,0,13.0,8.0,20231013,20240221,1.0,0.0,20231115,2,22,11,0,,,,EP,1,0,0,0,0,0,0,0,0,0,2023,11,779,2.132785763175907,0,0,2.4849066497880004,2.1972245773362196,0,2.223134839151266,1.864476386036961,131,0.3586584531143053,28.343530816296074,0,2.6845386134051314,2.8997336852737146,2.555883030450525,0,131.0,4.882801922586371,0.03699092365595735
1104,EP4293085A2,20231220,1.752702521192655,2,2,28,0,48,,14,0,0,23.0,9.0,20231117,20250618,1.0,0.0,20231220,2,28,48,0,,,,EP,1,0,0,0,0,0,0,0,0,0,2023,12,744,2.0369609856262834,0,0,3.8918202981106265,2.70805020110221,0,2.127310061601643,0.5420944558521561,579,1.5852156057494866,13.648105275983916,1,3.377532641853981,4.728662005303673,4.2932658068516965,2,579.0,6.363028103540465,0.010970738109552526
1105,EP4277043A2,20231115,1.3881103127497478,2,2,8,0,22,,9,0,0,16.0,12.0,20231013,20251011,1.0,0.0,20231115,2,8,22,0,,,,EP,1,0,0,0,0,0,0,0,0,0,2023,11,779,2.132785763175907,0,0,3.1354942159291497,2.302585092994046,0,2.223134839151266,0.2272416153319644,729,1.995893223819302,7.633976682668756,1,2.769661368546175,4.367197302837757,4.298478316813348,2,729.0,6.593044534142437,0.009031567854989639
1106,EP4279203A2,20231122,1.6325262247749388,2,2,14,0,44,,16,0,0,29.0,9.0,20231020,20240821,1.0,0.0,20231122,2,14,44,0,,,,EP,1,0,0,0,0,0,0,0,0,0,2023,11,772,2.113620807665982,0,0,3.8066624897703196,2.833213344056216,0,2.2039698836413417,1.3661875427789185,306,0.837782340862423,30.924020144515,0,3.3324542312086685,3.8351236357261222,3.670995684918639,1,306.0,5.726847747587197,0.018654227190837775
1107,EP4276801A2,20231115,1.1019945518839849,0,2,16,0,4,,13,0,0,12.0,8.0,20231013,20240103,1.0,0.0,20231115,2,16,4,0,,,,EP,1,0,0,0,0,0,0,0,0,0,2023,11,779,2.132785763175907,0,0,1.6094379124341003,2.6390573296152584,0,2.223134839151266,1.998631074606434,82,0.2245037645448323,36.97954018139633,0,2.68542894965314,2.8201312083800394,2.8635610941600906,0,82.0,4.418840607796598,0.053239043467428894
1108,EP4290313A2,20231213,1.3901956493987626,2,2,4,0,32,,75,0,0,20.0,12.0,20231110,20250903,1.0,0.0,20231213,2,4,32,0,,,,EP,1,0,0,0,0,0,0,0,0,0,2023,12,751,2.0561259411362083,0,0,3.4965075614664802,4.330733340286331,0,2.1464750171115674,0.33127994524298426,663,1.8151950718685832,10.442800471748686,1,3.988635653570561,5.477752696691711,6.145928412154914,2,663.0,6.498282149476434,0.009786569502223544
1109,EP4277182A2,20231115,1.3491198865759433,1,2,4,0,27,,19,0,0,22.0,13.0,20231013,20251022,1.0,0.0,20231115,2,4,27,0,,,,EP,1,0,0,0,0,0,0,0,0,0,2023,11,779,2.132785763175907,0,0,3.332204510175204,2.995732273553991,0,2.223134839151266,0.1971252566735113,740,2.026009582477755,10.34802485431892,1,3.1465592507083375,4.762165000194991,5.0217418560317455,2,740.0,6.608000625296087,0.008917679656270022
1110,EP4277277A2,20231115,1.2771993684629983,1,2,4,0,20,,25,0,0,14.0,9.0,20231013,20240807,1.0,0.0,20231115,2,4,20,0,,,,EP,1,0,0,0,0,0,0,0,0,0,2023,11,779,2.132785763175907,0,0,3.044522437723423,3.258096538021482,0,2.223134839151266,1.404517453798768,299,0.8186173853524983,15.240295059980628,0,3.2320572912758876,3.7232277224873864,4.076713923373981,1,299.0,5.703782474656201,0.019012608248854004
1111,EP4277192A2,20231115,1.3653673681983163,1,2,8,0,20,,8,0,0,16.0,9.0,20231013,20250917,1.0,0.0,20231115,2,8,20,0,,,,EP,1,0,0,0,0,0,0,0,0,0,2023,11,779,2.132785763175907,0,0,3.044522437723423,2.1972245773362196,0,2.223134839151266,0.2929500342231348,705,1.9301848049281314,7.881055932031961,1,2.683702114600048,4.241812997556927,4.127409382264351,1,705.0,6.559615237493242,0.009291239713163231
1112,EP4279966A2,20231122,1.3504131485076118,1,2,6,0,22,,12,0,0,14.0,9.0,20231020,20241009,1.0,0.0,20231122,2,6,22,0,,,,EP,1,0,0,0,0,0,0,0,0,0,2023,11,772,2.113620807665982,0,0,3.1354942159291497,2.5649493574615367,0,2.2039698836413417,1.2320328542094456,355,0.971937029431896,13.06046868016091,0,2.8893827629845337,3.4725449806436712,3.536886386893433,0,355.0,5.87493073085203,0.016502614412505702
1113,EP4277273A2,20231115,1.2596867750852696,1,2,6,0,15,,9,0,0,27.0,14.0,20231013,20250910,1.0,0.0,20231115,2,6,15,0,,,,EP,1,0,0,0,0,0,0,0,0,0,2023,11,779,2.132785763175907,0,0,2.772588722239781,2.302585092994046,0,2.223134839151266,0.31211498973305957,698,1.9110198494182067,13.42602362070726,1,2.641237830881697,4.187849740532621,4.213604942412252,1,698.0,6.54965074223381,0.009370029674154234
1114,EP4276800A2,20231115,0.9640086263391562,0,2,4,0,5,,13,0,0,11.0,8.0,20231013,20240821,1.0,0.0,20231115,2,4,5,0,,,,EP,1,0,0,0,0,0,0,0,0,0,2023,11,779,2.132785763175907,0,0,1.791759469228055,2.6390573296152584,0,2.223134839151266,1.3661875427789185,313,0.8569472963723477,11.494885916601103,0,2.5474430241083112,3.06161140193172,3.496004625987606,0,313.0,5.749392985908253,0.018310168744930744
1115,EP4279412A2,20231122,0.6127317106072302,0,2,2,0,1,,4,0,0,12.0,9.0,20231020,20250903,1.0,0.0,20231122,2,2,1,0,,,,EP,1,0,0,0,0,0,0,0,0,0,2023,11,772,2.113620807665982,0,0,0.6931471805599453,1.6094379124341003,0,2.2039698836413417,0.33127994524298426,684,1.8726899383983573,6.083064432184865,1,1.5783944580676903,3.1020084211067043,3.4821278508324576,0,684.0,6.529418838262226,0.009531998304032447
1116,EP4280795A2,20231122,1.2435521448008768,1,2,6,0,14,,24,0,0,15.0,9.0,20231020,20240911,1.0,0.0,20231122,2,6,14,0,,,,EP,1,0,0,0,0,0,0,0,0,0,2023,11,772,2.113620807665982,0,0,2.70805020110221,3.2188758248682006,0,2.2039698836413417,1.3086926762491444,327,0.8952772073921971,15.071178048277286,0,3.174877639721797,3.712043964157115,4.114153032260398,1,327.0,5.793013608384144,0.017661626854829707
1117,EP4275614A2,20231115,1.175554660258854,0,2,2,0,18,,11,0,0,12.0,8.0,20231013,20251128,1.0,0.0,20231115,2,2,18,0,,,,EP,1,0,0,0,0,0,0,0,0,0,2023,11,779,2.132785763175907,0,0,2.9444389791664403,2.4849066497880004,0,2.223134839151266,0.09582477754962354,777,2.127310061601643,5.387664792108416,1,2.666498650131654,4.34288468709264,4.612216711389643,2,777.0,6.656726524178391,0.00855620375858405
1118,EP4277241A2,20231115,1.4083635520219429,2,2,6,0,28,,26,0,0,25.0,8.0,20231013,20250212,1.0,0.0,20231115,2,6,28,0,,,,EP,1,0,0,0,0,0,0,0,0,0,2023,11,779,2.132785763175907,0,0,3.367295829986474,3.295836866004329,0,2.223134839151266,0.8870636550308009,488,1.3360711841204653,17.408607787998665,1,3.3858656716245403,4.58750838209682,4.631908050124794,2,488.0,6.192362489474872,0.012663317974386242
1119,EP4279105A2,20231122,1.5068396234487151,2,2,6,0,42,,11,0,0,16.0,11.0,20231020,20250820,1.0,0.0,20231122,2,6,42,0,,,,EP,1,0,0,0,0,0,0,0,0,0,2023,11,772,2.113620807665982,0,0,3.7612001156935624,2.4849066497880004,0,2.2039698836413417,0.36960985626283366,670,1.834360027378508,8.27146951629454,1,2.9977836133215154,4.49839962974862,4.3192666771665085,2,670.0,6.508769136971682,0.009700103035725308
1120,EP4282457A2,20231129,1.382502734732074,2,2,4,0,31,,18,0,0,63.0,16.0,20231027,20251027,1.0,0.0,20231129,2,4,31,0,,,,EP,1,0,0,0,0,0,0,0,0,0,2023,11,765,2.0944558521560577,0,0,3.4657359027997265,2.9444389791664403,0,2.184804928131417,0.1834360027378508,731,2.001368925393566,29.980456662649424,1,3.149166122231938,4.749987477468078,4.945807904560006,2,731.0,6.595780513961311,0.009010629117433486
1121,EP4277375A2,20231115,1.3406249347361734,1,2,14,0,13,,8,0,0,25.0,9.0,20231013,20240814,1.0,0.0,20231115,2,14,13,0,,,,EP,1,0,0,0,0,0,0,0,0,0,2023,11,779,2.132785763175907,0,0,2.6390573296152584,2.1972245773362196,0,2.223134839151266,1.3853524982888432,306,0.837782340862423,26.65863805561638,0,2.658959681137905,3.161629085655359,3.0350069181986425,0,306.0,5.726847747587197,0.018654227190837775
1122,EP4276629A2,20231115,1.5890078831986787,2,2,27,0,25,,12,0,0,32.0,10.0,20231013,20250514,1.0,0.0,20231115,2,27,25,0,,,,EP,1,0,0,0,0,0,0,0,0,0,2023,11,779,2.132785763175907,0,0,3.258096538021482,2.5649493574615367,0,2.223134839151266,0.6379192334017796,579,1.5852156057494866,18.988668210064578,1,3.1279774976756007,4.479106861125293,4.150164963211023,2,579.0,6.363028103540465,0.010970738109552526
1123,EP4277413A2,20231115,1.2565068755808704,1,2,14,0,9,,7,0,0,10.0,8.0,20231013,20231227,1.0,0.0,20231115,2,14,9,0,,,,EP,1,0,0,0,0,0,0,0,0,0,2023,11,779,2.132785763175907,0,0,2.302585092994046,2.0794415416798357,0,2.223134839151266,2.0177960301163584,75,0.2053388090349076,32.75050437121721,0,2.5041718005887716,2.627375086009716,2.2847803507147435,0,75.0,4.330733340286331,0.05698333342482015
1124,EP4275864A2,20231115,1.5224066817159299,2,2,4,0,55,,8,0,0,24.0,9.0,20231013,20240828,1.0,0.0,20231115,2,4,55,0,,,,EP,1,0,0,0,0,0,0,0,0,0,2023,11,779,2.132785763175907,0,0,4.02535169073515,2.1972245773362196,0,2.223134839151266,1.3470225872689938,320,0.8761122518822724,24.58733609143819,0,2.8407414281176617,3.366408779247025,3.073336829218492,0,320.0,5.771441123130016,0.01797956736177575
1125,EP4279290A1,20231122,1.2243720950461965,1,2,4,0,16,,10,0,0,57.0,16.0,20231020,20251208,1.0,1.0,20231122,2,4,16,0,,,,EP,1,0,0,0,0,0,0,0,0,0,2023,11,772,2.113620807665982,0,0,2.833213344056216,2.3978952727983707,0,2.2039698836413417,0.06844626967830253,780,2.135523613963039,25.497382198952877,1,2.6631092587252185,4.344423427103043,4.53341888676141,2,780.0,6.660575149839686,0.008528265236670532
1126,EP4275664A2,20231115,1.425036395646611,2,2,6,0,30,,11,0,0,12.0,8.0,20231013,20240403,1.0,0.0,20231115,2,6,30,0,,,,EP,1,0,0,0,0,0,0,0,0,0,2023,11,779,2.132785763175907,0,0,3.4339872044851463,2.4849066497880004,0,2.223134839151266,1.7494866529774127,173,0.4736481861738535,20.918744779859207,0,2.9159803855194113,3.2001692972237232,2.958554835961854,0,173.0,5.159055299214529,0.029649743098934075
1127,EP4277124A2,20231115,1.1164574657427964,0,2,2,0,14,,6,0,0,12.0,9.0,20231013,20240221,1.0,0.0,20231115,2,2,14,0,,,,EP,1,0,0,0,0,0,0,0,0,0,2023,11,779,2.132785763175907,0,0,2.70805020110221,1.9459101490553132,0,2.223134839151266,1.864476386036961,131,0.3586584531143053,26.16325921504253,0,2.2840035551759845,2.4991986270445676,2.3045686021696183,0,131.0,4.882801922586371,0.03699092365595735
1128,EP4276609A2,20231115,1.422228013249501,2,2,16,0,17,,18,0,0,32.0,16.0,20231013,20251216,1.0,0.0,20231115,2,16,17,0,,,,EP,1,0,0,0,0,0,0,0,0,0,2023,11,779,2.132785763175907,0,0,2.8903717578961645,2.9444389791664403,0,2.223134839151266,0.04654346338124572,795,2.1765913757700206,14.056101740777486,1,3.188891400749365,4.894846226211378,5.121030354936461,2,795.0,6.679599185844383,0.008391456263623597
1129,EP4277269A2,20231115,1.407097976426362,2,2,10,0,21,,56,0,0,13.0,8.0,20231013,20240306,1.0,0.0,20231115,2,10,21,0,,,,EP,1,0,0,0,0,0,0,0,0,0,2023,11,779,2.132785763175907,0,0,3.091042453358316,4.04305126783455,0,2.223134839151266,1.8261464750171115,145,0.39698836413415467,26.157554055915163,0,3.8329287371270917,4.071121755607584,4.4400396319687045,1,145.0,4.983606621708336,0.034134291929509154
1130,EP4275616A2,20231115,1.2755747024521673,1,2,10,0,12,,5,0,0,39.0,18.0,20231013,20251224,1.0,0.0,20231115,2,10,12,0,,,,EP,1,0,0,0,0,0,0,0,0,0,2023,11,779,2.132785763175907,0,0,2.5649493574615367,1.791759469228055,0,2.223134839151266,0.024640657084188913,803,2.198494182067077,16.967630505345284,1,2.3506303839890004,4.069726893229247,3.990253651295132,1,803.0,6.6895992691789665,0.008320397100968864
1131,EP4276725A1,20231115,1.3400279755332247,1,2,4,0,26,,10,0,0,10.0,7.0,20231013,20240731,1.0,0.0,20231115,2,4,26,0,,,,EP,1,0,0,0,0,0,0,0,0,0,2023,11,779,2.132785763175907,0,0,3.295836866004329,2.3978952727983707,0,2.223134839151266,1.4236824093086926,292,0.7994524298425736,11.117875351951906,0,2.778765139212247,3.2584365971177913,3.1973477026409443,0,292.0,5.680172609017068,0.019386254638283508
1132,EP4275634A2,20231115,1.2435521448008768,1,2,6,0,14,,14,0,0,16.0,10.0,20231013,20251224,1.0,0.0,20231115,2,6,14,0,,,,EP,1,0,0,0,0,0,0,0,0,0,2023,11,779,2.132785763175907,0,0,2.70805020110221,2.70805020110221,0,2.223134839151266,0.024640657084188913,803,2.198494182067077,6.961079181680117,1,2.868382265462203,4.58747877470245,4.906544383169287,2,803.0,6.6895992691789665,0.008320397100968864
1133,EP4289457A2,20231213,1.1240971441874192,0,2,8,0,7,,8,0,0,13.0,9.0,20231110,20241030,1.0,0.0,20231213,2,8,7,0,,,,EP,1,0,0,0,0,0,0,0,0,0,2023,12,751,2.0561259411362083,0,0,2.0794415416798357,2.1972245773362196,0,2.1464750171115674,1.1745379876796715,355,0.971937029431896,12.127578060149416,0,2.442431890589151,3.0255941082482884,3.1691616067681156,0,355.0,5.87493073085203,0.016502614412505702
1134,EP4277363A2,20231115,1.2435521448008768,1,2,6,0,14,,10,0,0,20.0,10.0,20231013,20250319,1.0,0.0,20231115,2,6,14,0,,,,EP,1,0,0,0,0,0,0,0,0,0,2023,11,779,2.132785763175907,0,0,2.70805020110221,2.3978952727983707,0,2.223134839151266,0.7912388774811773,523,1.431895961670089,13.055716902729992,1,2.6822893084798993,3.9414268854819525,3.82979123446846,1,523.0,6.261491684321042,0.011949411611299698
1135,EP4282878A2,20231129,1.9879579723999048,2,2,16,0,172,,115,0,0,26.0,10.0,20231027,20240918,1.0,0.0,20231129,2,16,172,0,,,,EP,1,0,0,0,0,0,0,0,0,0,2023,11,765,2.0944558521560577,0,0,5.153291594497779,4.7535901911063645,0,2.184804928131417,1.2895277207392197,327,0.8952772073921971,26.12337528368063,0,4.840112087063723,5.3772784114990415,5.648867398498561,2,327.0,5.793013608384144,0.017661626854829707
1136,EP4293364A2,20231220,1.0025462962959708,0,2,4,0,6,,8,0,0,17.0,11.0,20231117,20250903,1.0,0.0,20231220,2,4,6,0,,,,EP,1,0,0,0,0,0,0,0,0,0,2023,12,744,2.0369609856262834,0,0,1.9459101490553132,2.1972245773362196,0,2.127310061601643,0.33127994524298426,656,1.7960301163586585,8.966102306775928,1,2.3208810426977022,3.7984991125128973,3.993254693694878,1,656.0,6.48768401848461,0.009874709312761963
1137,EP4275739A2,20231115,1.3393002078649034,1,2,6,0,21,,8,0,0,45.0,16.0,20231013,20251029,1.0,0.0,20231115,2,6,21,0,,,,EP,1,0,0,0,0,0,0,0,0,0,2023,11,779,2.132785763175907,0,0,3.091042453358316,2.1972245773362196,0,2.223134839151266,0.17796030116358658,747,2.0451745379876796,20.97731406145305,1,2.6576349542666353,4.284739677059243,4.242399115323899,1,747.0,6.617402977974478,0.00884679542509957
1138,EP4275615A2,20231115,1.4412782117753618,2,2,2,0,54,,6,0,0,14.0,10.0,20231013,20251128,1.0,0.0,20231115,2,2,54,0,,,,EP,1,0,0,0,0,0,0,0,0,0,2023,11,779,2.132785763175907,0,0,4.007333185232471,1.9459101490553132,0,2.223134839151266,0.09582477754962354,777,2.127310061601643,6.285608924126485,1,2.60882430120855,4.285210338169536,4.073220210656956,1,777.0,6.656726524178391,0.00855620375858405
1139,EP4274234A2,20231108,1.418760893272831,2,2,8,0,25,,21,0,0,15.0,10.0,20231006,20241002,1.0,0.0,20231108,2,8,25,0,,,,EP,1,0,0,0,0,0,0,0,0,0,2023,11,786,2.1519507186858315,0,0,3.258096538021482,3.091042453358316,0,2.242299794661191,1.2511978097193703,362,0.9911019849418207,13.747569161282229,0,3.273386365287821,3.8680475562529133,4.082144438300137,1,362.0,5.8944028342648505,0.01623802433681777
1140,EP4279890A2,20231122,1.1164574657427964,0,2,2,0,14,,16,0,0,14.0,9.0,20231020,20240828,1.0,0.0,20231122,2,2,14,0,,,,EP,1,0,0,0,0,0,0,0,0,0,2023,11,772,2.113620807665982,0,0,2.70805020110221,2.833213344056216,0,2.2039698836413417,1.3470225872689938,313,0.8569472963723477,14.629854802946857,0,2.816385472176526,3.3305538499999345,3.690160640428564,0,313.0,5.749392985908253,0.018310168744930744
1141,EP4273525A2,20231108,1.2724960430110448,1,2,2,0,27,,24,0,0,18.0,9.0,20231006,20240821,1.0,0.0,20231108,2,2,27,0,,,,EP,1,0,0,0,0,0,0,0,0,0,2023,11,786,2.1519507186858315,0,0,3.332204510175204,3.2188758248682006,0,2.242299794661191,1.3661875427789185,320,0.8761122518822724,18.440502068578642,0,3.2038215379319652,3.7294888890613285,4.094988076750473,1,320.0,5.771441123130016,0.01797956736177575
1142,EP4274122A2,20231108,1.1158457388593792,0,2,6,0,8,,12,0,0,13.0,8.0,20231006,20250521,1.0,0.0,20231108,2,6,8,0,,,,EP,1,0,0,0,0,0,0,0,0,0,2023,11,786,2.1519507186858315,0,0,2.1972245773362196,2.5649493574615367,0,2.242299794661191,0.6187542778918549,593,1.623545516769336,7.542591636551368,1,2.6548153533363013,4.028942663397903,4.188494874230873,1,593.0,6.386879319362645,0.0107523220864691
1143,EP4276295A2,20231115,1.3207877152491925,1,2,4,0,24,,8,0,0,36.0,14.0,20231013,20251218,1.0,0.0,20231115,2,4,24,0,,,,EP,1,0,0,0,0,0,0,0,0,0,2023,11,779,2.132785763175907,0,0,3.2188758248682006,2.1972245773362196,0,2.223134839151266,0.04106776180698152,797,2.1820670773442847,15.775171710506584,1,2.639122461650924,4.348362708057495,4.379291654680504,2,797.0,6.682108597449809,0.008373569670989735
1144,EP4275706A2,20231115,1.175833091435957,0,2,4,0,13,,6,0,0,19.0,9.0,20231013,20241002,1.0,0.0,20231115,2,4,13,0,,,,EP,1,0,0,0,0,0,0,0,0,0,2023,11,779,2.132785763175907,0,0,2.6390573296152584,1.9459101490553132,0,2.223134839151266,1.2511978097193703,355,0.971937029431896,17.724921780218377,0,2.343379180869145,2.9265413985282827,2.917847178487209,0,355.0,5.87493073085203,0.016502614412505702
1145,EP4275673A2,20231115,1.3400279755332247,1,2,4,0,26,,26,0,0,18.0,10.0,20231013,20240731,1.0,0.0,20231115,2,4,26,0,,,,EP,1,0,0,0,0,0,0,0,0,0,2023,11,779,2.132785763175907,0,0,3.295836866004329,3.295836866004329,0,2.223134839151266,1.4236824093086926,292,0.7994524298425736,20.012175633513433,0,3.3175300951358224,3.7972015530413668,4.095289295846903,1,292.0,5.680172609017068,0.019386254638283508
1146,EP4276710A2,20231115,1.2521785038237525,1,2,4,0,18,,16,0,0,17.0,9.0,20231013,20240925,1.0,0.0,20231115,2,4,18,0,,,,EP,1,0,0,0,0,0,0,0,0,0,2023,11,779,2.132785763175907,0,0,2.9444389791664403,2.833213344056216,0,2.223134839151266,1.270362765229295,348,0.9527720739219713,16.147844743514725,0,2.952106510257482,3.5237697546106648,3.7859854179781873,0,348.0,5.855071922202427,0.016776710378803517
1147,EP4279095A2,20231122,1.091715032280654,0,2,4,0,9,,5,0,0,24.0,16.0,20231020,20251210,1.0,0.0,20231122,2,4,9,0,,,,EP,1,0,0,0,0,0,0,0,0,0,2023,11,772,2.113620807665982,0,0,2.302585092994046,1.791759469228055,0,2.2039698836413417,0.06297056810403832,782,2.1409993155373033,10.709507956384961,1,2.1667707138174865,3.8513703031398685,3.9327587847653582,1,782.0,6.663132695990803,0.008509748015313925
1148,EP4279312A2,20231122,1.3058788911671755,1,2,2,0,31,,11,0,0,31.0,15.0,20231020,20251008,1.0,0.0,20231122,2,2,31,0,,,,EP,1,0,0,0,0,0,0,0,0,0,2023,11,772,2.113620807665982,0,0,3.4657359027997265,2.4849066497880004,0,2.2039698836413417,0.23545516769336072,719,1.9685147159479808,14.986598722742464,1,2.796822881039976,4.377931710608764,4.453421365735981,2,719.0,6.579251212010101,0.009137848905569585
1149,EP4276892A2,20231115,1.5393574034536455,2,2,14,0,30,,15,0,0,9.0,8.0,20231013,20240221,1.0,0.0,20231115,2,14,30,0,,,,EP,1,0,0,0,0,0,0,0,0,0,2023,11,779,2.132785763175907,0,0,3.4339872044851463,2.772588722239781,0,2.223134839151266,1.864476386036961,131,0.3586584531143053,19.622444411281897,0,3.2029106367975144,3.4181057086660975,3.1312471753540865,0,131.0,4.882801922586371,0.03699092365595735
1150,EP4292544A2,20231220,1.367837932143321,1,2,2,0,40,,8,0,0,13.0,9.0,20231117,20250108,1.0,0.0,20231220,2,2,40,0,,,,EP,1,0,0,0,0,0,0,0,0,0,2023,12,744,2.0369609856262834,0,0,3.713572066704308,2.1972245773362196,0,2.127310061601643,0.9828884325804244,418,1.1444216290212184,10.446620097904406,1,2.6861726785450526,3.7728256559577837,3.3416462063574377,1,418.0,6.037870919922137,0.014410193126305816
1151,EP4275731A2,20231115,1.6608676160888114,2,2,22,0,38,,36,0,0,22.0,13.0,20231013,20251203,1.0,0.0,20231115,2,22,38,0,,,,EP,1,0,0,0,0,0,0,0,0,0,2023,11,779,2.132785763175907,0,0,3.6635616461296463,3.6109179126442243,0,2.223134839151266,0.08213552361396304,782,2.1409993155373033,9.817048960019546,1,3.8274183636753456,5.512017952997728,5.751917228181528,2,782.0,6.663132695990803,0.008509748015313925
1152,EP4275536A2,20231115,1.203710576967053,0,2,8,0,10,,6,0,0,46.0,16.0,20231013,20251215,1.0,0.0,20231115,2,8,10,0,,,,EP,1,0,0,0,0,0,0,0,0,0,2023,11,779,2.132785763175907,0,0,2.3978952727983707,1.9459101490553132,0,2.223134839151266,0.049281314168377825,794,2.1738535249828885,20.229975015803255,1,2.371256666400241,4.075568781389975,4.119763674038202,1,794.0,6.678342114654332,0.00840043033289853
1153,EP4292760A2,20231220,0.7860185057472165,0,2,2,0,3,,9,0,0,31.0,14.0,20231117,20251126,1.0,0.0,20231220,2,2,3,0,,,,EP,1,0,0,0,0,0,0,0,0,0,2023,12,744,2.0369609856262834,0,0,1.3862943611198906,2.302585092994046,0,2.127310061601643,0.10130047912388775,740,2.026009582477755,14.58130774926757,1,2.167569561543644,3.783175311030297,4.328594675471801,1,740.0,6.608000625296087,0.008917679656270022
1154,EP4276487A2,20231115,1.3569303025608241,1,2,10,0,17,,11,0,0,47.0,16.0,20231013,20251215,1.0,0.0,20231115,2,10,17,0,,,,EP,1,0,0,0,0,0,0,0,0,0,2023,11,779,2.132785763175907,0,0,2.8903717578961645,2.4849066497880004,0,2.223134839151266,0.049281314168377825,794,2.1738535249828885,20.669757081364196,1,2.847874292433624,4.552186407423357,4.658760174770888,2,794.0,6.678342114654332,0.00840043033289853
1155,EP4277342A2,20231115,1.386214543921784,2,2,22,0,12,,7,0,0,11.0,8.0,20231013,20251210,1.0,0.0,20231115,2,22,12,0,,,,EP,1,0,0,0,0,0,0,0,0,0,2023,11,779,2.132785763175907,0,0,2.5649493574615367,2.0794415416798357,0,2.223134839151266,0.06297056810403832,789,2.1601642710472277,4.866902879985464,1,2.6338794689296856,4.3299780315580225,4.2396058127270635,2,789.0,6.672032945461067,0.00844561132336844
1156,EP4277339A2,20231115,1.3927822543354051,2,2,16,0,15,,8,0,0,12.0,8.0,20231013,20250813,1.0,0.0,20231115,2,16,15,0,,,,EP,1,0,0,0,0,0,0,0,0,0,2023,11,779,2.132785763175907,0,0,2.772588722239781,2.1972245773362196,0,2.223134839151266,0.3887748117727584,670,1.834360027378508,6.203602137220905,1,2.711117000737137,4.211733017164241,4.031584604714728,1,670.0,6.508769136971682,0.009700103035725308
1157,EP4279459A2,20231122,1.6201530092715566,2,4,12,0,27,,23,0,0,13.0,9.0,20231020,20240717,1.0,0.0,20231122,4,12,27,0,,,,EP,1,0,0,0,0,0,0,0,0,0,2023,11,772,2.113620807665982,0,0,3.332204510175204,3.1780538303479458,0,2.2039698836413417,1.462012320328542,271,0.7419575633127995,15.440208113161532,0,3.5269853074803237,3.9721598454680036,3.9200113936607455,1,271.0,5.605802066295998,0.020609566420205873
1158,EP4276816A2,20231115,1.1930813093076948,0,2,4,0,14,,11,0,0,9.0,7.0,20231013,20250205,1.0,0.0,20231115,2,4,14,0,,,,EP,1,0,0,0,0,0,0,0,0,0,2023,11,779,2.132785763175907,0,0,2.70805020110221,2.4849066497880004,0,2.223134839151266,0.9062286105407256,481,1.3169062286105406,6.35186705956234,1,2.6840252991804947,3.874169036346819,3.801812878398541,1,481.0,6.1779441140506,0.012817311439939005
1159,EP4283912A2,20231129,1.2941016954905975,1,2,10,0,13,,10,0,0,12.0,9.0,20231027,20240731,1.0,0.0,20231129,2,10,13,0,,,,EP,1,0,0,0,0,0,0,0,0,0,2023,11,765,2.0944558521560577,0,0,2.6390573296152584,2.3978952727983707,0,2.184804928131417,1.4236824093086926,278,0.7611225188227242,13.93529926079008,0,2.73283885916962,3.1895123704632544,3.159017791621095,0,278.0,5.631211781821365,0.02018355477355328
1160,EP4273020A2,20231108,1.4281959752685427,2,2,8,0,26,,45,0,0,15.0,9.0,20231006,20240821,1.0,0.0,20231108,2,8,26,0,,,,EP,1,0,0,0,0,0,0,0,0,0,2023,11,786,2.1519507186858315,0,0,3.295836866004329,3.828641396489095,0,2.242299794661191,1.3661875427789185,320,0.8761122518822724,15.367085057148868,0,3.7253808131619994,4.251048164291363,4.7047536483713674,1,320.0,5.771441123130016,0.01797956736177575
1161,EP4273019A2,20231108,1.4281959752685427,2,2,8,0,26,,45,0,0,15.0,9.0,20231006,20240821,1.0,0.0,20231108,2,8,26,0,,,,EP,1,0,0,0,0,0,0,0,0,0,2023,11,786,2.1519507186858315,0,0,3.295836866004329,3.828641396489095,0,2.242299794661191,1.3661875427789185,320,0.8761122518822724,15.367085057148868,0,3.7253808131619994,4.251048164291363,4.7047536483713674,1,320.0,5.771441123130016,0.01797956736177575
1162,EP4277035A2,20231115,1.5159274942408234,2,2,10,0,33,,14,0,0,34.0,16.0,20231013,20251217,1.0,0.0,20231115,2,10,33,0,,,,EP,1,0,0,0,0,0,0,0,0,0,2023,11,779,2.132785763175907,0,0,3.5263605246161616,2.70805020110221,0,2.223134839151266,0.04380561259411362,796,2.1793292265571527,14.916669169094021,1,3.1407576149021494,4.848355150836442,4.887379427659363,2,796.0,6.680854678790215,0.008382502733739292
1163,EP4279613A2,20231122,1.2077769338907087,0,2,6,0,12,,27,0,0,15.0,9.0,20231020,20241225,1.0,0.0,20231122,2,6,12,0,,,,EP,1,0,0,0,0,0,0,0,0,0,2023,11,772,2.113620807665982,0,0,2.5649493574615367,3.332204510175204,0,2.2039698836413417,1.0212183436002737,432,1.1827515400410678,11.693612934208419,0,3.207099639995831,3.9167505640204716,4.514956050216272,1,432.0,6.07073772800249,0.01402017951039836
1164,EP4275990A2,20231115,1.4281959752685427,2,2,8,0,26,,45,0,0,15.0,9.0,20231013,20240821,1.0,0.0,20231115,2,8,26,0,,,,EP,1,0,0,0,0,0,0,0,0,0,2023,11,779,2.132785763175907,0,0,3.295836866004329,3.828641396489095,0,2.223134839151266,1.3661875427789185,313,0.8569472963723477,15.674844431728776,0,3.7253808131619994,4.239549190985408,4.685588692861443,1,313.0,5.749392985908253,0.018310168744930744
1165,EP4276711A2,20231115,1.3403465035590705,1,2,8,0,18,,14,0,0,18.0,9.0,20231013,20240821,1.0,0.0,20231115,2,8,18,0,,,,EP,1,0,0,0,0,0,0,0,0,0,2023,11,779,2.132785763175907,0,0,2.9444389791664403,2.70805020110221,0,2.223134839151266,1.3661875427789185,313,0.8569472963723477,18.809813318074532,0,2.9651766242203967,3.4793450020438055,3.5649974974745575,0,313.0,5.749392985908253,0.018310168744930744
1166,EP4277454A2,20231115,1.1877662569723246,0,2,6,0,11,,17,0,0,12.0,9.0,20231013,20240807,1.0,0.0,20231115,2,6,11,0,,,,EP,1,0,0,0,0,0,0,0,0,0,2023,11,779,2.132785763175907,0,0,2.4849066497880004,2.8903717578961645,0,2.223134839151266,1.404517453798768,299,0.8186173853524983,13.063110051411966,0,2.921989311710023,3.413159742921522,3.7089891432486626,0,299.0,5.703782474656201,0.019012608248854004
1167,EP4273018A2,20231108,1.4281959752685427,2,2,8,0,26,,45,0,0,15.0,9.0,20231006,20240821,1.0,0.0,20231108,2,8,26,0,,,,EP,1,0,0,0,0,0,0,0,0,0,2023,11,786,2.1519507186858315,0,0,3.295836866004329,3.828641396489095,0,2.242299794661191,1.3661875427789185,320,0.8761122518822724,15.367085057148868,0,3.7253808131619994,4.251048164291363,4.7047536483713674,1,320.0,5.771441123130016,0.01797956736177575
1168,EP4280625A2,20231122,1.1372954214791426,0,2,4,0,11,,13,0,0,14.0,10.0,20231020,20251205,1.0,0.0,20231122,2,4,11,0,,,,EP,1,0,0,0,0,0,0,0,0,0,2023,11,772,2.113620807665982,0,0,2.4849066497880004,2.6390573296152584,0,2.2039698836413417,0.07665982203969883,777,2.127310061601643,6.285608924126485,1,2.7207298192482976,4.397115856209283,4.766367391216901,2,777.0,6.656726524178391,0.00855620375858405
1169,EP4280259A2,20231122,1.431959170564554,2,2,4,0,38,,7,0,0,31.0,14.0,20231020,20251203,1.0,0.0,20231122,2,4,38,0,,,,EP,1,0,0,0,0,0,0,0,0,0,2023,11,772,2.113620807665982,0,0,3.6635616461296463,2.0794415416798357,0,2.2039698836413417,0.08213552361396304,775,2.1218343600273784,13.95243522996827,1,2.6796240955724553,4.352724711588882,4.2012759017072145,2,775.0,6.654152520183219,0.008574938814669097
1170,EP4277181A2,20231115,1.5666182644575324,2,2,18,0,29,,9,0,0,8.0,7.0,20231013,20240110,1.0,0.0,20231115,2,18,29,0,,,,EP,1,0,0,0,0,0,0,0,0,0,2023,11,779,2.132785763175907,0,0,3.4011973816621555,2.302585092994046,0,2.223134839151266,1.9794661190965093,89,0.243668720054757,23.27823142800239,0,2.94816932025396,3.094370552286814,2.546253813048803,0,89.0,4.499809670330265,0.04999788522589183
1171,EP4292752A2,20231220,1.330592893537513,1,2,4,0,25,,8,0,0,18.0,10.0,20231117,20250108,1.0,0.0,20231220,2,4,25,0,,,,EP,1,0,0,0,0,0,0,0,0,0,2023,12,744,2.0369609856262834,0,0,3.258096538021482,2.1972245773362196,0,2.127310061601643,0.9828884325804244,418,1.1444216290212184,14.464550904790714,1,2.6489276399392447,3.735580617351976,3.3416462063574377,1,418.0,6.037870919922137,0.014410193126305816
1172,EP4272827A2,20231108,1.2435521448008768,1,2,6,0,14,,36,0,0,20.0,12.0,20231006,20250604,1.0,0.0,20231108,2,6,14,0,,,,EP,1,0,0,0,0,0,0,0,0,0,2023,11,786,2.1519507186858315,0,0,2.70805020110221,3.6109179126442243,0,2.242299794661191,0.5804243668720055,607,1.6618754277891854,11.351540344197971,1,3.4101028923874113,4.807228149060923,5.2727933404334095,2,607.0,6.410174881966167,0.010543050792707512
1173,EP4275772A2,20231115,1.2888293723717215,1,2,4,0,21,,5,0,0,77.0,17.0,20231013,20251222,1.0,1.0,20231115,2,4,21,0,,,,EP,1,0,0,0,0,0,0,0,0,0,2023,11,779,2.132785763175907,0,0,3.091042453358316,1.791759469228055,0,2.223134839151266,0.030116358658453114,801,2.193018480492813,33.580191636070566,1,2.3638850539085543,4.079696142204242,3.984777949720868,1,801.0,6.687108607866515,0.008338040658187674
1174,EP4294090A2,20231220,1.4532805405704539,2,2,22,0,16,,7,0,0,8.0,7.0,20231117,20240313,1.0,0.0,20231220,2,22,16,0,,,,EP,1,0,0,0,0,0,0,0,0,0,2023,12,744,2.0369609856262834,0,0,2.833213344056216,2.0794415416798357,0,2.127310061601643,1.8069815195071868,117,0.3203285420944558,19.03273082559844,0,2.7009454655783554,2.893142590835029,2.3997700837742917,0,117.0,4.770684624465665,0.04042953071581072
1175,EP4277220A2,20231115,1.381063729030695,2,2,6,0,25,,25,0,0,45.0,16.0,20231013,20251027,1.0,0.0,20231115,2,6,25,0,,,,EP,1,0,0,0,0,0,0,0,0,0,2023,11,779,2.132785763175907,0,0,3.258096538021482,3.258096538021482,0,2.223134839151266,0.1834360027378508,745,2.0396988364134154,21.030997089024662,1,3.3359216518435844,4.959740953691634,5.297795374434898,2,745.0,6.61472560020376,0.008866924397055978
1176,EP4277433A2,20231115,1.3881103127497478,2,2,8,0,22,,10,0,0,14.0,10.0,20231013,20250507,1.0,0.0,20231115,2,8,22,0,,,,EP,1,0,0,0,0,0,0,0,0,0,2023,11,779,2.132785763175907,0,0,3.1354942159291497,2.3978952727983707,0,2.223134839151266,0.6570841889117043,572,1.566050650239562,8.40310587075305,1,2.82684747642877,4.1664778665725075,3.9639459230379326,1,572.0,6.35088571671474,0.011083570186238638
1177,EP4277330A2,20231115,1.390255264514677,2,2,26,0,11,,8,0,0,13.0,8.0,20231013,20240214,1.0,0.0,20231115,2,26,11,0,,,,EP,1,0,0,0,0,0,0,0,0,0,2023,11,779,2.132785763175907,0,0,2.4849066497880004,2.1972245773362196,0,2.223134839151266,1.8836413415468858,124,0.3394934976043806,29.579504750038932,0,2.7085900109164087,2.912286109479037,2.5367180749406,0,124.0,4.8283137373023015,0.03862650989841841
1178,EP4276554A2,20231115,1.264001091171275,1,2,8,0,13,,6,0,0,13.0,9.0,20231013,20241225,1.0,0.0,20231115,2,8,13,0,,,,EP,1,0,0,0,0,0,0,0,0,0,2023,11,779,2.132785763175907,0,0,2.6390573296152584,1.9459101490553132,0,2.223134839151266,1.0212183436002737,439,1.2019164955509924,9.98527942800063,0,2.431547180604463,3.1526970779350583,3.1478266446063055,0,439.0,6.0867747269123065,0.013833578924800697
1179,EP4276653A2,20231115,1.4545556681038487,2,2,2,0,57,,32,0,0,19.0,9.0,20231013,20250827,1.0,0.0,20231115,2,2,57,0,,,,EP,1,0,0,0,0,0,0,0,0,0,2023,11,779,2.132785763175907,0,0,4.060443010546419,3.4965075614664802,0,2.223134839151266,0.35044490075290896,684,1.8726899383983573,9.631518684292702,1,3.5524602049837366,5.0760741680227515,5.369197499864837,2,684.0,6.529418838262226,0.009531998304032447
1180,EP4277156A2,20231115,1.0691665297540138,0,2,0,0,23,,10,0,0,18.0,12.0,20231013,20251203,1.0,0.0,20231115,2,0,23,0,,,,EP,1,0,0,0,0,0,0,0,0,0,2023,11,779,2.132785763175907,0,0,3.1780538303479458,2.3978952727983707,0,2.223134839151266,0.08213552361396304,782,2.1409993155373033,8.03213096728872,1,2.507903693433036,4.1925032827554185,4.538894588335674,1,782.0,6.663132695990803,0.008509748015313925
1181,EP4277404A2,20231115,1.32086173622246,1,2,16,0,11,,10,0,0,32.0,10.0,20231013,20251203,1.0,0.0,20231115,2,16,11,0,,,,EP,1,0,0,0,0,0,0,0,0,0,2023,11,779,2.132785763175907,0,0,2.4849066497880004,2.3978952727983707,0,2.223134839151266,0.08213552361396304,782,2.1409993155373033,14.279343941846614,1,2.759598899901482,4.444198489223864,4.538894588335674,2,782.0,6.663132695990803,0.008509748015313925
1182,EP4277385A2,20231115,1.4083285441747555,2,2,12,0,19,,10,0,0,23.0,8.0,20231013,20240110,1.0,0.0,20231115,2,12,19,0,,,,EP,1,0,0,0,0,0,0,0,0,0,2023,11,779,2.132785763175907,0,0,2.995732273553991,2.3978952727983707,0,2.223134839151266,1.9794661190965093,89,0.243668720054757,66.92491535550687,0,2.847065707853778,2.9932669398866323,2.641563992853128,0,89.0,4.499809670330265,0.04999788522589183
1183,EP4290791A2,20231213,1.1158457388593792,0,2,6,0,8,,7,0,0,12.0,8.0,20231110,20250226,1.0,0.0,20231213,2,6,8,0,,,,EP,1,0,0,0,0,0,0,0,0,0,2023,12,751,2.0561259411362083,0,0,2.1972245773362196,2.0794415416798357,0,2.1464750171115674,0.8487337440109514,474,1.297741273100616,8.58527985896871,1,2.363510663867281,3.5421554277276504,3.3771828147804515,0,474.0,6.163314804034641,0.01297539958744135
1184,EP4279064A2,20231122,1.3954679725176389,2,2,10,0,20,,14,0,0,14.0,9.0,20231020,20241002,1.0,0.0,20231122,2,10,20,0,,,,EP,1,0,0,0,0,0,0,0,0,0,2023,11,772,2.113620807665982,0,0,3.044522437723423,2.70805020110221,0,2.2039698836413417,1.2511978097193703,348,0.9527720739219713,13.298225082894481,0,3.020298093178965,3.5919613375321475,3.6608222750241812,0,348.0,5.855071922202427,0.016776710378803517
1185,EP4276785A2,20231115,0.9184282371406676,0,2,4,0,4,,5,0,0,12.0,9.0,20231013,20250305,1.0,0.0,20231115,2,4,4,0,,,,EP,1,0,0,0,0,0,0,0,0,0,2023,11,779,2.132785763175907,0,0,1.6094379124341003,1.791759469228055,0,2.223134839151266,0.8295687885010267,509,1.3935660506502396,8.03446221529719,1,1.9934839186775004,3.229623549067644,3.185325519878295,0,509.0,6.234410725718371,0.012224334756310531
1186,EP4276488A2,20231115,1.3403465035590705,1,2,8,0,18,,10,0,0,15.0,9.0,20231013,20240828,1.0,0.0,20231115,2,8,18,0,,,,EP,1,0,0,0,0,0,0,0,0,0,2023,11,779,2.132785763175907,0,0,2.9444389791664403,2.3978952727983707,0,2.223134839151266,1.3470225872689938,320,0.8761122518822724,15.367085057148868,0,2.7790836672380927,3.304751018367456,3.274007524680643,0,320.0,5.771441123130016,0.01797956736177575
1187,EP4275878A2,20231115,1.3653673681983163,1,2,8,0,20,,5,0,0,26.0,10.0,20231013,20241225,1.0,0.0,20231115,2,8,20,0,,,,EP,1,0,0,0,0,0,0,0,0,0,2023,11,779,2.132785763175907,0,0,3.044522437723423,1.791759469228055,0,2.223134839151266,1.0212183436002737,439,1.2019164955509924,19.97055885600126,0,2.4404230497351493,3.1615729470657445,2.9936759647790474,0,439.0,6.0867747269123065,0.013833578924800697
1188,EP4276756A2,20231115,1.3491198865759433,1,3,4,0,20,,5,0,0,15.0,10.0,20231013,20240814,1.0,0.0,20231115,3,4,20,0,,,,EP,1,0,0,0,0,0,0,0,0,0,2023,11,779,2.132785763175907,0,0,3.044522437723423,1.791759469228055,0,2.223134839151266,1.3853524982888432,306,0.837782340862423,15.995182833369828,0,2.4241755681127763,2.92684497263023,2.629541810090478,0,306.0,5.726847747587197,0.018654227190837775
1189,EP4280616A2,20231122,1.3653673681983163,1,2,8,0,20,,11,0,0,15.0,9.0,20231020,20251008,1.0,0.0,20231122,2,8,20,0,,,,EP,1,0,0,0,0,0,0,0,0,0,2023,11,772,2.113620807665982,0,0,3.044522437723423,2.4849066497880004,0,2.2039698836413417,0.23545516769336072,719,1.9685147159479808,7.25158002713345,1,2.8563113580711166,4.437420187639905,4.453421365735981,2,719.0,6.579251212010101,0.009137848905569585
1190,EP4277252A2,20231115,1.5939583432113182,2,2,64,0,15,,19,0,0,25.0,12.0,20231013,20251022,1.0,0.0,20231115,2,64,15,0,,,,EP,1,0,0,0,0,0,0,0,0,0,2023,11,779,2.132785763175907,0,0,2.772588722239781,2.995732273553991,0,2.223134839151266,0.1971252566735113,740,2.026009582477755,11.759119152635137,1,3.391397707343713,5.0070034568303665,5.0217418560317455,2,740.0,6.608000625296087,0.008917679656270022
1191,EP4292801A2,20231220,1.162037854941285,0,2,2,0,17,,6,0,0,37.0,14.0,20231117,20251215,1.0,0.0,20231220,2,2,17,0,,,,EP,1,0,0,0,0,0,0,0,0,0,2023,12,744,2.0369609856262834,0,0,2.8903717578961645,1.9459101490553132,0,2.127310061601643,0.049281314168377825,759,2.078028747433265,16.98783822004337,1,2.3295839443744732,3.976401192834432,4.023938896488578,1,759.0,6.633318433280377,0.008728050570105759
1192,EP4277422A2,20231115,1.166013412724917,0,2,6,0,10,,35,0,0,56.0,20.0,20231013,20251119,1.0,1.0,20231115,2,6,10,0,,,,EP,1,0,0,0,0,0,0,0,0,0,2023,11,779,2.132785763175907,0,0,2.3978952727983707,3.58351893845611,0,2.223134839151266,0.12046543463381246,768,2.102669404517454,25.423697212641,1,3.316124775798583,4.9777264185090555,5.686188342973564,2,768.0,6.645090969505644,0.008641210623544402
1193,EP4280210A2,20231122,1.2339583730542303,1,2,2,0,23,,28,0,0,16.0,9.0,20231020,20250611,1.0,0.0,20231122,2,2,23,0,,,,EP,1,0,0,0,0,0,0,0,0,0,2023,11,772,2.113620807665982,0,0,3.1780538303479458,3.367295829986474,0,2.2039698836413417,0.5612594113620808,600,1.6427104722792607,9.181100506657241,1,3.2543358710461145,4.639962154413672,5.010006302265735,2,600.0,6.398594934535208,0.010646580589908831
1194,EP4280148A1,20231122,0.9052299598489444,0,4,8,0,1,,3,0,0,4.0,4.0,20231020,20231122,1.0,0.0,20231122,4,8,1,0,,,,EP,1,0,0,0,0,0,0,0,0,0,2023,11,772,2.113620807665982,0,0,0.6931471805599453,1.3862943611198906,0,2.2039698836413417,2.113620807665982,33,0.09034907597535935,21.01402373247033,0,1.7370065765208786,1.7912160221060942,1.47664343709525,0,33.0,3.5263605246161616,0.1037164860181224
1195,EP4277361A2,20231115,1.3276702039561803,1,2,6,0,20,,10,0,0,19.0,10.0,20231013,20250226,1.0,0.0,20231115,2,6,20,0,,,,EP,1,0,0,0,0,0,0,0,0,0,2023,11,779,2.132785763175907,0,0,3.044522437723423,2.3978952727983707,0,2.223134839151266,0.8487337440109514,502,1.374401095140315,12.886588366371104,1,2.7664073676352023,3.991048024719391,3.7722963679386856,1,502.0,6.220590170099739,0.012366978469383179
1196,EP4282877A2,20231129,1.9879579723999048,2,2,16,0,172,,115,0,0,26.0,10.0,20231027,20240918,1.0,0.0,20231129,2,16,172,0,,,,EP,1,0,0,0,0,0,0,0,0,0,2023,11,765,2.0944558521560577,0,0,5.153291594497779,4.7535901911063645,0,2.184804928131417,1.2895277207392197,327,0.8952772073921971,26.12337528368063,0,4.840112087063723,5.3772784114990415,5.648867398498561,2,327.0,5.793013608384144,0.017661626854829707
1197,EP4274227A2,20231108,1.4524286638336035,2,2,18,0,18,,25,0,0,14.0,9.0,20231006,20240821,1.0,0.0,20231108,2,18,18,0,,,,EP,1,0,0,0,0,0,0,0,0,0,2023,11,786,2.1519507186858315,0,0,2.9444389791664403,3.258096538021482,0,2.242299794661191,1.3661875427789185,320,0.8761122518822724,14.342612720005611,0,3.4072865866464928,3.932953937775856,4.134208789903754,1,320.0,5.771441123130016,0.01797956736177575
1198,EP4276208A2,20231115,1.3881103127497478,2,2,8,0,22,,12,0,0,14.0,9.0,20231013,20240807,1.0,0.0,20231115,2,8,22,0,,,,EP,1,0,0,0,0,0,0,0,0,0,2023,11,779,2.132785763175907,0,0,3.1354942159291497,2.5649493574615367,0,2.223134839151266,1.404517453798768,299,0.8186173853524983,15.240295059980628,0,2.9270799272266697,3.4182503584381685,3.3835667428140352,0,299.0,5.703782474656201,0.019012608248854004
1199,EP4276625A2,20231115,1.2539690499726144,1,2,2,0,25,,12,0,0,77.0,17.0,20231013,20251028,1.0,0.0,20231115,2,2,25,0,,,,EP,1,0,0,0,0,0,0,0,0,0,2023,11,779,2.132785763175907,0,0,3.258096538021482,2.5649493574615367,0,2.223134839151266,0.1806981519507187,746,2.0424366872005475,35.940385291204755,1,2.7929386644495366,4.418400676769865,4.607386044662084,2,746.0,6.616065185132817,0.00885684763739333
1200,EP4276034A2,20231115,1.3400279755332247,1,2,4,0,26,,7,0,0,29.0,15.0,20231013,20251218,1.0,0.0,20231115,2,4,26,0,,,,EP,1,0,0,0,0,0,0,0,0,0,2023,11,779,2.132785763175907,0,0,3.295836866004329,2.0794415416798357,0,2.223134839151266,0.04106776180698152,797,2.1820670773442847,12.707777211241414,1,2.587692900541126,4.296933146947698,4.26150861902412,2,797.0,6.682108597449809,0.008373569670989735
1201,EP4274180A2,20231108,1.395505220577868,2,2,12,0,18,,7,0,0,55.0,16.0,20231006,20260101,1.0,0.0,20231108,2,12,18,0,,,,EP,1,0,0,0,0,0,0,0,0,0,2023,11,786,2.1519507186858315,0,0,2.9444389791664403,2.0794415416798357,0,2.242299794661191,0.0027378507871321013,818,2.239561943874059,23.508674409759806,1,2.6431701455857697,4.386907311910205,4.319003485553894,2,818.0,6.70808408385307,0.008190578856963456
1202,EP4276922A2,20231115,1.3282819308395972,1,2,2,0,34,,15,0,0,13.0,8.0,20231013,20240221,1.0,0.0,20231115,2,2,34,0,,,,EP,1,0,0,0,0,0,0,0,0,0,2023,11,779,2.132785763175907,0,0,3.5553480614894135,2.772588722239781,0,2.223134839151266,1.864476386036961,131,0.3586584531143053,28.343530816296074,0,2.991835164183466,3.207030236052049,3.1312471753540865,0,131.0,4.882801922586371,0.03699092365595735
1203,EP4279233A2,20231122,1.226303926929139,1,2,6,0,13,,9,0,0,53.0,16.0,20231020,20251029,1.0,0.0,20231122,2,6,13,0,,,,EP,1,0,0,0,0,0,0,0,0,0,2023,11,772,2.113620807665982,0,0,2.6390573296152584,2.302585092994046,0,2.2039698836413417,0.17796030116358658,740,2.026009582477755,24.929332603586488,1,2.6078549827255664,4.22346073221222,4.328594675471801,1,740.0,6.608000625296087,0.008917679656270022
1204,EP4286057A2,20231206,1.091715032280654,0,2,4,0,9,,7,0,0,65.0,17.0,20231103,20251022,1.0,1.0,20231206,2,4,9,0,,,,EP,1,0,0,0,0,0,0,0,0,0,2023,12,758,2.0752908966461328,0,0,2.302585092994046,2.0794415416798357,0,2.1656399726214923,0.1971252566735113,719,1.9685147159479808,31.423513450911617,1,2.339379957288555,3.9204887868573435,4.047956257627817,1,719.0,6.579251212010101,0.009137848905569585
1205,EP4292655A2,20231220,1.2803344205319516,1,2,14,0,10,,11,0,0,6.0,5.0,20231117,20240124,1.0,0.0,20231220,2,14,10,0,,,,EP,1,0,0,0,0,0,0,0,0,0,2023,12,744,2.0369609856262834,0,0,2.3978952727983707,2.4849066497880004,0,2.127310061601643,1.9411362080766599,68,0.1861738535249829,20.966276010523796,0,2.7712784104047516,2.8829827225197415,2.671080503312983,0,68.0,4.23410650459726,0.06136386238546753
1206,EP4277344A2,20231115,1.2755747024521673,1,2,10,0,12,,4,0,0,22.0,11.0,20231013,20250709,1.0,0.0,20231115,2,10,12,0,,,,EP,1,0,0,0,0,0,0,0,0,0,2023,11,779,2.132785763175907,0,0,2.5649493574615367,1.6094379124341003,0,2.223134839151266,0.48459958932238195,635,1.7385352498288844,11.966047429358548,1,2.2412374499126275,3.684358599809958,3.347973162262985,1,635.0,6.455198563340122,0.010149683275692016
1207,EP4272806A1,20231108,1.5231743784591365,2,2,10,0,34,,5,0,0,17.0,9.0,20231006,20251022,1.0,0.0,20231108,2,10,34,0,,,,EP,1,0,0,0,0,0,0,0,0,0,2023,11,786,2.1519507186858315,0,0,3.5553480614894135,1.791759469228055,0,2.242299794661191,0.1971252566735113,747,2.0451745379876796,7.924763089882263,1,2.598230059995969,4.225334782788577,3.8369340072157345,1,747.0,6.617402977974478,0.00884679542509957
1208,EP4282986A2,20231129,1.2077769338907087,0,2,6,0,12,,27,0,0,13.0,9.0,20231027,20240918,1.0,0.0,20231129,2,6,12,0,,,,EP,1,0,0,0,0,0,0,0,0,0,2023,11,765,2.0944558521560577,0,0,2.5649493574615367,3.332204510175204,0,2.184804928131417,1.2895277207392197,327,0.8952772073921971,13.061687641840315,0,3.207099639995831,3.744265964431149,4.227481717567401,1,327.0,5.793013608384144,0.017661626854829707
1209,EP4293926A2,20231220,1.1164574657427964,0,2,2,0,14,,9,0,0,14.0,9.0,20231117,20250625,1.0,0.0,20231220,2,2,14,0,,,,EP,1,0,0,0,0,0,0,0,0,0,2023,12,744,2.0369609856262834,0,0,2.70805020110221,2.302585092994046,0,2.127310061601643,0.5229295003422314,586,1.6043805612594113,8.214127946668809,1,2.498008521539224,3.8606368582948707,3.906965654253457,1,586.0,6.375024819828097,0.010860348926453316
1210,EP4275659A2,20231115,1.0992092478710584,0,2,2,0,13,,9,0,0,12.0,9.0,20231013,20240821,1.0,0.0,20231115,2,2,13,0,,,,EP,1,0,0,0,0,0,0,0,0,0,2023,11,779,2.132785763175907,0,0,2.6390573296152584,2.302585092994046,0,2.223134839151266,1.3661875427789185,313,0.8569472963723477,12.53987554538302,0,2.480760303667486,2.9949286814908946,3.159532389366394,0,313.0,5.749392985908253,0.018310168744930744
1211,EP4276975A2,20231115,1.3058788911671755,1,2,2,0,31,,7,0,0,12.0,8.0,20231013,20251022,1.0,0.0,20231115,2,2,31,0,,,,EP,1,0,0,0,0,0,0,0,0,0,2023,11,779,2.132785763175907,0,0,3.4657359027997265,2.0794415416798357,0,2.223134839151266,0.1971252566735113,740,2.026009582477755,5.644377193264865,1,2.553543816175077,4.169149565661731,4.105451124157591,1,740.0,6.608000625296087,0.008917679656270022
1212,EP4275588A2,20231115,1.0389187336668366,0,2,2,0,10,,22,0,0,20.0,11.0,20231013,20251008,1.0,0.0,20231115,2,2,10,0,,,,EP,1,0,0,0,0,0,0,0,0,0,2023,11,779,2.132785763175907,0,0,2.3978952727983707,3.1354942159291497,0,2.223134839151266,0.23545516769336072,726,1.9876796714579055,9.580013770040328,1,2.9202152632243266,4.51282306609907,5.123173887387055,2,726.0,6.588926477533519,0.009063172596332214
1213,EP4279094A2,20231122,1.281136457705033,1,3,4,0,15,,18,0,0,32.0,15.0,20231020,20251016,1.0,0.0,20231122,3,4,15,0,,,,EP,1,0,0,0,0,0,0,0,0,0,2023,11,772,2.113620807665982,0,0,2.772588722239781,2.9444389791664403,0,2.2039698836413417,0.2135523613963039,727,1.9904175222450375,15.307946694607251,1,3.047799845204897,4.64205035855192,4.934856501411478,2,727.0,6.590301048196686,0.009052611329940502
1214,EP4286782A2,20231206,1.0389187336668366,0,2,2,0,10,,5,0,0,13.0,9.0,20231103,20240911,1.0,0.0,20231206,2,2,10,0,,,,EP,1,0,0,0,0,0,0,0,0,0,2023,12,758,2.0752908966461328,0,0,2.3978952727983707,1.791759469228055,0,2.1656399726214923,1.3086926762491444,313,0.8569472963723477,13.584865174164939,0,2.1139744152036695,2.628142793027078,2.6487067656004024,0,313.0,5.749392985908253,0.018310168744930744
1215,EP4289521A2,20231213,1.1073353430932715,0,2,12,0,5,,9,0,0,12.0,9.0,20231110,20250212,1.0,0.0,20231213,2,12,5,0,,,,EP,1,0,0,0,0,0,0,0,0,0,2023,12,751,2.0561259411362083,0,0,1.791759469228055,2.302585092994046,0,2.1464750171115674,0.8870636550308009,460,1.2594113620807665,8.827350083077388,1,2.488886398889699,3.644533216138159,3.561996455074812,0,460.0,6.133398042996649,0.013304551069407047
1216,EP4274372A2,20231108,1.4846367085023218,2,2,10,0,29,,21,0,0,15.0,8.0,20231006,20240124,1.0,0.0,20231108,2,10,29,0,,,,EP,1,0,0,0,0,0,0,0,0,0,2023,11,786,2.1519507186858315,0,0,3.4011973816621555,3.091042453358316,0,2.242299794661191,1.9411362080766599,110,0.30116358658453113,37.39123016550077,0,3.339262180517311,3.5199603324680298,3.392206039942847,0,110.0,4.709530201312334,0.04242820001182283
1217,EP4277382A2,20231115,1.307153402039042,1,2,11,0,13,,8,0,0,30.0,10.0,20231013,20251217,1.0,0.0,20231115,2,11,13,0,,,,EP,1,0,0,0,0,0,0,0,0,0,2023,11,779,2.132785763175907,0,0,2.6390573296152584,2.1972245773362196,0,2.223134839151266,0.04380561259411362,796,2.1793292265571527,13.161766913906488,1,2.6254881484407737,4.333085684375066,4.376553803893373,2,796.0,6.680854678790215,0.008382502733739292
1218,EP4275626A2,20231115,1.6571558068991015,2,2,4,0,95,,62,0,0,12.0,8.0,20231013,20250409,1.0,0.0,20231115,2,4,95,0,,,,EP,1,0,0,0,0,0,0,0,0,0,2023,11,779,2.132785763175907,0,0,4.564348191467836,4.143134726391533,0,2.223134839151266,0.7337440109514032,544,1.4893908281998631,7.550062443477886,1,4.143036642734021,5.4366711396539396,5.632525554591396,2,544.0,6.300785794663244,0.011561074852593108
1219,EP4276047A2,20231115,1.2748429305393785,1,2,6,0,16,,13,0,0,20.0,9.0,20231013,20241218,1.0,0.0,20231115,2,6,16,0,,,,EP,1,0,0,0,0,0,0,0,0,0,2023,11,779,2.132785763175907,0,0,2.833213344056216,2.6390573296152584,0,2.223134839151266,1.0403832991101984,432,1.1827515400410678,15.591483912277893,0,2.8582773283085334,3.567928252333174,3.8218088696563264,0,432.0,6.07073772800249,0.01402017951039836
1220,EP4276579A2,20231115,1.2812493090430128,1,2,8,0,14,,8,0,0,14.0,11.0,20231013,20251217,1.0,0.0,20231115,2,8,14,0,,,,EP,1,0,0,0,0,0,0,0,0,0,2023,11,779,2.132785763175907,0,0,2.70805020110221,2.1972245773362196,0,2.223134839151266,0.04380561259411362,796,2.1793292265571527,6.142157893156361,1,2.5995840554447445,4.307181591379036,4.376553803893373,2,796.0,6.680854678790215,0.008382502733739292
1221,EP4279045A2,20231122,1.4739196102916283,2,2,12,0,25,,11,0,0,12.0,9.0,20231020,20240821,1.0,0.0,20231122,2,12,25,0,,,,EP,1,0,0,0,0,0,0,0,0,0,2023,11,772,2.113620807665982,0,0,3.258096538021482,2.4849066497880004,0,2.2039698836413417,1.3661875427789185,306,0.837782340862423,12.796146266695862,0,2.9648636001644286,3.4675330046818824,3.3226889906504233,0,306.0,5.726847747587197,0.018654227190837775
1222,EP4275497A2,20231115,1.0359291444521013,0,2,4,0,7,,14,0,0,14.0,10.0,20231013,20240828,1.0,0.0,20231115,2,4,7,0,,,,EP,1,0,0,0,0,0,0,0,0,0,2023,11,779,2.132785763175907,0,0,2.0794415416798357,2.70805020110221,0,2.223134839151266,1.3470225872689938,320,0.8761122518822724,14.342612720005611,0,2.6607592651134273,3.1864266162427906,3.5841624529844824,0,320.0,5.771441123130016,0.01797956736177575
1223,EP4274374A2,20231108,0.9640086263391562,0,2,4,0,5,,4,0,0,17.0,9.0,20231006,20240531,1.0,0.0,20231108,2,4,5,0,,,,EP,1,0,0,0,0,0,0,0,0,0,2023,11,786,2.1519507186858315,0,0,1.791759469228055,1.6094379124341003,0,2.242299794661191,1.5906913073237507,238,0.6516084873374401,22.618158637646843,0,1.9296713737996163,2.3206364662020804,2.2610463997715406,0,238.0,5.476463551931511,0.02291407343904398
1224,EP4277312A2,20231115,1.3578927165287609,1,2,4,0,28,,16,0,0,39.0,17.0,20231013,20251210,1.0,1.0,20231115,2,4,28,0,,,,EP,1,0,0,0,0,0,0,0,0,0,2023,11,779,2.132785763175907,0,0,3.367295829986474,2.833213344056216,0,2.223134839151266,0.06297056810403832,789,2.1601642710472277,17.255382938130282,1,3.0578207229624903,4.753919285590827,4.993377615103444,2,789.0,6.672032945461067,0.00844561132336844
1225,EP4289507A2,20231213,1.5731553953221593,2,2,20,0,28,,31,0,0,21.0,11.0,20231110,20251204,1.0,0.0,20231213,2,20,28,0,,,,EP,1,0,0,0,0,0,0,0,0,0,2023,12,751,2.0561259411362083,0,0,3.367295829986474,3.4657359027997265,0,2.1464750171115674,0.07939767282683094,755,2.0670773442847366,9.690470926376298,1,3.652596937001995,5.292843343572837,5.532813247084463,2,755.0,6.628041376179533,0.008767250497591975
1226,EP4280144A2,20231122,1.4372878863112613,2,2,8,0,27,,19,0,0,29.0,13.0,20231020,20251218,1.0,0.0,20231122,2,8,27,0,,,,EP,1,0,0,0,0,0,0,0,0,0,2023,11,772,2.113620807665982,0,0,3.332204510175204,2.995732273553991,0,2.2039698836413417,0.04106776180698152,790,2.16290212183436,12.81540183297541,1,3.2347272504436555,4.932468523544272,5.158634395388351,2,790.0,6.673297967767654,0.008436533461147477
1227,EP4277403A1,20231115,1.1798830320159719,0,2,8,0,9,,16,0,0,6.0,6.0,20231013,20240529,1.0,0.0,20231115,2,8,9,0,,,,EP,1,0,0,0,0,0,0,0,0,0,2023,11,779,2.132785763175907,0,0,2.302585092994046,2.833213344056216,0,2.223134839151266,1.596167008898015,229,0.6269678302532512,8.253460126165145,0,2.8798110384497013,3.255991736601652,3.4601811743094673,0,229.0,5.438079308923196,0.023643823082274765
1228,EP4277231A2,20231115,1.2350417490347694,1,2,12,0,9,,7,0,0,13.0,9.0,20231013,20240515,1.0,0.0,20231115,2,12,9,0,,,,EP,1,0,0,0,0,0,0,0,0,0,2023,11,779,2.132785763175907,0,0,2.302585092994046,2.0794415416798357,0,2.223134839151266,1.6344969199178645,215,0.5886379192334018,18.87784514461783,0,2.482706674042671,2.835889425582712,2.6680794609132374,0,215.0,5.375278407684165,0.02488554818372299
1229,EP4277428A2,20231115,1.3026493393169345,1,2,6,0,18,,12,0,0,14.0,9.0,20231013,20240501,1.0,0.0,20231115,2,6,18,0,,,,EP,1,0,0,0,0,0,0,0,0,0,2023,11,779,2.132785763175907,0,0,2.9444389791664403,2.5649493574615367,0,2.223134839151266,1.672826830937714,201,0.5503080082135524,21.528260183138617,0,2.8416189537938568,3.171803758721988,3.115257365675089,0,201.0,5.308267697401205,0.026278552957431707
1230,EP4276614A2,20231115,1.0150911887157554,0,2,2,0,9,,7,0,0,40.0,15.0,20231013,20251029,1.0,0.0,20231115,2,2,9,0,,,,EP,1,0,0,0,0,0,0,0,0,0,2023,11,779,2.132785763175907,0,0,2.302585092994046,2.0794415416798357,0,2.223134839151266,0.17796030116358658,747,2.0451745379876796,18.646501387958267,1,2.2627561137236567,3.8898608365162644,4.124616079667515,1,747.0,6.617402977974478,0.00884679542509957
1231,EP4275730A2,20231115,1.4545361041829992,2,2,8,0,29,,8,0,0,70.0,15.0,20231013,20251210,1.0,0.0,20231115,2,8,29,0,,,,EP,1,0,0,0,0,0,0,0,0,0,2023,11,779,2.132785763175907,0,0,3.4011973816621555,2.1972245773362196,0,2.223134839151266,0.06297056810403832,789,2.1601642710472277,30.971200145362044,1,2.772870850584731,4.468969413213068,4.357388848383447,2,789.0,6.672032945461067,0.00844561132336844
1232,EP4274266A2,20231108,1.208701620120313,0,2,12,0,8,,9,0,0,10.0,8.0,20231006,20240710,1.0,0.0,20231108,2,12,8,0,,,,EP,1,0,0,0,0,0,0,0,0,0,2023,11,786,2.1519507186858315,0,0,2.1972245773362196,2.302585092994046,0,2.242299794661191,1.4811772758384667,278,0.7611225188227242,11.612749383991734,0,2.5902526759167404,3.046926187210375,3.06370761181677,0,278.0,5.631211781821365,0.02018355477355328
1233,EP4278977A2,20231122,1.310582216619129,1,2,4,0,23,,16,0,0,15.0,9.0,20231020,20250514,1.0,0.0,20231122,2,4,23,0,,,,EP,1,0,0,0,0,0,0,0,0,0,2023,11,772,2.113620807665982,0,0,3.1780538303479458,2.833213344056216,0,2.2039698836413417,0.6379192334017796,572,1.566050650239562,9.003327718663982,1,3.010510223052859,4.350140613196596,4.399263994295778,2,572.0,6.35088571671474,0.011083570186238638
1234,EP4276637A2,20231115,1.3026493393169345,1,2,6,0,18,,9,0,0,12.0,9.0,20231013,20251126,1.0,0.0,20231115,2,6,18,0,,,,EP,1,0,0,0,0,0,0,0,0,0,2023,11,779,2.132785763175907,0,0,2.9444389791664403,2.302585092994046,0,2.223134839151266,0.10130047912388775,775,2.1218343600273784,5.400942669665136,1,2.684200395113362,4.357301011129789,4.424419453021424,2,775.0,6.654152520183219,0.008574938814669097
1235,EP4275646A2,20231115,1.6315833747278516,2,2,10,0,53,,14,0,0,18.0,10.0,20231013,20250514,1.0,0.0,20231115,2,10,53,0,,,,EP,1,0,0,0,0,0,0,0,0,0,2023,11,779,2.132785763175907,0,0,3.9889840465642745,2.70805020110221,0,2.223134839151266,0.6379192334017796,579,1.5852156057494866,10.681125868161326,1,3.256413495389178,4.60754285883887,4.2932658068516965,2,579.0,6.363028103540465,0.010970738109552526
1236,EP4278913A2,20231122,1.6105746814512478,2,2,8,0,55,,44,0,0,23.0,14.0,20231020,20251231,1.0,0.0,20231122,2,8,55,0,,,,EP,1,0,0,0,0,0,0,0,0,0,2023,11,772,2.113620807665982,0,0,4.02535169073515,3.8066624897703196,0,2.2039698836413417,0.0054757015742642025,803,2.198494182067077,10.006551323665168,1,3.8945721753134395,5.613668684553686,6.005156671837397,2,803.0,6.6895992691789665,0.008320397100968864
1237,EP4274006A2,20231108,1.5827528947419252,2,2,18,0,31,,28,0,0,13.0,9.0,20231006,20240814,1.0,0.0,20231108,2,18,31,0,,,,EP,1,0,0,0,0,0,0,0,0,0,2023,11,786,2.1519507186858315,0,0,3.4657359027997265,3.367295829986474,0,2.242299794661191,1.3853524982888432,313,0.8569472963723477,13.584865174164939,0,3.6031303927338096,4.117298770557218,4.224243126358822,1,313.0,5.749392985908253,0.018310168744930744
1238,EP4275870A1,20231115,1.2999423130144299,1,2,4,0,22,,6,0,0,9.0,7.0,20231013,20240703,1.0,0.0,20231115,2,4,22,0,,,,EP,1,0,0,0,0,0,0,0,0,0,2023,11,779,2.132785763175907,0,0,3.1354942159291497,1.9459101490553132,0,2.223134839151266,1.5003422313483916,264,0.7227926078028748,10.938357873720987,0,2.467488402447618,2.9011639671293428,2.6687027568581883,0,264.0,5.579729825986222,0.02105558424900461
1239,EP4274286A2,20231108,1.2748429305393785,1,2,6,0,16,,9,0,0,18.0,10.0,20231006,20251126,1.0,0.0,20231108,2,6,16,0,,,,EP,1,0,0,0,0,0,0,0,0,0,2023,11,786,2.1519507186858315,0,0,2.833213344056216,2.302585092994046,0,2.242299794661191,0.10130047912388775,782,2.1409993155373033,8.03213096728872,1,2.656393986335806,4.340993575658188,4.443584408531349,2,782.0,6.663132695990803,0.008509748015313925
1240,EP4290189A2,20231213,0.7860185057472167,0,3,2,0,2,,5,0,0,41.0,16.0,20231110,20251029,1.0,0.0,20231213,3,2,2,0,,,,EP,1,0,0,0,0,0,0,0,0,0,2023,12,751,2.0561259411362083,0,0,1.0986122886681098,1.791759469228055,0,2.1464750171115674,0.17796030116358658,719,1.9685147159479808,19.820985407498096,1,1.8610741872840495,3.442183016852838,3.7602741851760357,0,719.0,6.579251212010101,0.009137848905569585
1241,EP4290188A2,20231213,0.7860185057472167,0,3,2,0,2,,5,0,0,57.0,18.0,20231110,20251208,1.0,1.0,20231213,3,2,2,0,,,,EP,1,0,0,0,0,0,0,0,0,0,2023,12,751,2.0561259411362083,0,0,1.0986122886681098,1.791759469228055,0,2.1464750171115674,0.06844626967830253,759,2.078028747433265,26.170453474120862,1,1.8610741872840495,3.5078914357440083,3.86978821666132,0,759.0,6.633318433280377,0.008728050570105759
1242,EP4283611A2,20231129,1.0025462962959708,0,2,4,0,6,,8,0,0,11.0,8.0,20231027,20240814,1.0,0.0,20231129,2,4,6,0,,,,EP,1,0,0,0,0,0,0,0,0,0,2023,11,765,2.0944558521560577,0,0,1.9459101490553132,2.1972245773362196,0,2.184804928131417,1.3853524982888432,292,0.7994524298425736,12.229662887147096,0,2.3208810426977022,2.8005525006032466,2.996677007178793,0,292.0,5.680172609017068,0.019386254638283508
1243,EP4282979A2,20231129,1.6516504442740667,2,2,8,0,65,,27,0,0,15.0,8.0,20231027,20250122,1.0,0.0,20231129,2,8,65,0,,,,EP,1,0,0,0,0,0,0,0,0,0,2023,11,765,2.0944558521560577,0,0,4.189654742026425,3.332204510175204,0,2.184804928131417,0.944558521560575,453,1.2402464065708418,11.191971809407079,1,3.6509731503791887,4.795120994321694,4.572450916746046,2,453.0,6.118097198041348,0.013475985017712222
1244,EP4287279A2,20231206,1.554987492698979,2,2,14,0,32,,17,0,0,12.0,9.0,20231103,20241023,1.0,0.0,20231206,2,14,32,0,,,,EP,1,0,0,0,0,0,0,0,0,0,2023,12,758,2.0752908966461328,0,0,3.4965075614664802,2.8903717578961645,0,2.1656399726214923,1.1937029431895962,355,0.971937029431896,11.194687440137923,0,3.289210547436678,3.8723727650958155,3.8623087873280606,1,355.0,5.87493073085203,0.016502614412505702
1245,EP4282960A2,20231129,1.1877662569723246,0,2,6,0,11,,7,0,0,32.0,15.0,20231027,20251119,1.0,0.0,20231129,2,6,11,0,,,,EP,1,0,0,0,0,0,0,0,0,0,2023,11,765,2.0944558521560577,0,0,2.4849066497880004,2.0794415416798357,0,2.184804928131417,0.12046543463381246,754,2.0643394934976045,14.78511116030486,1,2.435431181980226,4.0740348780787885,4.14378103517744,1,754.0,6.626717749249025,0.008777109601654337
1246,EP4276469A2,20231115,1.3421743936283,1,2,2,0,36,,24,0,0,27.0,9.0,20231013,20240814,1.0,0.0,20231115,2,2,36,0,,,,EP,1,0,0,0,0,0,0,0,0,0,2023,11,779,2.132785763175907,0,0,3.6109179126442243,3.2188758248682006,0,2.223134839151266,1.3853524982888432,306,0.837782340862423,28.79132910006569,0,3.27349988854922,3.776169293066674,4.0566581657306235,1,306.0,5.726847747587197,0.018654227190837775
1247,EP4273960A2,20231108,1.4288508206737696,2,2,10,0,23,,9,0,0,14.0,8.0,20231006,20240228,1.0,0.0,20231108,2,10,23,0,,,,EP,1,0,0,0,0,0,0,0,0,0,2023,11,786,2.1519507186858315,0,0,3.1780538303479458,2.302585092994046,0,2.242299794661191,1.8453114305270362,145,0.39698836413415467,28.169673598677868,0,2.810401876470197,3.04859489495069,2.6995734571282006,0,145.0,4.983606621708336,0.034134291929509154
1248,EP4282434A2,20231129,1.4692690726863806,2,2,6,0,36,,10,0,0,12.0,9.0,20231027,20241009,1.0,0.0,20231129,2,6,36,0,,,,EP,1,0,0,0,0,0,0,0,0,0,2023,11,765,2.0944558521560577,0,0,3.6109179126442243,2.3978952727983707,0,2.184804928131417,1.2320328542094456,348,0.9527720739219713,11.398478642480983,0,2.908006236365403,3.4796694807185857,3.350667346720342,0,348.0,5.855071922202427,0.016776710378803517
1249,EP4273897A2,20231108,1.212205528806823,1,2,2,0,21,,17,0,0,11.0,8.0,20231006,20241009,1.0,0.0,20231108,2,2,21,0,,,,EP,1,0,0,0,0,0,0,0,0,0,2023,11,786,2.1519507186858315,0,0,3.091042453358316,2.8903717578961645,0,2.242299794661191,1.2320328542094456,369,1.0102669404517455,9.90752727945256,0,2.9464285835445216,3.5525887478155687,3.90063869834791,0,369.0,5.91350300563827,0.015982440555779107
1250,EP4277017A2,20231115,1.6108525595642953,2,2,26,0,28,,43,0,0,13.0,8.0,20231013,20240221,1.0,0.0,20231115,2,26,28,0,,,,EP,1,0,0,0,0,0,0,0,0,0,2023,11,779,2.132785763175907,0,0,3.367295829986474,3.784189633918261,0,2.223134839151266,1.864476386036961,131,0.3586584531143053,28.343530816296074,0,3.881366339915252,4.096561411783835,4.142848087032566,1,131.0,4.882801922586371,0.03699092365595735
1251,EP4272912A2,20231108,1.1372954214791426,0,2,4,0,11,,9,0,0,9.0,7.0,20231006,20240221,1.0,0.0,20231108,2,4,11,0,,,,EP,1,0,0,0,0,0,0,0,0,0,2023,11,786,2.1519507186858315,0,0,2.4849066497880004,2.302585092994046,0,2.242299794661191,1.864476386036961,138,0.37782340862423,18.835410399656208,0,2.51884647727557,2.745540522450108,2.6804085016182757,0,138.0,4.9344739331306915,0.03549981246856613
1252,EP4274268A2,20231108,1.374007782892304,1,2,14,0,15,,8,0,0,13.0,8.0,20231006,20241204,1.0,0.0,20231108,2,14,15,0,,,,EP,1,0,0,0,0,0,0,0,0,0,2023,11,786,2.1519507186858315,0,0,2.772588722239781,2.1972245773362196,0,2.242299794661191,1.0787132101300478,425,1.163586584531143,10.288175071772926,0,2.6923425292940357,3.3904944800127215,3.3608111618673626,0,425.0,6.054439346269371,0.014212298934904626
1253,EP4273414A2,20231108,1.2555640255337832,1,2,10,0,11,,7,0,0,17.0,12.0,20231006,20251210,1.0,0.0,20231108,2,10,11,0,,,,EP,1,0,0,0,0,0,0,0,0,0,2023,11,786,2.1519507186858315,0,0,2.4849066497880004,2.0794415416798357,0,2.242299794661191,0.06297056810403832,796,2.1793292265571527,7.458334584547011,1,2.5032289505416845,4.210826486475976,4.258770768236989,1,796.0,6.680854678790215,0.008382502733739292
1254,EP4275969A2,20231115,1.370447107878393,1,2,10,0,18,,7,0,0,28.0,14.0,20231013,20251008,1.0,0.0,20231115,2,10,18,0,,,,EP,1,0,0,0,0,0,0,0,0,0,2023,11,779,2.132785763175907,0,0,2.9444389791664403,2.0794415416798357,0,2.223134839151266,0.23545516769336072,726,1.9876796714579055,13.412019278056459,1,2.6181120328862946,4.210719835761038,4.067121213137741,1,726.0,6.588926477533519,0.009063172596332214
1255,EP4272660A2,20231108,1.0150911887157554,0,2,2,0,9,,6,0,0,17.0,13.0,20231006,20250611,1.0,0.0,20231108,2,2,9,0,,,,EP,1,0,0,0,0,0,0,0,0,0,2023,11,786,2.1519507186858315,0,0,2.302585092994046,1.9459101490553132,0,2.242299794661191,0.5612594113620808,614,1.68104038329911,9.544982898428193,1,2.1826372781489436,3.5912615081284094,3.6269505323544236,0,614.0,6.421622267806518,0.010441662224075639
1256,EP4276502A2,20231115,1.3995907220691253,2,2,6,0,27,,6,0,0,20.0,10.0,20231013,20241120,1.0,0.0,20231115,2,6,27,0,,,,EP,1,0,0,0,0,0,0,0,0,0,2023,11,779,2.132785763175907,0,0,3.332204510175204,1.9459101490553132,0,2.223134839151266,1.1170431211498972,404,1.106091718001369,16.582486805516144,0,2.567136811502313,3.2307918423031343,3.052001867056682,0,404.0,6.003887067106539,0.014824412511374169
1257,EP4274287A2,20231108,1.2748429305393785,1,2,6,0,16,,8,0,0,46.0,14.0,20231006,20251029,1.0,0.0,20231108,2,6,16,0,,,,EP,1,0,0,0,0,0,0,0,0,0,2023,11,786,2.1519507186858315,0,0,2.833213344056216,2.1972245773362196,0,2.242299794661191,0.17796030116358658,754,2.0643394934976045,21.253597292938235,1,2.59317767694111,4.231781373039673,4.261564070833824,1,754.0,6.626717749249025,0.008777109601654337
1258,EP4272578A2,20231108,1.2435521448008768,1,2,6,0,14,,17,0,0,51.0,17.0,20231006,20251209,1.0,0.0,20231108,2,6,14,0,,,,EP,1,0,0,0,0,0,0,0,0,0,2023,11,786,2.1519507186858315,0,0,2.70805020110221,2.8903717578961645,0,2.242299794661191,0.06570841889117043,795,2.1765913757700206,22.40191214936412,1,2.9777751995385753,4.683730025000588,5.066963133666185,2,795.0,6.679599185844383,0.008391456263623597
1259,EP4289844A2,20231213,0.7140979876342713,0,2,2,0,2,,10,0,0,13.0,10.0,20231110,20241120,1.0,0.0,20231213,2,2,2,0,,,,EP,1,0,0,0,0,0,0,0,0,0,2023,12,751,2.0561259411362083,0,0,1.0986122886681098,2.3978952727983707,0,2.1464750171115674,1.1170431211498972,376,1.0294318959616702,11.51021150233319,0,2.1528351513132935,2.7704942888902955,3.4273271687600406,0,376.0,5.932245187448011,0.015735398375193662
1260,EP4276636A2,20231115,1.3901956493987626,2,2,4,0,32,,11,0,0,50.0,17.0,20231013,20251215,1.0,0.0,20231115,2,4,32,0,,,,EP,1,0,0,0,0,0,0,0,0,0,2023,11,779,2.132785763175907,0,0,3.4965075614664802,2.4849066497880004,0,2.223134839151266,0.049281314168377825,794,2.1738535249828885,21.98910327804702,1,2.881139639271563,4.585451754261296,4.658760174770888,2,794.0,6.678342114654332,0.00840043033289853
1261,EP4282985A2,20231129,1.2077769338907087,0,2,6,0,12,,27,0,0,13.0,9.0,20231027,20240911,1.0,0.0,20231129,2,6,12,0,,,,EP,1,0,0,0,0,0,0,0,0,0,2023,11,765,2.0944558521560577,0,0,2.5649493574615367,3.332204510175204,0,2.184804928131417,1.3086926762491444,320,0.8761122518822724,13.318140382862353,0,3.207099639995831,3.732766991125194,4.208316762057477,1,320.0,5.771441123130016,0.01797956736177575
1262,EP4292590A2,20231220,1.1874630953446803,0,3,4,0,10,,11,0,0,16.0,10.0,20231117,20240619,1.0,0.0,20231220,3,4,10,0,,,,EP,1,0,0,0,0,0,0,0,0,0,2023,12,744,2.0369609856262834,0,0,2.3978952727983707,2.4849066497880004,0,2.127310061601643,1.538672142368241,215,0.5886379192334018,23.234270947221948,0,2.67840708521748,3.0315898367575214,3.073544569021402,0,215.0,5.375278407684165,0.02488554818372299
1263,EP4290796A2,20231213,1.208701620120313,0,2,12,0,8,,3,0,0,11.0,7.0,20231110,20240124,1.0,0.0,20231213,2,12,8,0,,,,EP,1,0,0,0,0,0,0,0,0,0,2023,12,751,2.0561259411362083,0,0,2.1972245773362196,1.3862943611198906,0,2.1464750171115674,1.9411362080766599,75,0.2053388090349076,36.02555480833893,0,2.0404782367922474,2.1636815222131918,1.591633170154798,0,75.0,4.330733340286331,0.05698333342482015
1264,EP4274368A2,20231108,1.2005755248980996,0,2,2,0,20,,10,0,0,19.0,9.0,20231006,20240814,1.0,0.0,20231108,2,2,20,0,,,,EP,1,0,0,0,0,0,0,0,0,0,2023,11,786,2.1519507186858315,0,0,3.044522437723423,2.3978952727983707,0,2.242299794661191,1.3853524982888432,313,0.8569472963723477,19.85480294685645,0,2.639312688577122,3.1534810664005306,3.2548425691707186,0,313.0,5.749392985908253,0.018310168744930744
1265,EP4273022A1,20231108,1.060671577914244,0,2,2,0,11,,13,0,0,19.0,12.0,20231006,20251106,1.0,0.0,20231108,2,2,11,0,,,,EP,1,0,0,0,0,0,0,0,0,0,2023,11,786,2.1519507186858315,0,0,2.4849066497880004,2.6390573296152584,0,2.242299794661191,0.15605749486652978,762,2.086242299794661,8.690710998403306,1,2.6441059756833987,4.295851355560195,4.725299629409919,1,762.0,6.637258031284457,0.008698896502338738
1266,EP4292816A2,20231220,1.3210350466212843,1,2,2,0,33,,12,0,0,34.0,14.0,20231117,20251231,1.0,0.0,20231220,2,2,33,0,,,,EP,1,0,0,0,0,0,0,0,0,0,2023,12,744,2.0369609856262834,0,0,3.5263605246161616,2.5649493574615367,0,2.127310061601643,0.0054757015742642025,775,2.1218343600273784,15.302670897384555,1,2.8600046610982064,4.533105277114633,4.686783717488915,2,775.0,6.654152520183219,0.008574938814669097
1267,EP4295824A2,20231227,1.0521766260744743,0,2,8,0,5,,9,0,0,13.0,9.0,20231124,20250326,1.0,0.0,20231227,2,8,5,0,,,,EP,1,0,0,0,0,0,0,0,0,0,2023,12,737,2.0177960301163584,0,0,1.791759469228055,2.302585092994046,0,2.108145106091718,0.7720739219712526,488,1.3360711841204653,9.052476049759306,1,2.4337276818709017,3.6353703923431806,3.638656277114511,0,488.0,6.192362489474872,0.012663317974386242
1268,EP4273824A2,20231108,0.9184282371406676,0,2,4,0,4,,6,0,0,16.0,9.0,20231006,20251210,1.0,0.0,20231108,2,4,4,0,,,,EP,1,0,0,0,0,0,0,0,0,0,2023,11,786,2.1519507186858315,0,0,1.6094379124341003,1.9459101490553132,0,2.242299794661191,0.06297056810403832,796,2.1793292265571527,7.019609020750127,1,2.0859743265738553,3.7935718625081467,4.125239375612466,1,796.0,6.680854678790215,0.008382502733739292
1269,EP4289757A2,20231213,0.8873847827742576,0,2,2,0,5,,4,0,0,12.0,9.0,20231110,20241016,1.0,0.0,20231213,2,2,5,0,,,,EP,1,0,0,0,0,0,0,0,0,0,2023,12,751,2.0561259411362083,0,0,1.791759469228055,1.6094379124341003,0,2.1464750171115674,1.212867898699521,341,0.9336071184120466,11.609827163763988,0,1.8530475302347176,2.4132118012819452,2.5430450308461467,0,341.0,5.834810737062605,0.01706085010837019
1270,EP4295748A2,20231227,1.4753740599193454,2,2,14,0,23,,15,0,0,14.0,9.0,20231124,20241030,1.0,0.0,20231227,2,14,23,0,,,,EP,1,0,0,0,0,0,0,0,0,0,2023,12,737,2.0177960301163584,0,0,3.1780538303479458,2.772588722239781,0,2.108145106091718,1.1745379876796715,341,0.9336071184120466,13.544798357724654,0,3.1389272932632144,3.699091564310442,3.706195840651828,1,341.0,5.834810737062605,0.01706085010837019
1271,EP4273765A2,20231108,1.115542577231735,0,2,4,0,10,,7,0,0,12.0,8.0,20231006,20241218,1.0,0.0,20231108,2,4,10,0,,,,EP,1,0,0,0,0,0,0,0,0,0,2023,11,786,2.1519507186858315,0,0,2.3978952727983707,2.0794415416798357,0,2.242299794661191,1.0403832991101984,439,1.2019164955509924,9.21718101046212,0,2.3632075022396366,3.084357399570232,3.281358037230828,0,439.0,6.0867747269123065,0.013833578924800697
1272,EP4280367A2,20231122,1.500116493381488,2,2,8,0,35,,12,0,0,24.0,9.0,20231020,20240828,1.0,0.0,20231122,2,8,35,0,,,,EP,1,0,0,0,0,0,0,0,0,0,2023,11,772,2.113620807665982,0,0,3.58351893845611,2.5649493574615367,0,2.2039698836413417,1.3470225872689938,313,0.8569472963723477,25.07975109076604,0,3.03908610785841,3.5532544856818187,3.421896653833884,0,313.0,5.749392985908253,0.018310168744930744
1273,EP4289456A2,20231213,1.62214829273214,2,2,10,0,51,,8,0,0,14.0,9.0,20231110,20241030,1.0,0.0,20231213,2,10,51,0,,,,EP,1,0,0,0,0,0,0,0,0,0,2023,12,751,2.0561259411362083,0,0,3.9512437185814275,2.1972245773362196,0,2.1464750171115674,1.1745379876796715,355,0.971937029431896,13.06046868016091,0,2.9404830391338717,3.523645256793009,3.1691616067681156,0,355.0,5.87493073085203,0.016502614412505702
1274,EP4276520A2,20231115,1.3191598081900726,1,2,12,0,13,,14,0,0,43.0,15.0,20231013,20251029,1.0,0.0,20231115,2,12,13,0,,,,EP,1,0,0,0,0,0,0,0,0,0,2023,11,779,2.132785763175907,0,0,2.6390573296152584,2.70805020110221,0,2.223134839151266,0.17796030116358658,747,2.0451745379876796,20.044988992055135,1,2.9439899288513987,4.571094651644007,4.753224739089889,2,747.0,6.617402977974478,0.00884679542509957
1275,EP4276671A2,20231115,1.2092159395920876,0,2,4,0,15,,8,0,0,13.0,9.0,20231013,20250108,1.0,0.0,20231115,2,4,15,0,,,,EP,1,0,0,0,0,0,0,0,0,0,2023,11,779,2.132785763175907,0,0,2.772588722239781,2.1972245773362196,0,2.223134839151266,0.9828884325804244,453,1.2402464065708418,9.699708901486135,1,2.5275506859938193,3.6716985299363243,3.4374709839070614,1,453.0,6.118097198041348,0.013475985017712222
1276,EP4272611A2,20231108,1.162037854941285,0,2,2,0,17,,16,0,0,13.0,9.0,20231006,20240320,1.0,0.0,20231108,2,2,17,0,,,,EP,1,0,0,0,0,0,0,0,0,0,2023,11,786,2.1519507186858315,0,0,2.8903717578961645,2.833213344056216,0,2.242299794661191,1.787816563997262,166,0.4544832306639288,23.445253672386126,0,2.8619658613750145,3.134655799773372,3.2876965747201448,0,166.0,5.117993812416755,0.030646669535429674
1277,EP4272610A2,20231108,1.162037854941285,0,2,2,0,17,,16,0,0,15.0,10.0,20231006,20240703,1.0,0.0,20231108,2,2,17,0,,,,EP,1,0,0,0,0,0,0,0,0,0,2023,11,786,2.1519507186858315,0,0,2.8903717578961645,2.833213344056216,0,2.242299794661191,1.5003422313483916,271,0.7419575633127995,17.815624745955613,0,2.8619658613750145,3.3071403993626944,3.5751709073690154,0,271.0,5.605802066295998,0.020609566420205873
1278,EP4272815A2,20231108,1.3504131485076118,1,2,6,0,22,,13,0,0,16.0,10.0,20231006,20240821,1.0,0.0,20231108,2,6,22,0,,,,EP,1,0,0,0,0,0,0,0,0,0,2023,11,786,2.1519507186858315,0,0,3.1354942159291497,2.6390573296152584,0,2.242299794661191,1.3661875427789185,320,0.8761122518822724,16.391557394292125,0,2.933847546276767,3.4595148974061303,3.515169581497531,0,320.0,5.771441123130016,0.01797956736177575
1279,EP4274170A2,20231108,1.147748251481298,0,2,2,0,16,,9,0,0,46.0,15.0,20231006,20251211,1.0,0.0,20231108,2,2,16,0,,,,EP,1,0,0,0,0,0,0,0,0,0,2023,11,786,2.1519507186858315,0,0,2.833213344056216,2.302585092994046,0,2.242299794661191,0.06023271731690623,797,2.1820670773442847,20.157163852313968,1,2.5292993072777255,4.238539553684297,4.484652170338331,1,797.0,6.682108597449809,0.008373569670989735
1280,EP4282473A2,20231129,1.330592893537513,1,2,4,0,25,,23,0,0,13.0,9.0,20231027,20240925,1.0,0.0,20231129,2,4,25,0,,,,EP,1,0,0,0,0,0,0,0,0,0,2023,11,765,2.0944558521560577,0,0,3.258096538021482,3.1780538303479458,0,2.184804928131417,1.270362765229295,334,0.9144421629021219,12.81492476890898,0,3.23742519174628,3.7860904894875533,4.0924959932500675,1,334.0,5.814130531825066,0.01735561352783602
1281,EP4289262A2,20231213,1.1877662569723246,0,2,6,0,11,,9,0,0,12.0,9.0,20231110,20250305,1.0,0.0,20231213,2,6,11,0,,,,EP,1,0,0,0,0,0,0,0,0,0,2023,12,751,2.0561259411362083,0,0,2.4849066497880004,2.302585092994046,0,2.1464750171115674,0.8295687885010267,481,1.3169062286105406,8.469156079416454,1,2.569317312768752,3.7594610499350765,3.6194913216045865,1,481.0,6.1779441140506,0.012817311439939005
1282,EP4273436A2,20231108,1.2092159395920876,0,2,4,0,15,,6,0,0,14.0,10.0,20231006,20241204,1.0,0.0,20231108,2,4,15,0,,,,EP,1,0,0,0,0,0,0,0,0,0,2023,11,786,2.1519507186858315,0,0,2.772588722239781,1.9459101490553132,0,2.242299794661191,1.0787132101300478,425,1.163586584531143,11.079573154216996,0,2.376762029025276,3.0749139797439615,3.1094967335864565,0,425.0,6.054439346269371,0.014212298934904626
1283,EP4272861A2,20231108,1.5120597757543417,2,2,2,0,72,,11,0,0,17.0,9.0,20231006,20241218,1.0,0.0,20231108,2,2,72,0,,,,EP,1,0,0,0,0,0,0,0,0,0,2023,11,786,2.1519507186858315,0,0,4.290459441148391,2.4849066497880004,0,2.242299794661191,1.0403832991101984,439,1.2019164955509924,13.057673098154671,0,3.0030037656271418,3.724153662957737,3.686823145338993,1,439.0,6.0867747269123065,0.013833578924800697
1284,EP4274157A2,20231108,1.264001091171275,1,2,8,0,13,,7,0,0,14.0,9.0,20231006,20241106,1.0,0.0,20231108,2,8,13,0,,,,EP,1,0,0,0,0,0,0,0,0,0,2023,11,786,2.1519507186858315,0,0,2.6390573296152584,2.0794415416798357,0,2.242299794661191,1.1553730321697468,397,1.0869267624914443,11.79516752205755,0,2.511666016179176,3.1638220736740426,3.16636830417128,0,397.0,5.986452005284438,0.015041336696694567
1285,EP4272924A2,20231108,1.2650018274206403,1,2,4,0,19,,9,0,0,13.0,10.0,20231006,20240828,1.0,0.0,20231108,2,4,19,0,,,,EP,1,0,0,0,0,0,0,0,0,0,2023,11,786,2.1519507186858315,0,0,2.995732273553991,2.302585092994046,0,2.242299794661191,1.3470225872689938,327,0.8952772073921971,13.061687641840315,0,2.6465528832170677,3.183719207652386,3.1978623003862428,0,327.0,5.793013608384144,0.017661626854829707
1286,EP4273362A2,20231108,1.142185867773836,0,2,6,0,9,,11,0,0,18.0,10.0,20231006,20251210,1.0,0.0,20231108,2,6,9,0,,,,EP,1,0,0,0,0,0,0,0,0,0,2023,11,786,2.1519507186858315,0,0,2.302585092994046,2.4849066497880004,0,2.242299794661191,0.06297056810403832,796,2.1793292265571527,7.897060148343893,1,2.6331298576466358,4.340727393580927,4.664235876345153,2,796.0,6.680854678790215,0.008382502733739292
1287,EP4273369A2,20231108,1.080682254832628,0,2,2,0,12,,4,0,0,31.0,14.0,20231006,20251218,1.0,0.0,20231108,2,2,12,0,,,,EP,1,0,0,0,0,0,0,0,0,0,2023,11,786,2.1519507186858315,0,0,2.5649493574615367,1.6094379124341003,0,2.242299794661191,0.04106776180698152,804,2.2012320328542097,13.47104488266262,1,2.046345002293088,3.767084222005614,3.8106699452883097,1,804.0,6.690842277418564,0.008311605313563434
1288,EP4272591A2,20231108,0.841804393575769,0,2,2,0,4,,5,0,0,13.0,10.0,20231006,20250723,1.0,0.0,20231108,2,2,4,0,,,,EP,1,0,0,0,0,0,0,0,0,0,2023,11,786,2.1519507186858315,0,0,1.6094379124341003,1.791759469228055,0,2.242299794661191,0.4462696783025325,656,1.7960301163586585,6.856431175769828,1,1.9168600751126017,3.3944781449277968,3.5877895855867132,0,656.0,6.48768401848461,0.009874709312761963
1289,EP4276907A2,20231115,1.313571805833864,1,2,2,0,32,,13,0,0,8.0,7.0,20231013,20240117,1.0,0.0,20231115,2,2,32,0,,,,EP,1,0,0,0,0,0,0,0,0,0,2023,11,779,2.132785763175907,0,0,3.4965075614664802,2.6390573296152584,0,2.223134839151266,1.9603011635865846,96,0.26283367556468173,22.048670062252405,0,2.897006203603019,3.0547064089418283,2.90189100517994,0,96.0,4.574710978503383,0.04716196885055034
1290,EP4282478A2,20231129,1.4281959752685427,2,2,8,0,26,,8,0,0,23.0,9.0,20231027,20250205,1.0,0.0,20231129,2,8,26,0,,,,EP,1,0,0,0,0,0,0,0,0,0,2023,11,765,2.0944558521560577,0,0,3.295836866004329,2.1972245773362196,0,2.184804928131417,0.9062286105407256,467,1.2785763175906912,16.683878655478875,1,2.7465307216702746,3.913676512224689,3.475800894926911,1,467.0,6.148468295917647,0.013137752769054802
1291,EP4273105A1,20231108,1.3904988110264067,2,2,6,0,26,,21,0,0,52.0,20.0,20231006,20251023,1.0,1.0,20231108,2,6,26,0,,,,EP,1,0,0,0,0,0,0,0,0,0,2023,11,786,2.1519507186858315,0,0,3.295836866004329,3.091042453358316,0,2.242299794661191,0.1943874058863792,748,2.0479123887748116,24.209553551512062,1,3.245124283041396,4.873871716306283,5.138954842133128,2,748.0,6.618738983517219,0.008836767668247288
1292,EP4274152A2,20231108,1.367698811800312,1,2,12,0,16,,6,0,0,10.0,8.0,20231006,20240228,1.0,0.0,20231108,2,12,16,0,,,,EP,1,0,0,0,0,0,0,0,0,0,2023,11,786,2.1519507186858315,0,0,2.833213344056216,1.9459101490553132,0,2.242299794661191,1.8453114305270362,145,0.39698836413415467,20.121195427627047,0,2.5352449012335,2.7734379197139924,2.3428985131894677,0,145.0,4.983606621708336,0.034134291929509154
1293,EP4274360A2,20231108,1.2077769338907087,0,2,6,0,12,,6,0,0,30.0,17.0,20231006,20251226,1.0,0.0,20231108,2,6,12,0,,,,EP,1,0,0,0,0,0,0,0,0,0,2023,11,786,2.1519507186858315,0,0,2.5649493574615367,1.9459101490553132,0,2.242299794661191,0.019164955509924708,812,2.223134839151266,12.913585339265195,1,2.3753230233238964,4.109203926814656,4.169044988206579,1,812.0,6.70073110954781,0.008241981684560652
1294,EP4275512A2,20231115,1.529076494952839,2,2,6,0,46,,25,0,0,63.0,17.0,20231013,20251117,1.0,0.0,20231115,2,6,46,0,,,,EP,1,0,0,0,0,0,0,0,0,0,2023,11,779,2.132785763175907,0,0,3.8501476017100584,3.258096538021482,0,2.223134839151266,0.12594113620807665,766,2.0971937029431897,28.672938537740254,1,3.4839344177657283,5.1422506395316425,5.355290240964672,2,766.0,6.642486801367256,0.00866034785054401
1295,EP4275520A2,20231115,1.3504131485076118,1,2,6,0,22,,33,0,0,15.0,10.0,20231013,20241009,1.0,0.0,20231115,2,6,22,0,,,,EP,1,0,0,0,0,0,0,0,0,0,2023,11,779,2.132785763175907,0,0,3.1354942159291497,3.5263605246161616,0,2.223134839151266,1.2320328542094456,362,0.9911019849418207,13.747569161282229,0,3.4662294632773083,4.0608906542424,4.517462509557983,1,362.0,5.8944028342648505,0.01623802433681777
1296,EP4274201A2,20231108,1.4739196102916283,2,2,12,0,25,,8,0,0,23.0,13.0,20231006,20251211,1.0,0.0,20231108,2,12,25,0,,,,EP,1,0,0,0,0,0,0,0,0,0,2023,11,786,2.1519507186858315,0,0,3.258096538021482,2.1972245773362196,0,2.242299794661191,0.06023271731690623,797,2.1820670773442847,10.078581926156984,1,2.79225435669336,4.501494603099931,4.379291654680504,2,797.0,6.682108597449809,0.008373569670989735
1297,EP4285742A2,20231206,1.4835086277577472,2,2,16,0,22,,6,0,0,22.0,11.0,20231103,20251015,1.0,0.0,20231206,2,16,22,0,,,,EP,1,0,0,0,0,0,0,0,0,0,2023,12,758,2.0752908966461328,0,0,3.1354942159291497,1.9459101490553132,0,2.1656399726214923,0.216290212183436,712,1.949349760438056,10.735112387695803,1,2.6510547171909353,4.220664573453769,3.8952599094933693,1,712.0,6.569481420414296,0.009213858934662407
1298,EP4272811A2,20231108,1.4498043476392408,2,4,14,0,12,,6,0,0,12.0,9.0,20231006,20251015,1.0,0.0,20231108,4,14,12,0,,,,EP,1,0,0,0,0,0,0,0,0,0,2023,11,786,2.1519507186858315,0,0,2.5649493574615367,1.9459101490553132,0,2.242299794661191,0.216290212183436,740,2.026009582477755,5.644377193264865,1,2.617350437072429,4.232956186559083,3.9719197315330685,1,740.0,6.608000625296087,0.008917679656270022
1299,EP4274233A2,20231108,1.4712285117285169,2,2,2,0,61,,40,0,0,17.0,9.0,20231006,20240424,1.0,0.0,20231108,2,2,61,0,,,,EP,1,0,0,0,0,0,0,0,0,0,2023,11,786,2.1519507186858315,0,0,4.127134385045092,3.713572066704308,0,2.242299794661191,1.6919917864476386,201,0.5503080082135524,26.141458793811175,0,3.6993717517511016,4.029556556679233,4.263880074917861,1,201.0,5.308267697401205,0.026278552957431707
1300,EP4273694A2,20231108,1.315792737241586,1,2,18,0,10,,6,0,0,14.0,10.0,20231006,20250723,1.0,0.0,20231108,2,18,10,0,,,,EP,1,0,0,0,0,0,0,0,0,0,2023,11,786,2.1519507186858315,0,0,2.3978952727983707,1.9459101490553132,0,2.242299794661191,0.4462696783025325,656,1.7960301163586585,7.3838489585213525,1,2.483338826674774,3.960956896489969,3.7419402654139717,1,656.0,6.48768401848461,0.009874709312761963
1301,EP4274223A2,20231108,1.3220979416977432,1,2,14,0,12,,15,0,0,15.0,9.0,20231006,20251126,1.0,0.0,20231108,2,14,12,0,,,,EP,1,0,0,0,0,0,0,0,0,0,2023,11,786,2.1519507186858315,0,0,2.5649493574615367,2.772588722239781,0,2.242299794661191,0.10130047912388775,782,2.1409993155373033,6.6934424727406,1,2.985651175041612,4.6702507643639946,4.913588037777084,2,782.0,6.663132695990803,0.008509748015313925
1302,EP4286777A1,20231206,1.1883779838557416,0,2,2,0,19,,7,0,0,15.0,8.0,20231103,20251217,1.0,0.0,20231206,2,2,19,0,,,,EP,1,0,0,0,0,0,0,0,0,0,2023,12,758,2.0752908966461328,0,0,2.995732273553991,2.0794415416798357,0,2.1656399726214923,0.04380561259411362,775,2.1218343600273784,6.751178337081421,1,2.436042908863643,4.1091435248800705,4.2012759017072145,1,775.0,6.654152520183219,0.008574938814669097
1303,EP4287718A2,20231206,1.060671577914244,0,2,2,0,11,,9,0,0,14.0,10.0,20231103,20251203,1.0,0.0,20231206,2,2,11,0,,,,EP,1,0,0,0,0,0,0,0,0,0,2023,12,758,2.0752908966461328,0,0,2.4849066497880004,2.302585092994046,0,2.1656399726214923,0.08213552361396304,761,2.083504449007529,6.411711231622833,1,2.4422226337106716,4.09232530311519,4.386089542001574,1,761.0,6.635946555686647,0.00870859128042867
1304,EP4273728A2,20231108,1.4460607162640788,2,2,8,0,28,,20,0,0,11.0,8.0,20231006,20240726,1.0,0.0,20231108,2,8,28,0,,,,EP,1,0,0,0,0,0,0,0,0,0,2023,11,786,2.1519507186858315,0,0,3.367295829986474,3.044522437723423,0,2.242299794661191,1.4373716632443532,294,0.8049281314168378,12.155661447696845,0,3.272774178898133,3.7557310577482355,3.8494505691402607,1,294.0,5.68697535633982,0.019277882563863796
1305,EP4280044A2,20231122,1.0389187336668366,0,2,2,0,10,,10,0,0,42.0,14.0,20231020,20251215,1.0,0.0,20231122,2,2,10,0,,,,EP,1,0,0,0,0,0,0,0,0,0,2023,11,772,2.113620807665982,0,0,2.3978952727983707,2.3978952727983707,0,2.2039698836413417,0.049281314168377825,787,2.1546885694729636,18.62784979205246,1,2.477655897345859,4.170469039029637,4.552583842271334,1,787.0,6.669498089857879,0.00846383006327142
1306,EP4280629A2,20231122,1.1673381395961873,0,2,14,0,6,,3,0,0,12.0,9.0,20231020,20241218,1.0,0.0,20231122,2,14,6,0,,,,EP,1,0,0,0,0,0,0,0,0,0,2023,11,772,2.113620807665982,0,0,1.9459101490553132,1.3862943611198906,0,2.2039698836413417,1.0403832991101984,425,1.163586584531143,9.496776989328854,0,1.9991147562681215,2.6972667069868073,2.549880945651034,0,425.0,6.054439346269371,0.014212298934904626
1307,EP4274313A2,20231108,1.1877662569723246,0,2,6,0,11,,8,0,0,10.0,8.0,20231006,20231227,1.0,0.0,20231108,2,6,11,0,,,,EP,1,0,0,0,0,0,0,0,0,0,2023,11,786,2.1519507186858315,0,0,2.4849066497880004,2.1972245773362196,0,2.242299794661191,2.0177960301163584,82,0.2245037645448323,30.81628348449694,0,2.5061010033740563,2.6408032621009556,2.421728341881052,0,82.0,4.418840607796598,0.053239043467428894
1308,EP4274103A2,20231108,1.4692690726863806,2,2,6,0,36,,17,0,0,44.0,19.0,20231006,20251029,1.0,0.0,20231108,2,6,36,0,,,,EP,1,0,0,0,0,0,0,0,0,0,2023,11,786,2.1519507186858315,0,0,3.6109179126442243,2.8903717578961645,0,2.242299794661191,0.17796030116358658,754,2.0643394934976045,20.329527845419182,1,3.203492127424079,4.842095823522643,4.9547112513937694,2,754.0,6.626717749249025,0.008777109601654337
1309,EP4292700A2,20231220,1.2602985019686868,1,4,2,0,15,,9,0,0,32.0,15.0,20231117,20251117,1.0,0.0,20231220,4,2,15,0,,,,EP,1,0,0,0,0,0,0,0,0,0,2023,12,744,2.0369609856262834,0,0,2.772588722239781,2.302585092994046,0,2.127310061601643,0.12594113620807665,731,2.001368925393566,15.228168463567961,1,2.641849557765114,4.242670913001254,4.303954018387612,1,731.0,6.595780513961311,0.009010629117433486
1310,EP4276752A2,20231115,1.1877662569723246,0,2,6,0,11,,10,0,0,14.0,8.0,20231013,20250205,1.0,0.0,20231115,2,6,11,0,,,,EP,1,0,0,0,0,0,0,0,0,0,2023,11,779,2.132785763175907,0,0,2.4849066497880004,2.3978952727983707,0,2.223134839151266,0.9062286105407256,481,1.3169062286105406,9.88068209265253,1,2.626503420651347,3.8166471578176715,3.7148015014089113,1,481.0,6.1779441140506,0.012817311439939005
1311,EP4290173A2,20231213,1.0992092478710584,0,2,2,0,13,,11,0,0,20.0,12.0,20231110,20251112,1.0,0.0,20231213,2,2,13,0,,,,EP,1,0,0,0,0,0,0,0,0,0,2023,12,751,2.0561259411362083,0,0,2.6390573296152584,2.4849066497880004,0,2.1464750171115674,0.13963039014373715,733,2.00684462696783,9.492868977616062,1,2.5901532377438583,4.1942600139245565,4.4917512767558305,1,733.0,6.598509028614515,0.008989794316913508
1312,EP4273775A2,20231108,1.5752858873186695,2,2,12,0,38,,7,0,0,30.0,13.0,20231006,20251127,1.0,0.0,20231108,2,12,38,0,,,,EP,1,0,0,0,0,0,0,0,0,0,2023,11,786,2.1519507186858315,0,0,3.6635616461296463,2.0794415416798357,0,2.242299794661191,0.09856262833675565,783,2.1437371663244353,13.370550013727463,1,2.822950812326571,4.509193112121233,4.223178708004271,2,783.0,6.664409020350408,0.008500521709630622
1313,EP4277317A2,20231115,1.310582216619129,1,2,4,0,23,,5,0,0,15.0,8.0,20231013,20240814,1.0,0.0,20231115,2,4,23,0,,,,EP,1,0,0,0,0,0,0,0,0,0,2023,11,779,2.132785763175907,0,0,3.1780538303479458,1.791759469228055,0,2.223134839151266,1.3853524982888432,306,0.837782340862423,15.995182833369828,0,2.385637898155962,2.888307302673416,2.629541810090478,0,306.0,5.726847747587197,0.018654227190837775
1314,EP4274302A2,20231108,1.2973839393274056,1,2,8,0,15,,8,0,0,10.0,8.0,20231006,20251224,1.0,0.0,20231108,2,8,15,0,,,,EP,1,0,0,0,0,0,0,0,0,0,2023,11,786,2.1519507186858315,0,0,2.772588722239781,2.1972245773362196,0,2.242299794661191,0.024640657084188913,810,2.217659137577002,4.31469832550722,1,2.6157186857291372,4.346314168275339,4.414883714913222,2,810.0,6.698268054115413,0.008259270103718143
1315,EP4272604A2,20231108,1.091715032280654,0,2,4,0,9,,11,0,0,11.0,9.0,20231006,20241023,1.0,0.0,20231108,2,4,9,0,,,,EP,1,0,0,0,0,0,0,0,0,0,2023,11,786,2.1519507186858315,0,0,2.302585092994046,2.4849066497880004,0,2.242299794661191,1.1937029431895962,383,1.0485968514715949,9.576902449198498,0,2.5826590221534538,3.2118171330364107,3.5335035012595952,0,383.0,5.950642552587727,0.015496464980697205
1316,EP4273518A2,20231108,1.060671577914244,0,2,2,0,11,,23,0,0,21.0,12.0,20231006,20251217,1.0,0.0,20231108,2,2,11,0,,,,EP,1,0,0,0,0,0,0,0,0,0,2023,11,786,2.1519507186858315,0,0,2.4849066497880004,3.1780538303479458,0,2.242299794661191,0.04380561259411362,803,2.198494182067077,9.136416425955154,1,2.9675038761230113,4.686600385363258,5.376548012415023,2,803.0,6.6895992691789665,0.008320397100968864
1317,EP4276757A2,20231115,1.5445453458823608,2,2,6,0,49,,20,0,0,20.0,9.0,20231013,20240925,1.0,0.0,20231115,2,6,49,0,,,,EP,1,0,0,0,0,0,0,0,0,0,2023,11,779,2.132785763175907,0,0,3.912023005428146,3.044522437723423,0,2.223134839151266,1.270362765229295,348,0.9527720739219713,18.997464404134973,0,3.371258808516415,3.9429220528695974,3.997294511645394,1,348.0,5.855071922202427,0.016776710378803517
1318,EP4280698A2,20231122,1.2941016954905975,1,2,10,0,13,,17,0,0,50.0,15.0,20231020,20251215,1.0,0.0,20231122,2,10,13,0,,,,EP,1,0,0,0,0,0,0,0,0,0,2023,11,772,2.113620807665982,0,0,2.6390573296152584,2.8903717578961645,0,2.2039698836413417,0.049281314168377825,787,2.1546885694729636,22.176011657205308,1,3.028324750228296,4.721137891912075,5.045060327369129,2,787.0,6.669498089857879,0.00846383006327142
1319,EP4274366A2,20231108,1.244163871684294,1,2,2,0,24,,13,0,0,53.0,15.0,20231006,20251224,1.0,0.0,20231108,2,2,24,0,,,,EP,1,0,0,0,0,0,0,0,0,0,2023,11,786,2.1519507186858315,0,0,3.2188758248682006,2.6390573296152584,0,2.242299794661191,0.024640657084188913,810,2.217659137577002,22.86790112518827,1,2.827598269453449,4.55819375199965,4.8567164671922605,2,810.0,6.698268054115413,0.008259270103718143
1320,EP4273098A2,20231108,1.41194849364617,2,2,4,0,35,,15,0,0,14.0,9.0,20231006,20240821,1.0,0.0,20231108,2,4,35,0,,,,EP,1,0,0,0,0,0,0,0,0,0,2023,11,786,2.1519507186858315,0,0,3.58351893845611,2.772588722239781,0,2.242299794661191,1.3661875427789185,320,0.8761122518822724,14.342612720005611,0,3.075501726990039,3.601169078119402,3.6487009741220535,0,320.0,5.771441123130016,0.01797956736177575
1321,EP4285960A2,20231206,1.4858268899215008,2,2,8,0,33,,11,0,0,12.0,9.0,20231103,20241002,1.0,0.0,20231206,2,8,33,0,,,,EP,1,0,0,0,0,0,0,0,0,0,2023,12,758,2.0752908966461328,0,0,3.5263605246161616,2.4849066497880004,0,2.1656399726214923,1.2511978097193703,334,0.9144421629021219,11.829161325146751,0,2.9767708797943007,3.525436177535574,3.399348812690122,0,334.0,5.814130531825066,0.01735561352783602
1322,EP4283317A2,20231129,0.9184282371406676,0,2,4,0,4,,9,0,0,47.0,20.0,20231027,20251203,1.0,1.0,20231129,2,4,4,0,,,,EP,1,0,0,0,0,0,0,0,0,0,2023,11,765,2.0944558521560577,0,0,1.6094379124341003,2.302585092994046,0,2.184804928131417,0.08213552361396304,768,2.102669404517454,21.337745874895123,1,2.299979292937095,3.9615809356475675,4.4052544975115,1,768.0,6.645090969505644,0.008641210623544402
1323,EP4286307A2,20231206,1.5141592082808304,2,2,16,0,25,,14,0,0,17.0,10.0,20231103,20250409,1.0,0.0,20231206,2,16,25,0,,,,EP,1,0,0,0,0,0,0,0,0,0,2023,12,758,2.0752908966461328,0,0,3.258096538021482,2.70805020110221,0,2.1656399726214923,0.7337440109514032,523,1.431895961670089,11.097359367320495,1,3.1389893289421567,4.39812690594421,4.139946162772299,2,523.0,6.261491684321042,0.011949411611299698
1324,EP4273495A2,20231108,1.0198624886164034,0,2,1,0,12,,8,0,0,31.0,18.0,20231006,20251224,1.0,0.0,20231108,2,1,12,0,,,,EP,1,0,0,0,0,0,0,0,0,0,2023,11,786,2.1519507186858315,0,0,2.5649493574615367,2.1972245773362196,0,2.242299794661191,0.024640657084188913,810,2.217659137577002,13.375564809072383,1,2.338197235018135,4.068792717564336,4.414883714913222,1,810.0,6.698268054115413,0.008259270103718143
1325,EP4272783A2,20231108,1.2005755248980996,0,2,2,0,20,,8,0,0,13.0,10.0,20231006,20250827,1.0,0.0,20231108,2,2,20,0,,,,EP,1,0,0,0,0,0,0,0,0,0,2023,11,786,2.1519507186858315,0,0,3.044522437723423,2.1972245773362196,0,2.242299794661191,0.35044490075290896,691,1.891854893908282,6.526579842617092,1,2.5189102712998315,4.054023207644801,4.089079471244501,1,691.0,6.539585955617669,0.009450268721990852
1326,EP4273310A2,20231108,0.8626423493121151,0,2,4,0,3,,7,0,0,18.0,12.0,20231006,20251217,1.0,0.0,20231108,2,4,3,0,,,,EP,1,0,0,0,0,0,0,0,0,0,2023,11,786,2.1519507186858315,0,0,1.3862943611198906,2.0794415416798357,0,2.242299794661191,0.04380561259411362,803,2.198494182067077,7.831214079390132,1,2.1103072743200166,3.8294037835602626,4.2779357237469124,1,803.0,6.6895992691789665,0.008320397100968864
1327,EP4276162A2,20231115,1.226303926929139,1,2,6,0,13,,9,0,0,29.0,15.0,20231013,20251008,1.0,0.0,20231115,2,6,13,0,,,,EP,1,0,0,0,0,0,0,0,0,0,2023,11,779,2.132785763175907,0,0,2.6390573296152584,2.302585092994046,0,2.223134839151266,0.23545516769336072,726,1.9876796714579055,13.891019966558474,1,2.6078549827255664,4.20046278560031,4.290264764451951,1,726.0,6.588926477533519,0.009063172596332214
1328,EP4290010A2,20231213,1.142185867773836,0,2,6,0,9,,11,0,0,11.0,8.0,20231110,20240710,1.0,0.0,20231213,2,6,9,0,,,,EP,1,0,0,0,0,0,0,0,0,0,2023,12,751,2.0561259411362083,0,0,2.302585092994046,2.4849066497880004,0,2.1464750171115674,1.4811772758384667,243,0.6652977412731006,14.373490743225116,0,2.6331298576466358,3.032308502410496,3.150204391061101,0,243.0,5.497168225293202,0.022529377972513122
1329,EP4276321A2,20231115,1.2891325339993656,1,2,6,0,17,,7,0,0,26.0,13.0,20231013,20251023,1.0,0.0,20231115,2,6,17,0,,,,EP,1,0,0,0,0,0,0,0,0,0,2023,11,779,2.132785763175907,0,0,2.8903717578961645,2.0794415416798357,0,2.223134839151266,0.1943874058863792,741,2.028747433264887,12.213755184720748,1,2.536797459007267,4.154045918966199,4.1081889749447225,1,741.0,6.60934924316738,0.008907478764376524
1330,EP4293306A2,20231220,1.3504131485076118,1,2,6,0,22,,9,0,0,54.0,13.0,20231117,20251204,1.0,0.0,20231220,2,6,22,0,,,,EP,1,0,0,0,0,0,0,0,0,0,2023,12,744,2.0369609856262834,0,0,3.1354942159291497,2.302585092994046,0,2.127310061601643,0.07939767282683094,748,2.0479123887748116,25.140690226570218,1,2.731964204304039,4.360711637568926,4.3504974817688575,2,748.0,6.618738983517219,0.008836767668247288
1331,EP4276411A2,20231115,0.9184282371406676,0,2,4,0,4,,5,0,0,24.0,14.0,20231013,20251224,1.0,0.0,20231115,2,4,4,0,,,,EP,1,0,0,0,0,0,0,0,0,0,2023,11,779,2.132785763175907,0,0,1.6094379124341003,1.791759469228055,0,2.223134839151266,0.024640657084188913,803,2.198494182067077,10.441618772520176,1,1.9934839186775004,3.7125804279177466,3.990253651295132,1,803.0,6.6895992691789665,0.008320397100968864
1332,EP4275522A2,20231115,0.9593053008872028,0,2,2,0,7,,9,0,0,12.0,9.0,20231013,20240821,1.0,0.0,20231115,2,2,7,0,,,,EP,1,0,0,0,0,0,0,0,0,0,2023,11,779,2.132785763175907,0,0,2.0794415416798357,2.302585092994046,0,2.223134839151266,1.3661875427789185,313,0.8569472963723477,12.53987554538302,0,2.3408563566836302,2.855024734507039,3.159532389366394,0,313.0,5.749392985908253,0.018310168744930744
1333,EP4274055A2,20231108,1.6901881142308814,2,2,8,0,76,,10,0,0,22.0,10.0,20231006,20250618,1.0,0.0,20231108,2,8,76,0,,,,EP,1,0,0,0,0,0,0,0,0,0,2023,11,786,2.1519507186858315,0,0,4.343805421853684,2.3978952727983707,0,2.242299794661191,0.5420944558521561,621,1.700205338809035,12.220828105395231,1,3.1289252779099037,4.549048481195325,4.098100611607405,2,621.0,6.432940092739179,0.010342347415979388
1334,EP4276528A2,20231115,1.226303926929139,1,2,6,0,13,,9,0,0,23.0,11.0,20231013,20251210,1.0,0.0,20231115,2,6,13,0,,,,EP,1,0,0,0,0,0,0,0,0,0,2023,11,779,2.132785763175907,0,0,2.6390573296152584,2.302585092994046,0,2.223134839151266,0.06297056810403832,789,2.1601642710472277,10.176251476333244,1,2.6078549827255664,4.303953545353903,4.462749364041274,2,789.0,6.672032945461067,0.00844561132336844
1335,EP4274068A2,20231108,1.2521785038237525,1,2,4,0,18,,17,0,0,13.0,9.0,20231006,20240424,1.0,0.0,20231108,2,4,18,0,,,,EP,1,0,0,0,0,0,0,0,0,0,2023,11,786,2.1519507186858315,0,0,2.9444389791664403,2.8903717578961645,0,2.242299794661191,1.6919917864476386,201,0.5503080082135524,19.99052731291443,0,2.986401558561451,3.3165863634895825,3.440679766109717,0,201.0,5.308267697401205,0.026278552957431707
1336,EP4286793A2,20231206,1.2099836363352945,0,4,10,0,5,,4,0,0,14.0,8.0,20231103,20241225,1.0,0.0,20231206,4,10,5,0,,,,EP,1,0,0,0,0,0,0,0,0,0,2023,12,758,2.0752908966461328,0,0,1.791759469228055,1.6094379124341003,0,2.1656399726214923,1.0212183436002737,418,1.1444216290212184,11.250206259281667,0,2.1756463837957547,2.8622993612084855,2.7538595414553186,0,418.0,6.037870919922137,0.014410193126305816
1337,EP4272553A2,20231108,0.9345628674250603,0,3,4,0,3,,11,0,0,54.0,23.0,20231006,20251022,1.0,1.0,20231108,3,4,3,0,,,,EP,1,0,0,0,0,0,0,0,0,0,2023,11,786,2.1519507186858315,0,0,1.3862943611198906,2.4849066497880004,0,2.242299794661191,0.1971252566735113,747,2.0451745379876796,25.172776873743658,1,2.4255068572978606,4.052611580090469,4.53008118777568,1,747.0,6.617402977974478,0.00884679542509957
1338,EP4273578A2,20231108,1.1325920960271891,0,2,2,0,15,,8,0,0,16.0,9.0,20231006,20240918,1.0,0.0,20231108,2,2,15,0,,,,EP,1,0,0,0,0,0,0,0,0,0,2023,11,786,2.1519507186858315,0,0,2.772588722239781,2.1972245773362196,0,2.242299794661191,1.2895277207392197,348,0.9527720739219713,15.197971523307977,0,2.450926842428921,3.0225900867821034,3.1499966512581907,0,348.0,5.855071922202427,0.016776710378803517
1339,EP4283985A2,20231129,1.4381243851163452,2,2,22,0,15,,16,0,0,21.0,9.0,20231027,20250716,1.0,0.0,20231129,2,22,15,0,,,,EP,1,0,0,0,0,0,0,0,0,0,2023,11,765,2.0944558521560577,0,0,2.772588722239781,2.833213344056216,0,2.184804928131417,0.4654346338124572,628,1.7193702943189597,11.542455137128023,1,3.138052391550075,4.569674568141451,4.552583638375176,2,628.0,6.444131256700441,0.01024504174356191
1340,EP4272710A2,20231108,1.5120597757543417,2,2,2,0,72,,13,0,0,17.0,10.0,20231006,20250730,1.0,0.0,20231108,2,2,72,0,,,,EP,1,0,0,0,0,0,0,0,0,0,2023,11,786,2.1519507186858315,0,0,4.290459441148391,2.6390573296152584,0,2.242299794661191,0.4271047227926078,663,1.8151950718685832,8.876380400986383,1,3.0954941735234964,4.584611216644647,4.454252401483842,2,663.0,6.498282149476434,0.009786569502223544
1341,EP4296400A1,20231227,1.3504131485076118,1,2,6,0,22,,16,0,0,21.0,10.0,20230922,20250730,1.0,0.0,20231227,2,6,22,0,,,,EP,1,0,0,0,0,0,0,0,0,0,2023,12,737,2.0177960301163584,0,0,3.1354942159291497,2.833213344056216,0,2.2806297056810405,0.4271047227926078,677,1.8535249828884326,10.749798535440243,1,3.0503411549413415,4.562456144674401,4.686738326944649,2,677.0,6.519147287940395,0.009615261486637751
1342,EP4297130A1,20231227,1.6406752857705702,2,6,10,0,23,,6,0,0,20.0,9.0,20230922,20250730,1.0,0.0,20231227,6,10,23,0,,,,EP,1,0,0,0,0,0,0,0,0,0,2023,12,737,2.0177960301163584,0,0,3.1780538303479458,1.9459101490553132,0,2.2806297056810405,0.4271047227926078,677,1.8535249828884326,10.237903367085947,1,2.8082213752037584,4.320336364936818,3.7994351319437456,2,677.0,6.519147287940395,0.009615261486637751
1343,EP4297430A1,20231227,1.1877662569723246,0,2,6,0,11,,5,0,0,25.0,14.0,20230922,20251218,1.0,0.0,20231227,2,6,11,0,,,,EP,1,0,0,0,0,0,0,0,0,0,2023,12,737,2.0177960301163584,0,0,2.4849066497880004,1.791759469228055,0,2.2806297056810405,0.04106776180698152,818,2.239561943874059,10.685761095345367,1,2.2628219385091572,4.006559104833593,4.0313214131021144,1,818.0,6.70808408385307,0.008190578856963456
1344,EP4273405A1,20231108,0.8626423493121151,0,2,4,0,3,,3,0,0,24.0,15.0,20231006,20251105,1.0,0.0,20231108,2,4,3,0,,,,EP,1,0,0,0,0,0,0,0,0,0,2023,11,786,2.1519507186858315,0,0,1.3862943611198906,1.3862943611198906,0,2.242299794661191,0.15879534565366188,761,2.083504449007529,10.991504968496285,1,1.6944189659840494,3.3445216353885665,3.4697988101274193,0,761.0,6.635946555686647,0.00870859128042867
1345,EP4275753A2,20231115,1.2338111812863757,1,2,10,0,10,,10,0,0,21.0,12.0,20231013,20251112,1.0,0.0,20231115,2,10,10,0,,,,EP,1,0,0,0,0,0,0,0,0,0,2023,11,779,2.132785763175907,0,0,2.3978952727983707,2.3978952727983707,0,2.223134839151266,0.13963039014373715,761,2.083504449007529,9.617566847434249,1,2.672548344965398,4.3226510143699155,4.4813997218059,2,761.0,6.635946555686647,0.00870859128042867
1346,EP4277417A2,20231115,1.2635818536945553,1,2,7,0,14,,8,0,0,16.0,9.0,20231013,20240306,1.0,0.0,20231115,2,7,14,0,,,,EP,1,0,0,0,0,0,0,0,0,0,2023,11,779,2.132785763175907,0,0,2.70805020110221,2.1972245773362196,0,2.223134839151266,1.8261464750171115,145,0.39698836413415467,32.193912684203276,0,2.581916600096287,2.8201096185767796,2.5942129414703743,0,145.0,4.983606621708336,0.034134291929509154
1347,EP4272602A2,20231108,0.9593053008872028,0,2,2,0,7,,14,0,0,28.0,15.0,20231006,20251215,1.0,0.0,20231108,2,2,7,0,,,,EP,1,0,0,0,0,0,0,0,0,0,2023,11,786,2.1519507186858315,0,0,2.0794415416798357,2.70805020110221,0,2.242299794661191,0.049281314168377825,801,2.193018480492813,12.210978776752933,1,2.584135421548529,4.299946509844217,4.901068681595023,2,801.0,6.687108607866515,0.008338040658187674
1348,EP4290012A2,20231213,0.7860185057472165,0,2,2,0,3,,5,0,0,10.0,7.0,20231110,20240327,1.0,0.0,20231213,2,2,3,0,,,,EP,1,0,0,0,0,0,0,0,0,0,2023,12,751,2.0561259411362083,0,0,1.3862943611198906,1.791759469228055,0,2.1464750171115674,1.7686516084873374,138,0.37782340862423,20.92823377739579,0,1.8610741872840495,2.0877682324585876,2.1695828778522848,0,138.0,4.9344739331306915,0.03549981246856613
1349,EP4274277A2,20231108,1.133149873288314,0,2,0,0,30,,8,0,0,24.0,10.0,20231006,20240807,1.0,0.0,20231108,2,0,30,0,,,,EP,1,0,0,0,0,0,0,0,0,0,2023,11,786,2.1519507186858315,0,0,3.4339872044851463,2.1972245773362196,0,2.242299794661191,1.404517453798768,306,0.837782340862423,25.592292533391724,0,2.4514846196900457,2.9541540242074995,3.0350069181986425,0,306.0,5.726847747587197,0.018654227190837775
1350,EP4269686A2,20231101,1.091715032280654,0,2,4,0,9,,9,0,0,29.0,17.0,20230929,20251119,1.0,0.0,20231101,2,4,9,0,,,,EP,1,0,0,0,0,0,0,0,0,0,2023,11,793,2.1711156741957565,0,0,2.302585092994046,2.302585092994046,0,2.2614647501711156,0.12046543463381246,782,2.1409993155373033,12.940655447298493,1,2.4732660880770814,4.157865677399464,4.443584408531349,1,782.0,6.663132695990803,0.008509748015313925
1351,EP4272825A2,20231108,1.520127170299872,2,2,8,0,38,,34,0,0,18.0,12.0,20231006,20251105,1.0,0.0,20231108,2,8,38,0,,,,EP,1,0,0,0,0,0,0,0,0,0,2023,11,786,2.1519507186858315,0,0,3.6635616461296463,3.5553480614894135,0,2.242299794661191,0.15879534565366188,761,2.083504449007529,8.243628726372215,1,3.65333600719352,5.303438676598038,5.6388525104969425,2,761.0,6.635946555686647,0.00870859128042867
1352,EP4273374A2,20231108,1.310582216619129,1,2,4,0,23,,8,0,0,19.0,10.0,20231006,20250129,1.0,0.0,20231108,2,4,23,0,,,,EP,1,0,0,0,0,0,0,0,0,0,2023,11,786,2.1519507186858315,0,0,3.1780538303479458,2.1972245773362196,0,2.242299794661191,0.9253935660506503,481,1.3169062286105406,13.409497125742718,1,2.6289169630208606,3.819060700187185,3.51413080594676,1,481.0,6.1779441140506,0.012817311439939005
1353,EP4280607A2,20231122,1.2850125043390244,1,4,4,0,12,,10,0,0,11.0,9.0,20231020,20241211,1.0,0.0,20231122,4,4,12,0,,,,EP,1,0,0,0,0,0,0,0,0,0,2023,11,772,2.113620807665982,0,0,2.5649493574615367,2.3978952727983707,0,2.2039698836413417,1.0595482546201231,418,1.1444216290212184,8.839447775149882,0,2.723749668018047,3.4104026454307776,3.5423169018195892,0,418.0,6.037870919922137,0.014410193126305816
1354,EP4273787A2,20231108,1.4382886225606266,2,2,4,0,39,,13,0,0,14.0,9.0,20231006,20251015,1.0,0.0,20231108,2,4,39,0,,,,EP,1,0,0,0,0,0,0,0,0,0,2023,11,786,2.1519507186858315,0,0,3.6888794541139363,2.6390573296152584,0,2.242299794661191,0.216290212183436,740,2.026009582477755,6.5851067254756765,1,3.0217230203297816,4.637328769816435,4.665066912093014,2,740.0,6.608000625296087,0.008917679656270022
1355,EP4272839A2,20231108,1.4835086277577472,2,2,16,0,22,,19,0,0,19.0,11.0,20231006,20251126,1.0,0.0,20231108,2,16,22,0,,,,EP,1,0,0,0,0,0,0,0,0,0,2023,11,786,2.1519507186858315,0,0,3.1354942159291497,2.995732273553991,0,2.242299794661191,0.10130047912388775,782,2.1409993155373033,8.478360465471427,1,3.280947991890142,4.965547581212524,5.136731589091294,2,782.0,6.663132695990803,0.008509748015313925
1356,EP4273325A2,20231108,0.841804393575769,0,2,2,0,4,,16,0,0,19.0,10.0,20231006,20241218,1.0,0.0,20231108,2,2,4,0,,,,EP,1,0,0,0,0,0,0,0,0,0,2023,11,786,2.1519507186858315,0,0,1.6094379124341003,2.833213344056216,0,2.242299794661191,1.0403832991101984,439,1.2019164955509924,14.59386993323169,0,2.5417324000094985,3.262882297340094,4.035129839607208,0,439.0,6.0867747269123065,0.013833578924800697
1357,EP4290083A2,20231213,1.4083635520219429,2,2,6,0,28,,6,0,0,14.0,9.0,20231110,20241016,1.0,0.0,20231213,2,6,28,0,,,,EP,1,0,0,0,0,0,0,0,0,0,2023,12,751,2.0561259411362083,0,0,3.367295829986474,1.9459101490553132,0,2.1464750171115674,1.212867898699521,341,0.9336071184120466,13.544798357724654,0,2.575909641455131,3.1360739125023587,2.8795172674673597,0,341.0,5.834810737062605,0.01706085010837019
1358,EP4286294A2,20231206,1.3364080260618105,1,2,12,0,14,,9,0,0,10.0,8.0,20231103,20250219,1.0,0.0,20231206,2,12,14,0,,,,EP,1,0,0,0,0,0,0,0,0,0,2023,12,758,2.0752908966461328,0,0,2.70805020110221,2.302585092994046,0,2.1656399726214923,0.8678986995208761,474,1.297741273100616,7.154399882473924,1,2.717959081858238,3.8966038457186074,3.600326366094662,1,474.0,6.163314804034641,0.01297539958744135
1359,EP4273582A2,20231108,1.2254634212144606,1,2,8,0,11,,8,0,0,11.0,8.0,20231006,20231115,1.0,0.0,20231108,2,8,11,0,,,,EP,1,0,0,0,0,0,0,0,0,0,2023,11,786,2.1519507186858315,0,0,2.4849066497880004,2.1972245773362196,0,2.242299794661191,2.132785763175907,40,0.10951403148528405,52.50245017967984,0,2.5437981676161923,2.609506586507363,2.3067386088215036,0,40.0,3.713572066704308,0.09057492845620263
1360,EP4273922A2,20231108,1.2771993684629983,1,2,4,0,20,,8,0,0,15.0,9.0,20231006,20240814,1.0,0.0,20231108,2,4,20,0,,,,EP,1,0,0,0,0,0,0,0,0,0,2023,11,786,2.1519507186858315,0,0,3.044522437723423,2.1972245773362196,0,2.242299794661191,1.3853524982888432,313,0.8569472963723477,15.674844431728776,0,2.59553411486473,3.1097024926881387,3.054171873708567,0,313.0,5.749392985908253,0.018310168744930744
1361,EP4274359A2,20231108,1.1240971441874192,0,2,8,0,7,,9,0,0,12.0,9.0,20231006,20251210,1.0,0.0,20231108,2,8,7,0,,,,EP,1,0,0,0,0,0,0,0,0,0,2023,11,786,2.1519507186858315,0,0,2.0794415416798357,2.302585092994046,0,2.242299794661191,0.06297056810403832,796,2.1793292265571527,5.264706765562596,1,2.5056481999838467,4.213245735918139,4.481914319551199,1,796.0,6.680854678790215,0.008382502733739292
1362,EP4279959A2,20231122,1.0389187336668366,0,2,2,0,10,,6,0,0,15.0,11.0,20231020,20250604,1.0,0.0,20231122,2,2,10,0,,,,EP,1,0,0,0,0,0,0,0,0,0,2023,11,772,2.113620807665982,0,0,2.3978952727983707,1.9459101490553132,0,2.2039698836413417,0.5804243668720055,593,1.623545516769336,8.702990349866964,1,2.2064648231000246,3.580592133161626,3.5694556658246492,0,593.0,6.386879319362645,0.0107523220864691
1363,EP4290977A2,20231213,1.212205528806823,1,2,2,0,21,,9,0,0,14.0,9.0,20231110,20240424,1.0,0.0,20231213,2,2,21,0,,,,EP,1,0,0,0,0,0,0,0,0,0,2023,12,751,2.0561259411362083,0,0,3.091042453358316,2.302585092994046,0,2.1464750171115674,1.6919917864476386,166,0.4544832306639288,25.248734724108136,0,2.59375658460325,2.8664465230016076,2.7570683236579745,0,166.0,5.117993812416755,0.030646669535429674
1364,EP4272909A2,20231108,1.164258786349007,0,2,18,0,5,,8,0,0,13.0,9.0,20231006,20240306,1.0,0.0,20231108,2,18,5,0,,,,EP,1,0,0,0,0,0,0,0,0,0,2023,11,786,2.1519507186858315,0,0,1.791759469228055,2.1972245773362196,0,2.242299794661191,1.8261464750171115,152,0.4161533196440794,25.186314812359104,0,2.4825935327507387,2.732285524537186,2.6133778969802988,0,152.0,5.030437921392435,0.03287867922478716
1365,EP4274278A1,20231108,1.264001091171275,1,2,8,0,13,,6,0,0,7.0,6.0,20231006,20240605,1.0,0.0,20231108,2,8,13,0,,,,EP,1,0,0,0,0,0,0,0,0,0,2023,11,786,2.1519507186858315,0,0,2.6390573296152584,1.9459101490553132,0,2.242299794661191,1.5770020533880904,243,0.6652977412731006,9.1467668365978,0,2.431547180604463,2.830725825368323,2.611207890328414,0,243.0,5.497168225293202,0.022529377972513122
1366,EP4273523A2,20231108,0.9259224527310722,0,2,2,0,6,,9,0,0,70.0,17.0,20231006,20251212,1.0,1.0,20231108,2,2,6,0,,,,EP,1,0,0,0,0,0,0,0,0,0,2023,11,786,2.1519507186858315,0,0,1.9459101490553132,2.302585092994046,0,2.242299794661191,0.057494866529774126,798,2.184804928131417,30.63718881998742,1,2.3074735085274996,4.01835646540635,4.487390021125463,1,798.0,6.683360945766275,0.00836465700346217
1367,EP4272982A2,20231108,1.1372954214791426,0,2,4,0,11,,9,0,0,11.0,8.0,20231006,20240814,1.0,0.0,20231108,2,4,11,0,,,,EP,1,0,0,0,0,0,0,0,0,0,2023,11,786,2.1519507186858315,0,0,2.4849066497880004,2.302585092994046,0,2.242299794661191,1.3853524982888432,313,0.8569472963723477,11.494885916601103,0,2.51884647727557,3.033014855098979,3.159532389366394,0,313.0,5.749392985908253,0.018310168744930744
1368,EP4286001A2,20231206,1.7387675041703354,2,4,12,0,44,,12,0,0,23.0,9.0,20231103,20251119,1.0,0.0,20231206,4,12,44,0,,,,EP,1,0,0,0,0,0,0,0,0,0,2023,12,758,2.0752908966461328,0,0,3.8066624897703196,2.5649493574615367,0,2.1656399726214923,0.12046543463381246,747,2.0451745379876796,10.721738298076003,1,3.2777371186472575,4.904841841439866,4.610123895449217,2,747.0,6.617402977974478,0.00884679542509957
1369,EP4273656A2,20231108,1.2521785038237525,1,2,4,0,18,,13,0,0,46.0,19.0,20231006,20251205,1.0,1.0,20231108,2,4,18,0,,,,EP,1,0,0,0,0,0,0,0,0,0,2023,11,786,2.1519507186858315,0,0,2.9444389791664403,2.6390573296152584,0,2.242299794661191,0.07665982203969883,791,2.1656399726214923,20.303314099271923,1,2.8356129015929072,4.534996885165803,4.80469730223675,2,791.0,6.674561391814426,0.008427476504816194
1370,EP4273610A2,20231108,1.1930813093076948,0,2,4,0,14,,13,0,0,13.0,9.0,20231006,20240724,1.0,0.0,20231108,2,4,14,0,,,,EP,1,0,0,0,0,0,0,0,0,0,2023,11,786,2.1519507186858315,0,0,2.70805020110221,2.6390573296152584,0,2.242299794661191,1.4428473648186173,292,0.7994524298425736,14.453237957537478,0,2.77651570707685,3.2561871649823937,3.438509759457832,0,292.0,5.680172609017068,0.019386254638283508
1371,EP4274328A2,20231108,1.4357448185670698,2,2,16,0,18,,7,0,0,17.0,10.0,20231006,20251001,1.0,0.0,20231108,2,16,18,0,,,,EP,1,0,0,0,0,0,0,0,0,0,2023,11,786,2.1519507186858315,0,0,2.9444389791664403,2.0794415416798357,0,2.242299794661191,0.2546201232032854,726,1.9876796714579055,8.143011704534278,1,2.6834097435749715,4.276017546449715,4.067121213137741,1,726.0,6.588926477533519,0.009063172596332214
1372,EP4275667A2,20231115,0.9340485479532854,0,2,12,0,2,,4,0,0,14.0,10.0,20231013,20241225,1.0,0.0,20231115,2,12,2,0,,,,EP,1,0,0,0,0,0,0,0,0,0,2023,11,779,2.132785763175907,0,0,1.0986122886681098,1.6094379124341003,0,2.223134839151266,1.0212183436002737,439,1.2019164955509924,10.75337784553914,0,1.8997112954137454,2.620861192744341,2.8113544079850925,0,439.0,6.0867747269123065,0.013833578924800697
1373,EP4292458A2,20231220,1.4457828381510314,2,2,2,0,55,,61,0,0,39.0,14.0,20231117,20251030,1.0,0.0,20231220,2,2,55,0,,,,EP,1,0,0,0,0,0,0,0,0,0,2023,12,744,2.0369609856262834,0,0,4.02535169073515,4.127134385045092,0,2.127310061601643,0.17522245037645448,713,1.9520876112251881,19.00503652313132,1,3.9220634691780862,5.4933160359132,6.07922199627028,2,713.0,6.570882962339584,0.009202917314201099
1374,EP4279430A2,20231122,1.5518524406300256,2,2,4,0,62,,12,0,0,24.0,8.0,20231020,20240124,1.0,0.0,20231122,2,4,62,0,,,,EP,1,0,0,0,0,0,0,0,0,0,2023,11,772,2.113620807665982,0,0,4.143134726391533,2.5649493574615367,0,2.2039698836413417,1.9411362080766599,96,0.26283367556468173,66.14601018675722,0,3.0908220551069476,3.248522260445757,2.8277830330262184,0,96.0,4.574710978503383,0.04716196885055034
1375,EP4273757A2,20231108,1.2596867750852696,1,2,6,0,15,,11,0,0,13.0,9.0,20231006,20251203,1.0,0.0,20231108,2,6,15,0,,,,EP,1,0,0,0,0,0,0,0,0,0,2023,11,786,2.1519507186858315,0,0,2.772588722239781,2.4849066497880004,0,2.242299794661191,0.08213552361396304,789,2.1601642710472277,5.751794312710094,1,2.7506307649580695,4.446729327586406,4.645070920835228,2,789.0,6.672032945461067,0.00844561132336844
1376,EP4272631A2,20231108,1.5264566222959446,2,2,8,0,39,,26,0,0,22.0,9.0,20231006,20251119,1.0,0.0,20231108,2,8,39,0,,,,EP,1,0,0,0,0,0,0,0,0,0,2023,11,786,2.1519507186858315,0,0,3.6888794541139363,3.295836866004329,0,2.242299794661191,0.12046543463381246,775,2.1218343600273784,9.901728227719417,1,3.503958741898542,5.1770593579149695,5.4176712260317075,2,775.0,6.654152520183219,0.008574938814669097
1377,EP4287489A2,20231206,1.6608676160888114,2,2,22,0,38,,18,0,0,18.0,9.0,20231103,20240918,1.0,0.0,20231206,2,22,38,0,,,,EP,1,0,0,0,0,0,0,0,0,0,2023,12,758,2.0752908966461328,0,0,3.6635616461296463,2.9444389791664403,0,2.1656399726214923,1.2895277207392197,320,0.8761122518822724,18.440502068578642,0,3.4275310035886752,3.9531983547180385,3.8205512310487126,1,320.0,5.771441123130016,0.01797956736177575
1378,EP4272688A2,20231108,1.4182109170690704,2,2,10,0,22,,30,0,0,43.0,17.0,20231006,20251105,1.0,0.0,20231108,2,10,22,0,,,,EP,1,0,0,0,0,0,0,0,0,0,2023,11,786,2.1519507186858315,0,0,3.1354942159291497,3.4339872044851463,0,2.242299794661191,0.15879534565366188,761,2.083504449007529,19.693113068555846,1,3.478603239760158,5.128705909164676,5.517491653492675,2,761.0,6.635946555686647,0.00870859128042867
1379,EP4273364A2,20231108,1.520127170299872,2,2,8,0,38,,22,0,0,33.0,15.0,20231006,20251215,1.0,0.0,20231108,2,8,38,0,,,,EP,1,0,0,0,0,0,0,0,0,0,2023,11,786,2.1519507186858315,0,0,3.6635616461296463,3.1354942159291497,0,2.242299794661191,0.049281314168377825,801,2.193018480492813,14.3915107011731,1,3.4014236998573617,5.11723478815305,5.328512696421963,2,801.0,6.687108607866515,0.008338040658187674
1380,EP4289510A2,20231213,1.3274845436467282,1,2,10,0,15,,9,0,0,19.0,8.0,20231110,20250108,1.0,0.0,20231213,2,10,15,0,,,,EP,1,0,0,0,0,0,0,0,0,0,2023,12,751,2.0561259411362083,0,0,2.772588722239781,2.302585092994046,0,2.1464750171115674,0.9828884325804244,425,1.163586584531143,15.036563566437353,1,2.7090355994431556,3.8071875501618413,3.466171677525189,1,425.0,6.054439346269371,0.014212298934904626
1381,EP4273403A2,20231108,1.080682254832628,0,2,2,0,12,,17,0,0,11.0,8.0,20231006,20241016,1.0,0.0,20231108,2,2,12,0,,,,EP,1,0,0,0,0,0,0,0,0,0,2023,11,786,2.1519507186858315,0,0,2.5649493574615367,2.8903717578961645,0,2.242299794661191,1.212867898699521,376,1.0294318959616702,9.739409732743468,0,2.8149053095703267,3.4325644471473287,3.9198036538578345,0,376.0,5.932245187448011,0.015735398375193662
1382,EP4277222A2,20231115,1.4205260852171135,2,2,12,0,20,,9,0,0,15.0,8.0,20231013,20240214,1.0,0.0,20231115,2,12,20,0,,,,EP,1,0,0,0,0,0,0,0,0,0,2023,11,779,2.132785763175907,0,0,3.044522437723423,2.302585092994046,0,2.223134839151266,1.8836413415468858,124,0.3394934976043806,34.13019778850646,0,2.802077141013541,3.005773239576169,2.6420785905984263,0,124.0,4.8283137373023015,0.03862650989841841
1383,EP4273682A2,20231108,1.2650018274206403,1,2,4,0,19,,15,0,0,67.0,17.0,20231006,20251212,1.0,1.0,20231108,2,4,19,0,,,,EP,1,0,0,0,0,0,0,0,0,0,2023,11,786,2.1519507186858315,0,0,2.995732273553991,2.772588722239781,0,2.242299794661191,0.057494866529774126,798,2.184804928131417,29.324166441987956,1,2.928555060764509,4.63943801764336,4.957393650371198,2,798.0,6.683360945766275,0.00836465700346217
1384,EP4289889A2,20231213,1.2888293723717215,1,2,4,0,21,,9,0,0,15.0,10.0,20231110,20250820,1.0,0.0,20231213,2,4,21,0,,,,EP,1,0,0,0,0,0,0,0,0,0,2023,12,751,2.0561259411362083,0,0,3.091042453358316,2.302585092994046,0,2.1464750171115674,0.36960985626283366,649,1.7768651608487338,7.992049888771379,1,2.6703804281681487,4.136499524677389,4.079450253842779,1,649.0,6.476972362889683,0.009964572865984128
1385,EP4273710A2,20231108,1.147748251481298,0,2,2,0,16,,11,0,0,14.0,9.0,20231006,20240904,1.0,0.0,20231108,2,2,16,0,,,,EP,1,0,0,0,0,0,0,0,0,0,2023,11,786,2.1519507186858315,0,0,2.833213344056216,2.4849066497880004,0,2.242299794661191,1.3278576317590691,334,0.9144421629021219,13.80068821267121,0,2.6386922413540983,3.1873575390953715,3.399348812690122,0,334.0,5.814130531825066,0.01735561352783602
1386,EP4290336A2,20231213,1.2254634212144606,1,2,8,0,11,,7,0,0,39.0,17.0,20231110,20251022,1.0,0.0,20231213,2,8,11,0,,,,EP,1,0,0,0,0,0,0,0,0,0,2023,12,751,2.0561259411362083,0,0,2.4849066497880004,2.0794415416798357,0,2.1464750171115674,0.1971252566735113,712,1.949349760438056,19.030426505460742,1,2.473128346222362,4.042738202485196,4.028791302117892,1,712.0,6.569481420414296,0.009213858934662407
1387,EP4289455A2,20231213,1.3491198865759433,1,2,4,0,27,,13,0,0,12.0,9.0,20231110,20250326,1.0,0.0,20231213,2,4,27,0,,,,EP,1,0,0,0,0,0,0,0,0,0,2023,12,751,2.0561259411362083,0,0,3.332204510175204,2.6390573296152584,0,2.1464750171115674,0.7720739219712526,502,1.374401095140315,8.138897915602803,1,2.9325542843450982,4.157194941429287,4.013458424755573,1,502.0,6.220590170099739,0.012366978469383179
1388,EP4274194A2,20231108,1.41194849364617,2,2,4,0,35,,20,0,0,69.0,18.0,20231006,20251212,1.0,1.0,20231108,2,4,35,0,,,,EP,1,0,0,0,0,0,0,0,0,0,2023,11,786,2.1519507186858315,0,0,3.58351893845611,3.044522437723423,0,2.242299794661191,0.057494866529774126,798,2.184804928131417,30.1995146939876,1,3.2386619562802235,4.949544913159074,5.229327365854839,2,798.0,6.683360945766275,0.00836465700346217
1389,EP4274193A2,20231108,1.41194849364617,2,2,4,0,35,,20,0,0,20.0,10.0,20231006,20251119,1.0,0.0,20231108,2,4,35,0,,,,EP,1,0,0,0,0,0,0,0,0,0,2023,11,786,2.1519507186858315,0,0,3.58351893845611,3.044522437723423,0,2.242299794661191,0.12046543463381246,775,2.1218343600273784,9.001571116108561,1,3.2386619562802235,4.9117625722966505,5.166356797750801,2,775.0,6.654152520183219,0.008574938814669097
1390,EP4272785A2,20231108,1.1164574657427964,0,2,2,0,14,,11,0,0,13.0,9.0,20231006,20240821,1.0,0.0,20231108,2,2,14,0,,,,EP,1,0,0,0,0,0,0,0,0,0,2023,11,786,2.1519507186858315,0,0,2.70805020110221,2.4849066497880004,0,2.242299794661191,1.3661875427789185,320,0.8761122518822724,13.318140382862353,0,2.607401455615596,3.1330688067449595,3.3610189016702727,0,320.0,5.771441123130016,0.01797956736177575
1391,EP4273665A2,20231108,1.462419329139352,2,2,6,0,35,,5,0,0,17.0,10.0,20231006,20241023,1.0,0.0,20231108,2,6,35,0,,,,EP,1,0,0,0,0,0,0,0,0,0,2023,11,786,2.1519507186858315,0,0,3.58351893845611,1.791759469228055,0,2.242299794661191,1.1937029431895962,383,1.0485968514715949,14.800667421488587,0,2.537475010676185,3.166633121559142,2.84035632069965,0,383.0,5.950642552587727,0.015496464980697205
1392,EP4272951A2,20231108,1.760479962088528,2,2,8,0,101,,14,0,0,18.0,9.0,20231006,20240814,1.0,0.0,20231108,2,8,101,0,,,,EP,1,0,0,0,0,0,0,0,0,0,2023,11,786,2.1519507186858315,0,0,4.624972813284271,2.70805020110221,0,2.242299794661191,1.3853524982888432,313,0.8569472963723477,18.809813318074532,0,3.385310082749854,3.899478460573263,3.5649974974745575,1,313.0,5.749392985908253,0.018310168744930744
1393,EP4274151A2,20231108,1.2254634212144606,1,2,8,0,11,,8,0,0,15.0,8.0,20231006,20240221,1.0,0.0,20231108,2,8,11,0,,,,EP,1,0,0,0,0,0,0,0,0,0,2023,11,786,2.1519507186858315,0,0,2.4849066497880004,2.1972245773362196,0,2.242299794661191,1.864476386036961,138,0.37782340862423,31.39235066609368,0,2.5437981676161923,2.7704922127907303,2.5750479859604494,0,138.0,4.9344739331306915,0.03549981246856613
1394,EP4273664A2,20231108,1.418760893272831,2,2,8,0,25,,23,0,0,44.0,15.0,20231006,20251215,1.0,0.0,20231108,2,8,25,0,,,,EP,1,0,0,0,0,0,0,0,0,0,2023,11,786,2.1519507186858315,0,0,3.258096538021482,3.1780538303479458,0,2.242299794661191,0.049281314168377825,801,2.193018480492813,19.188680934897466,1,3.325593191481598,5.041404279777286,5.371072310840759,2,801.0,6.687108607866515,0.008338040658187674
1395,EP4273709A2,20231108,1.361053052112311,1,2,6,0,23,,8,0,0,53.0,17.0,20231006,20251205,1.0,1.0,20231108,2,6,23,0,,,,EP,1,0,0,0,0,0,0,0,0,0,2023,11,786,2.1519507186858315,0,0,3.1780538303479458,2.1972245773362196,0,2.242299794661191,0.07665982203969883,791,2.1656399726214923,23.392948853508955,1,2.6793877985140426,4.378771782086938,4.3628645499577114,2,791.0,6.674561391814426,0.008427476504816194
1396,EP4295927A2,20231227,0.841804393575769,0,2,2,0,4,,2,0,0,10.0,6.0,20231124,20250212,1.0,0.0,20231227,2,2,4,0,,,,EP,1,0,0,0,0,0,0,0,0,0,2023,12,737,2.0177960301163584,0,0,1.6094379124341003,1.0986122886681098,0,2.108145106091718,0.8870636550308009,446,1.2210814510609171,7.56955598155536,1,1.500971766776635,2.633620637413185,2.319693739729027,0,446.0,6.102558594613569,0.013652256363788745
1397,EP4272805A2,20231108,1.5182052169679043,2,2,6,0,44,,21,0,0,29.0,11.0,20231006,20251112,1.0,0.0,20231108,2,6,44,0,,,,EP,1,0,0,0,0,0,0,0,0,0,2023,11,786,2.1519507186858315,0,0,3.8066624897703196,3.091042453358316,0,2.242299794661191,0.13963039014373715,768,2.102669404517454,13.165843199403374,1,3.372830688982894,5.034432331693367,5.19371185787577,2,768.0,6.645090969505644,0.008641210623544402
1398,EP4273106A2,20231108,1.3274845436467282,1,2,10,0,15,,21,0,0,53.0,18.0,20231006,20251224,1.0,1.0,20231108,2,10,15,0,,,,EP,1,0,0,0,0,0,0,0,0,0,2023,11,786,2.1519507186858315,0,0,2.772588722239781,3.091042453358316,0,2.242299794661191,0.024640657084188913,810,2.217659137577002,22.86790112518827,1,3.182110015661718,4.912705498207919,5.308701590935318,2,810.0,6.698268054115413,0.008259270103718143
1399,EP4269192A2,20231101,1.1164574657427964,0,2,2,0,14,,5,0,0,34.0,16.0,20230929,20251215,1.0,0.0,20231101,2,2,14,0,,,,EP,1,0,0,0,0,0,0,0,0,0,2023,11,793,2.1711156741957565,0,0,2.70805020110221,1.791759469228055,0,2.2614647501711156,0.049281314168377825,808,2.212183436002738,14.704715668571088,1,2.191513147279629,3.9188232088812716,4.003942905230793,1,808.0,6.695798917058491,0.008276636485857221
1400,EP4277302A2,20231115,1.5472945780322904,2,2,14,0,31,,16,0,0,17.0,9.0,20231013,20241009,1.0,0.0,20231115,2,14,31,0,,,,EP,1,0,0,0,0,0,0,0,0,0,2023,11,779,2.132785763175907,0,0,3.4657359027997265,2.833213344056216,0,2.223134839151266,1.2320328542094456,362,0.9911019849418207,15.580578382786525,0,3.2472225844660203,3.841883775431113,3.8243153289980367,1,362.0,5.8944028342648505,0.01623802433681777
1401,EP4289370A2,20231213,1.330592893537513,1,2,4,0,25,,17,0,0,49.0,17.0,20231110,20251210,1.0,1.0,20231213,2,4,25,0,,,,EP,1,0,0,0,0,0,0,0,0,0,2023,12,751,2.0561259411362083,0,0,3.258096538021482,2.8903717578961645,0,2.1464750171115674,0.06297056810403832,761,2.083504449007529,22.440989310679917,1,3.0648159482752115,4.7149186176797295,4.973876206903693,2,761.0,6.635946555686647,0.00870859128042867
1402,EP4273704A2,20231108,1.2178089750893693,1,2,20,0,6,,6,0,0,12.0,9.0,20231006,20250319,1.0,0.0,20231108,2,20,6,0,,,,EP,1,0,0,0,0,0,0,0,0,0,2023,11,786,2.1519507186858315,0,0,1.9459101490553132,1.9459101490553132,0,2.242299794661191,0.7912388774811773,530,1.4510609171800137,7.736640042363532,1,2.385355064522557,3.6559916148305653,3.396971066235327,1,530.0,6.274762021241939,0.011816877629457512
1403,EP4273107A2,20231108,1.3274845436467282,1,2,10,0,15,,21,0,0,37.0,18.0,20231006,20251204,1.0,0.0,20231108,2,10,15,0,,,,EP,1,0,0,0,0,0,0,0,0,0,2023,11,786,2.1519507186858315,0,0,2.772588722239781,3.091042453358316,0,2.242299794661191,0.07939767282683094,790,2.16290212183436,16.350685097244487,1,3.182110015661718,4.879851288762334,5.253944575192676,2,790.0,6.673297967767654,0.008436533461147477
1404,EP4273021A2,20231108,0.8729218689154462,0,2,16,0,1,,3,0,0,13.0,10.0,20231006,20251203,1.0,0.0,20231108,2,16,1,0,,,,EP,1,0,0,0,0,0,0,0,0,0,2023,11,786,2.1519507186858315,0,0,0.6931471805599453,1.3862943611198906,0,2.242299794661191,0.08213552361396304,789,2.1601642710472277,5.751794312710094,1,1.7046984855873806,3.400797048215717,3.546458632167118,0,789.0,6.672032945461067,0.00844561132336844
1405,EP4269896A2,20231101,1.439056319303833,2,2,10,0,24,,16,0,0,16.0,9.0,20230929,20240828,1.0,0.0,20231101,2,10,24,0,,,,EP,1,0,0,0,0,0,0,0,0,0,2023,11,793,2.1711156741957565,0,0,3.2188758248682006,2.833213344056216,0,2.2614647501711156,1.3470225872689938,334,0.9144421629021219,15.772215100195668,0,3.138984325737563,3.687649623478836,3.747655506958338,1,334.0,5.814130531825066,0.01735561352783602
1406,EP4286159A2,20231206,1.6406752857705704,2,2,10,0,55,,10,0,0,22.0,9.0,20231103,20240807,1.0,0.0,20231206,2,10,55,0,,,,EP,1,0,0,0,0,0,0,0,0,0,2023,12,758,2.0752908966461328,0,0,4.02535169073515,2.3978952727983707,0,2.1656399726214923,1.404517453798768,278,0.7611225188227242,25.548048644781815,0,3.0794124494495927,3.536085960743227,3.159017791621095,0,278.0,5.631211781821365,0.02018355477355328
1407,EP4272832A2,20231108,1.5182052169679043,2,2,6,0,44,,35,0,0,23.0,10.0,20231006,20250827,1.0,0.0,20231108,2,6,44,0,,,,EP,1,0,0,0,0,0,0,0,0,0,2023,11,786,2.1519507186858315,0,0,3.8066624897703196,3.58351893845611,0,2.242299794661191,0.35044490075290896,691,1.891854893908282,11.54702587539947,1,3.6683165800415702,5.20342951638654,5.475373832364392,2,691.0,6.539585955617669,0.009450268721990852
1408,EP4270140A2,20231101,1.2888293723717215,1,2,4,0,21,,12,0,0,20.0,11.0,20230929,20250326,1.0,0.0,20231101,2,4,21,0,,,,EP,1,0,0,0,0,0,0,0,0,0,2023,11,793,2.1711156741957565,0,0,3.091042453358316,2.5649493574615367,0,2.2614647501711156,0.7720739219712526,544,1.4893908281998631,12.583437405796477,1,2.8277989868486433,4.121433483768561,4.0543401856614,1,544.0,6.300785794663244,0.011561074852593108
1409,EP4285993A2,20231206,1.3832704314752808,2,4,10,0,11,,13,0,0,12.0,8.0,20231103,20250115,1.0,0.0,20231206,4,10,11,0,,,,EP,1,0,0,0,0,0,0,0,0,0,2023,12,758,2.0752908966461328,0,0,2.4849066497880004,2.6390573296152584,0,2.1656399726214923,0.9637234770704997,439,1.2019164955509924,9.21718101046212,1,2.966704829244436,4.087854726575031,3.840973825166251,1,439.0,6.0867747269123065,0.013833578924800697
1410,EP4272687A2,20231108,1.418760893272831,2,2,8,0,25,,17,0,0,64.0,18.0,20231006,20251112,1.0,1.0,20231108,2,8,25,0,,,,EP,1,0,0,0,0,0,0,0,0,0,2023,11,786,2.1519507186858315,0,0,3.258096538021482,2.8903717578961645,0,2.242299794661191,0.13963039014373715,768,2.102669404517454,29.055653957303996,1,3.1529839480105295,4.814585590721002,4.993041162413618,2,768.0,6.645090969505644,0.008641210623544402
1411,EP4270756A2,20231101,1.2435521448008768,1,2,6,0,14,,7,0,0,14.0,10.0,20230929,20240501,1.0,0.0,20231101,2,6,14,0,,,,EP,1,0,0,0,0,0,0,0,0,0,2023,11,793,2.1711156741957565,0,0,2.70805020110221,2.0794415416798357,0,2.2614647501711156,1.672826830937714,215,0.5886379192334018,20.3299870788192,0,2.491217069808778,2.8443998213488193,2.6680794609132374,0,215.0,5.375278407684165,0.02488554818372299
1412,EP4273554A2,20231108,1.226303926929139,1,2,6,0,13,,12,0,0,15.0,11.0,20231006,20251022,1.0,0.0,20231108,2,6,13,0,,,,EP,1,0,0,0,0,0,0,0,0,0,2023,11,786,2.1519507186858315,0,0,2.6390573296152584,2.5649493574615367,0,2.242299794661191,0.1971252566735113,747,2.0451745379876796,6.992438020484349,1,2.765273541406061,4.392378264198669,4.610123895449217,2,747.0,6.617402977974478,0.00884679542509957
1413,EP4269750A2,20231101,1.2254634212144606,1,2,8,0,11,,6,0,0,14.0,9.0,20230929,20240828,1.0,0.0,20231101,2,8,11,0,,,,EP,1,0,0,0,0,0,0,0,0,0,2023,11,793,2.1711156741957565,0,0,2.4849066497880004,1.9459101490553132,0,2.2614647501711156,1.3470225872689938,334,0.9144421629021219,13.80068821267121,0,2.3930095106476488,2.941674808388922,2.8603523119574352,0,334.0,5.814130531825066,0.01735561352783602
1414,EP4269664A2,20231101,1.264001091171275,1,2,8,0,13,,5,0,0,15.0,9.0,20230929,20240828,1.0,0.0,20231101,2,8,13,0,,,,EP,1,0,0,0,0,0,0,0,0,0,2023,11,793,2.1711156741957565,0,0,2.6390573296152584,1.791759469228055,0,2.2614647501711156,1.3470225872689938,334,0.9144421629021219,14.786451656433439,0,2.3390567727081075,2.8877220704493807,2.7062016321301767,0,334.0,5.814130531825066,0.01735561352783602
1415,EP4273434A2,20231108,1.244163871684294,1,2,2,0,24,,7,0,0,44.0,20.0,20231006,20250915,1.0,1.0,20231108,2,2,24,0,,,,EP,1,0,0,0,0,0,0,0,0,0,2023,11,786,2.1519507186858315,0,0,3.2188758248682006,2.0794415416798357,0,2.242299794661191,0.29842573579739906,710,1.943874058863792,21.527745219517097,1,2.4918287966921957,4.058153232010471,4.0233156005436275,1,710.0,6.566672429803241,0.00923582620225491
1416,EP4279970A2,20231122,1.166013412724917,0,2,6,0,10,,14,0,0,15.0,11.0,20231020,20251210,1.0,0.0,20231122,2,6,10,0,,,,EP,1,0,0,0,0,0,0,0,0,0,2023,11,772,2.113620807665982,0,0,2.3978952727983707,2.70805020110221,0,2.2039698836413417,0.06297056810403832,782,2.1409993155373033,6.6934424727406,1,2.7908435333862434,4.475443122708626,4.849049516639513,2,782.0,6.663132695990803,0.008509748015313925
1417,EP4272546A2,20231108,0.7860185057472165,0,2,2,0,3,,4,0,0,12.0,8.0,20231006,20240424,1.0,0.0,20231108,2,2,3,0,,,,EP,1,0,0,0,0,0,0,0,0,0,2023,11,786,2.1519507186858315,0,0,1.3862943611198906,1.6094379124341003,0,2.242299794661191,1.6919917864476386,201,0.5503080082135524,18.45279444269024,0,1.7516812532076766,2.081866058135808,2.159745920647653,0,201.0,5.308267697401205,0.026278552957431707
1418,EP4273940A2,20231108,1.3488414553988404,1,2,2,0,37,,22,0,0,19.0,9.0,20231006,20251217,1.0,0.0,20231108,2,2,37,0,,,,EP,1,0,0,0,0,0,0,0,0,0,2023,11,786,2.1519507186858315,0,0,3.6375861597263857,3.1354942159291497,0,2.242299794661191,0.04380561259411362,803,2.198494182067077,8.26628152824514,1,3.23013798495633,4.949234494196577,5.333988397996227,2,803.0,6.6895992691789665,0.008320397100968864
1419,EP4286080A2,20231206,0.9593053008872028,0,2,2,0,7,,5,0,0,11.0,8.0,20231103,20241016,1.0,0.0,20231206,2,2,7,0,,,,EP,1,0,0,0,0,0,0,0,0,0,2023,12,758,2.0752908966461328,0,0,2.0794415416798357,1.791759469228055,0,2.1656399726214923,1.212867898699521,348,0.9527720739219713,10.448605422274234,0,2.034360982424036,2.6060242267772185,2.744531543150026,0,348.0,5.855071922202427,0.016776710378803517
1420,EP4268714A2,20231101,1.4521080258522776,2,2,11,0,24,,15,0,0,46.0,16.0,20230929,20251029,1.0,0.0,20231101,2,11,24,0,,,,EP,1,0,0,0,0,0,0,0,0,0,2023,11,793,2.1711156741957565,0,0,3.2188758248682006,2.772588722239781,0,2.2614647501711156,0.17796030116358658,761,2.083504449007529,21.06705118961788,1,3.1156612591961466,4.765763928600665,4.85609317124731,2,761.0,6.635946555686647,0.00870859128042867
1421,EP4272735A1,20231108,1.6554099136152018,2,2,8,0,66,,40,0,0,46.0,18.0,20231006,20251031,1.0,0.0,20231108,2,8,66,0,,,,EP,1,0,0,0,0,0,0,0,0,0,2023,11,786,2.1519507186858315,0,0,4.204692619390966,3.713572066704308,0,2.242299794661191,0.17248459958932238,756,2.0698151950718686,21.199962146304532,1,3.8835531536377865,5.525442270680908,5.783387261776177,2,756.0,6.6293632534374485,0.008757415130036259
1422,EP4273400A2,20231108,1.2386616985061836,1,2,4,0,17,,10,0,0,16.0,12.0,20231006,20251029,1.0,0.0,20231108,2,4,17,0,,,,EP,1,0,0,0,0,0,0,0,0,0,2023,11,786,2.1519507186858315,0,0,2.8903717578961645,2.3978952727983707,0,2.242299794661191,0.17796030116358658,754,2.0643394934976045,7.39255558015243,1,2.677398862185206,4.316002558283769,4.462234766295975,2,754.0,6.626717749249025,0.008777109601654337
1423,EP4272744A2,20231108,1.6357061242793383,2,2,6,0,71,,37,0,0,21.0,12.0,20231006,20250514,1.0,0.0,20231108,2,6,71,0,,,,EP,1,0,0,0,0,0,0,0,0,0,2023,11,786,2.1519507186858315,0,0,4.276666119016055,3.6375861597263857,0,2.242299794661191,0.6379192334017796,586,1.6043805612594113,12.321191920003212,1,3.8182578201151696,5.180886156870817,5.241966720985797,2,586.0,6.375024819828097,0.010860348926453316
1424,EP4271016A2,20231101,1.6391544548124222,2,2,6,0,72,,13,0,0,86.0,16.0,20230929,20251222,1.0,0.0,20231101,2,6,72,0,,,,EP,1,0,0,0,0,0,0,0,0,0,2023,11,793,2.1711156741957565,0,0,4.290459441148391,2.6390573296152584,0,2.2614647501711156,0.030116358658453114,815,2.2313483915126624,36.88852353131147,1,3.222588852581577,4.961397887489174,4.870405721127921,2,815.0,6.704414354964107,0.008216194062456014
1425,EP4268770A2,20231101,1.5141592082808304,2,2,16,0,25,,54,0,0,54.0,25.0,20230929,20251224,1.0,1.0,20231101,2,16,25,0,,,,EP,1,0,0,0,0,0,0,0,0,0,2023,11,793,2.1711156741957565,0,0,3.258096538021482,4.007333185232471,0,2.2614647501711156,0.024640657084188913,817,2.236824093086927,23.108286224773728,1,3.918559119420313,5.66065357527247,6.244157278319398,2,817.0,6.706862336602747,0.008199098211005803
1426,EP4274353A2,20231108,1.2812493090430128,1,2,8,0,14,,17,0,0,14.0,9.0,20231006,20251210,1.0,0.0,20231108,2,8,14,0,,,,EP,1,0,0,0,0,0,0,0,0,0,2023,11,786,2.1519507186858315,0,0,2.70805020110221,2.8903717578961645,0,2.242299794661191,0.06297056810403832,796,2.1793292265571527,6.142157893156361,1,3.0154723637807113,4.723069899715004,5.069700984453317,2,796.0,6.680854678790215,0.008382502733739292
1427,EP4273648A2,20231108,1.2521785038237525,1,2,4,0,18,,11,0,0,22.0,12.0,20231006,20251204,1.0,0.0,20231108,2,4,18,0,,,,EP,1,0,0,0,0,0,0,0,0,0,2023,11,786,2.1519507186858315,0,0,2.9444389791664403,2.4849066497880004,0,2.242299794661191,0.07939767282683094,790,2.16290212183436,9.722028976739965,1,2.7431224936965526,4.440863766797169,4.64780877162236,2,790.0,6.673297967767654,0.008436533461147477
1428,EP4273972A2,20231108,1.2650018274206403,1,2,4,0,19,,14,0,0,18.0,10.0,20231006,20250402,1.0,0.0,20231108,2,4,19,0,,,,EP,1,0,0,0,0,0,0,0,0,0,2023,11,786,2.1519507186858315,0,0,2.995732273553991,2.70805020110221,0,2.242299794661191,0.7529089664613279,544,1.4893908281998631,11.325093665216828,1,2.8898319480819663,4.183466445001884,4.197441029302073,1,544.0,6.300785794663244,0.011561074852593108
1429,EP4271020A2,20231101,1.313571805833864,1,2,2,0,32,,18,0,0,26.0,13.0,20230929,20251211,1.0,0.0,20231101,2,2,32,0,,,,EP,1,0,0,0,0,0,0,0,0,0,2023,11,793,2.1711156741957565,0,0,3.4965075614664802,2.9444389791664403,0,2.2614647501711156,0.06023271731690623,804,2.2012320328542097,11.298295708039616,1,3.0802351933337278,4.800974413046254,5.1456710120206495,2,804.0,6.690842277418564,0.008311605313563434
1430,EP4275910A2,20231115,1.4460607162640788,2,2,8,0,28,,15,0,0,13.0,9.0,20231013,20240814,1.0,0.0,20231115,2,8,28,0,,,,EP,1,0,0,0,0,0,0,0,0,0,2023,11,779,2.132785763175907,0,0,3.367295829986474,2.772588722239781,0,2.223134839151266,1.3853524982888432,306,0.837782340862423,13.862491788920517,0,3.1096139496079473,3.612283354125401,3.610371063102204,0,306.0,5.726847747587197,0.018654227190837775
1431,EP4273370A2,20231108,1.3769973721070394,1,2,8,0,21,,13,0,0,43.0,14.0,20231006,20251223,1.0,0.0,20231108,2,8,21,0,,,,EP,1,0,0,0,0,0,0,0,0,0,2023,11,786,2.1519507186858315,0,0,3.091042453358316,2.6390573296152584,0,2.242299794661191,0.02737850787132101,809,2.21492128678987,18.575145619585463,1,2.9604317698761946,4.689384541950117,4.853978616405128,2,809.0,6.697034247666484,0.008267943515637635
1432,EP4275998A2,20231115,0.9593053008872028,0,2,2,0,7,,6,0,0,14.0,10.0,20231013,20251015,1.0,0.0,20231115,2,2,7,0,,,,EP,1,0,0,0,0,0,0,0,0,0,2023,11,779,2.132785763175907,0,0,2.0794415416798357,1.9459101490553132,0,2.223134839151266,0.216290212183436,733,2.00684462696783,6.645008284331244,1,2.1268513903203905,3.7309581665010882,3.952754776023143,1,733.0,6.598509028614515,0.008989794316913508
1433,EP4274137A2,20231108,1.3400279755332247,1,2,4,0,26,,17,0,0,15.0,9.0,20231006,20240918,1.0,0.0,20231108,2,4,26,0,,,,EP,1,0,0,0,0,0,0,0,0,0,2023,11,786,2.1519507186858315,0,0,3.295836866004329,2.8903717578961645,0,2.242299794661191,1.2895277207392197,348,0.9527720739219713,14.248098303101228,0,3.0742510302709234,3.645914274624106,3.8431438318181357,0,348.0,5.855071922202427,0.016776710378803517
1434,EP4285966A2,20231206,1.2539690499726144,1,2,2,0,25,,12,0,0,12.0,9.0,20231103,20240918,1.0,0.0,20231206,2,2,25,0,,,,EP,1,0,0,0,0,0,0,0,0,0,2023,12,758,2.0752908966461328,0,0,3.258096538021482,2.5649493574615367,0,2.1656399726214923,1.2895277207392197,320,0.8761122518822724,12.293668045719095,0,2.7929386644495366,3.3186060155789,3.441061609343809,0,320.0,5.771441123130016,0.01797956736177575
1435,EP4275631A2,20231115,1.381063729030695,2,2,6,0,25,,17,0,0,24.0,12.0,20231013,20251016,1.0,0.0,20231115,2,6,25,0,,,,EP,1,0,0,0,0,0,0,0,0,0,2023,11,779,2.132785763175907,0,0,3.258096538021482,2.8903717578961645,0,2.223134839151266,0.2135523613963039,734,2.0095824777549622,11.376658771616755,1,3.1152867837683935,4.721036270421371,4.899954235651126,2,734.0,6.5998704992128365,0.008979415645187533
1436,EP4268664A2,20231101,0.7860185057472165,0,2,2,0,3,,10,0,0,38.0,18.0,20230929,20251210,1.0,1.0,20231101,2,2,3,0,,,,EP,1,0,0,0,0,0,0,0,0,0,2023,11,793,2.1711156741957565,0,0,1.3862943611198906,2.3978952727983707,0,2.2614647501711156,0.06297056810403832,803,2.198494182067077,16.53256305649028,1,2.224755669426239,3.9438521786664853,4.596389454865448,1,803.0,6.6895992691789665,0.008320397100968864
1437,EP4272810A2,20231108,1.4488614975921537,2,2,10,0,25,,6,0,0,65.0,17.0,20231006,20251222,1.0,1.0,20231108,2,10,25,0,,,,EP,1,0,0,0,0,0,0,0,0,0,2023,11,786,2.1519507186858315,0,0,3.258096538021482,1.9459101490553132,0,2.242299794661191,0.030116358658453114,808,2.212183436002738,28.111956425209435,1,2.616407587025342,4.343717648626985,4.158093585058051,2,808.0,6.695798917058491,0.008276636485857221
1438,EP4276026A2,20231115,1.1108392517797818,0,3,2,0,10,,15,0,0,27.0,14.0,20231013,20250319,1.0,0.0,20231115,3,2,10,0,,,,EP,1,0,0,0,0,0,0,0,0,0,2023,11,779,2.132785763175907,0,0,2.3978952727983707,2.772588722239781,0,2.223134839151266,0.7912388774811773,523,1.431895961670089,17.625217818685492,1,2.7743924851236503,4.0335300621257035,4.20448468390987,1,523.0,6.261491684321042,0.011949411611299698
1439,EP4270958A2,20231101,1.4692690726863806,2,2,6,0,36,,29,0,0,19.0,10.0,20230929,20251119,1.0,0.0,20231101,2,6,36,0,,,,EP,1,0,0,0,0,0,0,0,0,0,2023,11,793,2.1711156741957565,0,0,3.6109179126442243,3.4011973816621555,0,2.2614647501711156,0.12046543463381246,782,2.1409993155373033,8.478360465471427,1,3.509987501683674,5.194587091006056,5.542196697199459,2,782.0,6.663132695990803,0.008509748015313925
1440,EP4270371A2,20231101,1.2243720950461965,1,2,4,0,16,,5,0,0,22.0,10.0,20230929,20250702,1.0,0.0,20231101,2,4,16,0,,,,EP,1,0,0,0,0,0,0,0,0,0,2023,11,793,2.1711156741957565,0,0,2.833213344056216,1.791759469228055,0,2.2614647501711156,0.5037645448323066,642,1.757700205338809,11.842599756825466,1,2.2994277765830295,3.754047899786315,3.5494596745668643,1,642.0,6.466144724237619,0.010056212634895208
1441,EP4282875A2,20231129,1.203710576967053,0,2,8,0,10,,21,0,0,18.0,11.0,20231027,20250924,1.0,0.0,20231129,2,8,10,0,,,,EP,1,0,0,0,0,0,0,0,0,0,2023,11,765,2.0944558521560577,0,0,2.3978952727983707,3.091042453358316,0,2.184804928131417,0.2737850787132101,698,1.9110198494182067,8.95068241380484,1,3.0583360489820426,4.604947958632967,5.0020623027765225,2,698.0,6.54965074223381,0.009370029674154234
1442,EP4296264A1,20231227,1.142185867773836,0,2,6,0,9,,7,0,0,11.0,8.0,20230919,20250618,1.0,0.0,20231227,2,6,9,0,,,,EP,1,0,0,0,0,0,0,0,0,0,2023,12,737,2.0177960301163584,0,0,2.302585092994046,2.0794415416798357,0,2.2888432580424367,0.5420944558521561,638,1.7467488021902806,5.956413772654831,1,2.389850792781737,3.8379000740959053,3.8261903438701164,1,638.0,6.459904454377535,0.010109396642218363
1443,EP4269746A2,20231101,0.841804393575769,0,2,2,0,4,,7,0,0,30.0,15.0,20230929,20251204,1.0,0.0,20231101,2,2,4,0,,,,EP,1,0,0,0,0,0,0,0,0,0,2023,11,793,2.1711156741957565,0,0,1.6094379124341003,2.0794415416798357,0,2.2614647501711156,0.07939767282683094,797,2.1820670773442847,13.145976425422152,1,2.0894693185836704,3.7987095649902414,4.26150861902412,1,797.0,6.682108597449809,0.008373569670989735
1444,EP4268892A2,20231101,1.6591136850614872,2,2,8,0,67,,20,0,0,71.0,16.0,20230929,20251205,1.0,1.0,20231101,2,8,67,0,,,,EP,1,0,0,0,0,0,0,0,0,0,2023,11,793,2.1711156741957565,0,0,4.219507705176107,3.044522437723423,0,2.2614647501711156,0.07665982203969883,798,2.184804928131417,31.07486294598724,1,3.4858271476955407,5.196710104574391,5.229327365854839,2,798.0,6.683360945766275,0.00836465700346217
1445,EP4270780A2,20231101,1.3491198865759433,1,2,4,0,27,,16,0,0,15.0,9.0,20230929,20240626,1.0,0.0,20231101,2,4,27,0,,,,EP,1,0,0,0,0,0,0,0,0,0,2023,11,793,2.1711156741957565,0,0,3.332204510175204,2.833213344056216,0,2.2614647501711156,1.5195071868583163,271,0.7419575633127995,17.815624745955613,0,3.049047893009673,3.494222430997353,3.5751709073690154,0,271.0,5.605802066295998,0.020609566420205873
1446,EP4269583A2,20231101,1.497385817076684,2,3,4,0,37,,7,0,0,25.0,15.0,20230929,20251231,1.0,0.0,20231101,3,4,37,0,,,,EP,1,0,0,0,0,0,0,0,0,0,2023,11,793,2.1711156741957565,0,0,3.6375861597263857,2.0794415416798357,0,2.2614647501711156,0.0054757015742642025,824,2.2559890485968515,10.61125475727027,1,2.7450507420845858,4.498644171242697,4.335430590276687,2,824.0,6.715383386334681,0.008139858650102643
1447,EP4272991A2,20231108,1.7307868718023407,2,4,14,0,39,,6,0,0,15.0,10.0,20231006,20250226,1.0,0.0,20231108,4,14,39,0,,,,EP,1,0,0,0,0,0,0,0,0,0,2023,11,786,2.1519507186858315,0,0,3.6888794541139363,1.9459101490553132,0,2.242299794661191,0.8487337440109514,509,1.3935660506502396,10.043077769121487,1,2.8983329612355284,4.134472591625673,3.339476199705553,1,509.0,6.234410725718371,0.012224334756310531
1448,EP4270978A2,20231101,1.5996955047096484,2,2,12,0,42,,21,0,0,16.0,9.0,20230929,20250115,1.0,0.0,20231101,2,12,42,0,,,,EP,1,0,0,0,0,0,0,0,0,0,2023,11,793,2.1711156741957565,0,0,3.7612001156935624,3.091042453358316,0,2.2614647501711156,0.9637234770704997,474,1.297741273100616,11.447039811958279,1,3.454320976724638,4.632965740585008,4.388783726458932,2,474.0,6.163314804034641,0.01297539958744135
1449,EP4270296A2,20231101,1.0389187336668366,0,2,2,0,10,,11,0,0,38.0,15.0,20230929,20251224,1.0,0.0,20231101,2,2,10,0,,,,EP,1,0,0,0,0,0,0,0,0,0,2023,11,793,2.1711156741957565,0,0,2.3978952727983707,2.4849066497880004,0,2.2614647501711156,0.024640657084188913,817,2.236824093086927,16.26138660261855,1,2.5298627235396367,4.271957179391793,4.721730742874927,1,817.0,6.706862336602747,0.008199098211005803
1450,EP4296609A1,20231227,1.1325920960271891,0,2,2,0,15,,17,0,0,21.0,13.0,20231124,20250924,1.0,0.0,20231227,2,2,15,0,,,,EP,1,0,0,0,0,0,0,0,0,0,2023,12,737,2.0177960301163584,0,0,2.772588722239781,2.8903717578961645,0,2.108145106091718,0.2737850787132101,670,1.834360027378508,10.856303740136584,1,2.8668151507648876,4.3674311671919925,4.724731785274672,2,670.0,6.508769136971682,0.009700103035725308
1451,EP4282510A2,20231129,0.7907218311991699,0,2,4,0,2,,9,0,0,14.0,10.0,20231027,20251015,1.0,0.0,20231129,2,4,2,0,,,,EP,1,0,0,0,0,0,0,0,0,0,2023,11,765,2.0944558521560577,0,0,1.0986122886681098,2.302585092994046,0,2.184804928131417,0.216290212183436,719,1.9685147159479808,6.7681413586578865,1,2.1722728869955974,3.7533817165643857,4.271099808942027,1,719.0,6.579251212010101,0.009137848905569585
1452,EP4269675A2,20231101,0.7775235539074468,0,2,8,0,1,,3,0,0,31.0,16.0,20230929,20251028,1.0,0.0,20231101,2,8,1,0,,,,EP,1,0,0,0,0,0,0,0,0,0,2023,11,793,2.1711156741957565,0,0,0.6931471805599453,1.3862943611198906,0,2.2614647501711156,0.1806981519507187,760,2.080766598220397,14.215184708577885,1,1.609300170579381,3.257760129511619,3.4670609593402872,0,760.0,6.634633357861686,0.008718309274456881
1453,EP4279552A2,20231122,1.3904988110264067,2,2,6,0,26,,9,0,0,19.0,10.0,20231020,20250423,1.0,0.0,20231122,2,6,26,0,,,,EP,1,0,0,0,0,0,0,0,0,0,2023,11,772,2.113620807665982,0,0,3.295836866004329,2.302585092994046,0,2.2039698836413417,0.6954140999315537,551,1.5085557837097878,11.81183779413642,1,2.772049866822834,4.077183337048707,3.811140876703834,1,551.0,6.313548046277095,0.011437587040357055
1454,EP4289979A2,20231213,1.3268296982415015,1,2,8,0,17,,11,0,0,16.0,9.0,20231110,20241016,1.0,0.0,20231213,2,8,17,0,,,,EP,1,0,0,0,0,0,0,0,0,0,2023,12,751,2.0561259411362083,0,0,2.8903717578961645,2.4849066497880004,0,2.1464750171115674,1.212867898699521,341,0.9336071184120466,15.479769551685319,0,2.8177736881143014,3.377937959161529,3.418513768200047,0,341.0,5.834810737062605,0.01706085010837019
1455,EP4283482A2,20231129,1.142185867773836,0,2,6,0,9,,15,0,0,12.0,9.0,20231027,20240828,1.0,0.0,20231129,2,6,9,0,,,,EP,1,0,0,0,0,0,0,0,0,0,2023,11,765,2.0944558521560577,0,0,2.302585092994046,2.772588722239781,0,2.184804928131417,1.3470225872689938,306,0.837782340862423,12.796146266695862,0,2.8057391011177044,3.308408505635158,3.610371063102204,0,306.0,5.726847747587197,0.018654227190837775
1456,EP4270211A2,20231101,1.1288004696393727,0,2,14,0,5,,6,0,0,21.0,13.0,20230929,20251203,1.0,0.0,20231101,2,14,5,0,,,,EP,1,0,0,0,0,0,0,0,0,0,2023,11,793,2.1711156741957565,0,0,1.791759469228055,1.9459101490553132,0,2.2614647501711156,0.08213552361396304,796,2.1793292265571527,9.213236839734542,1,2.2963465590725605,4.003944095006852,4.125239375612466,1,796.0,6.680854678790215,0.008382502733739292
1457,EP4274167A2,20231108,1.0530171317891528,0,2,6,0,6,,5,0,0,38.0,14.0,20231006,20251029,1.0,0.0,20231108,2,6,6,0,,,,EP,1,0,0,0,0,0,0,0,0,0,2023,11,786,2.1519507186858315,0,0,1.9459101490553132,1.791759469228055,0,2.242299794661191,0.17796030116358658,754,2.0643394934976045,17.557319502862022,1,2.1280728133259856,3.7666765094245482,3.8560989627256594,1,754.0,6.626717749249025,0.008777109601654337
1458,EP4273319A2,20231108,1.1798830320159719,0,2,8,0,9,,4,0,0,13.0,8.0,20231006,20241127,1.0,0.0,20231108,2,8,9,0,,,,EP,1,0,0,0,0,0,0,0,0,0,2023,11,786,2.1519507186858315,0,0,2.302585092994046,1.6094379124341003,0,2.242299794661191,1.0978781656399725,418,1.1444216290212184,10.446620097904406,0,2.145545779476432,2.832198756889163,2.7538595414553186,0,418.0,6.037870919922137,0.014410193126305816
1459,EP4273939A2,20231108,1.0150911887157554,0,2,2,0,9,,7,0,0,12.0,9.0,20231006,20240619,1.0,0.0,20231108,2,2,9,0,,,,EP,1,0,0,0,0,0,0,0,0,0,2023,11,786,2.1519507186858315,0,0,2.302585092994046,2.0794415416798357,0,2.242299794661191,1.538672142368241,257,0.70362765229295,14.932288561451326,0,2.2627561137236567,2.6849327050994267,2.7830691939727856,0,257.0,5.552959584921617,0.021523099166362858
1460,EP4270396A2,20231101,1.3125400947815145,1,2,8,0,16,,4,0,0,10.0,8.0,20230929,20240925,1.0,0.0,20231101,2,8,16,0,,,,EP,1,0,0,0,0,0,0,0,0,0,2023,11,793,2.1711156741957565,0,0,2.833213344056216,1.6094379124341003,0,2.2614647501711156,1.270362765229295,362,0.9911019849418207,9.165046107521485,0,2.2782028422419747,2.872864033207067,2.600539897375921,0,362.0,5.8944028342648505,0.01623802433681777
1461,EP4270651A2,20231101,1.2254634212144606,1,2,8,0,11,,16,0,0,16.0,9.0,20230929,20241204,1.0,0.0,20231101,2,8,11,0,,,,EP,1,0,0,0,0,0,0,0,0,0,2023,11,793,2.1711156741957565,0,0,2.4849066497880004,2.833213344056216,0,2.2614647501711156,1.0787132101300478,432,1.1827515400410678,12.473187129822314,0,2.92539142764819,3.6350423516728307,4.015964884097284,0,432.0,6.07073772800249,0.01402017951039836
1462,EP4268705A2,20231101,1.6543737444879962,2,2,22,0,37,,23,0,0,10.0,7.0,20230929,20250709,1.0,0.0,20231101,2,22,37,0,,,,EP,1,0,0,0,0,0,0,0,0,0,2023,11,793,2.1711156741957565,0,0,3.6375861597263857,3.1780538303479458,0,2.2614647501711156,0.48459958932238195,649,1.7768651608487338,5.328033259180919,1,3.5612060426967638,5.027325139206004,4.95491899119668,2,649.0,6.476972362889683,0.009964572865984128
1463,EP4283300A2,20231129,1.4089557149845104,2,2,8,0,24,,14,0,0,18.0,10.0,20231027,20241211,1.0,0.0,20231129,2,8,24,0,,,,EP,1,0,0,0,0,0,0,0,0,0,2023,11,765,2.0944558521560577,0,0,3.2188758248682006,2.70805020110221,0,2.184804928131417,1.0595482546201231,411,1.1252566735112937,14.690799396681749,0,3.0337858356458365,3.7089398397526128,3.8333068746135037,1,411.0,6.021023349349527,0.014614134343081375
1464,EP4272593A2,20231108,1.2233184694495314,1,2,2,0,22,,12,0,0,31.0,15.0,20231006,20251231,1.0,0.0,20231108,2,2,22,0,,,,EP,1,0,0,0,0,0,0,0,0,0,2023,11,786,2.1519507186858315,0,0,3.1354942159291497,2.5649493574615367,0,2.242299794661191,0.0054757015742642025,817,2.236824093086927,13.26586801792566,1,2.762288083926453,4.50438253977861,4.801773450548463,2,817.0,6.706862336602747,0.008199098211005803
1465,EP4270209A2,20231101,1.8356531226615451,2,21,18,0,11,,5,0,0,30.0,19.0,20230929,20251119,1.0,0.0,20231101,21,18,11,0,,,,EP,1,0,0,0,0,0,0,0,0,0,2023,11,793,2.1711156741957565,0,0,2.4849066497880004,1.791759469228055,0,2.2614647501711156,0.12046543463381246,782,2.1409993155373033,13.3868849454812,1,2.9107088041983777,4.59530839352076,3.9327587847653582,2,782.0,6.663132695990803,0.008509748015313925
1466,EP4273596A2,20231108,1.3491198865759433,1,2,4,0,27,,6,0,0,16.0,9.0,20231006,20250108,1.0,0.0,20231108,2,4,27,0,,,,EP,1,0,0,0,0,0,0,0,0,0,2023,11,786,2.1519507186858315,0,0,3.332204510175204,1.9459101490553132,0,2.242299794661191,0.9828884325804244,460,1.2594113620807665,11.76980011076985,1,2.516665976009131,3.672312793257591,3.2053215111360798,1,460.0,6.133398042996649,0.013304551069407047
1467,EP4274276A2,20231108,1.147748251481298,0,2,2,0,16,,26,0,0,22.0,13.0,20231006,20251231,1.0,0.0,20231108,2,2,16,0,,,,EP,1,0,0,0,0,0,0,0,0,0,2023,11,786,2.1519507186858315,0,0,2.833213344056216,3.295836866004329,0,2.242299794661191,0.0054757015742642025,817,2.236824093086927,9.414486980463371,1,3.1252503710838955,4.867344826936052,5.532660959091256,2,817.0,6.706862336602747,0.008199098211005803
1468,EP4286031A2,20231206,1.3406249347361734,1,2,14,0,13,,8,0,0,16.0,10.0,20231103,20241002,1.0,0.0,20231206,2,14,13,0,,,,EP,1,0,0,0,0,0,0,0,0,0,2023,12,758,2.0752908966461328,0,0,2.6390573296152584,2.1972245773362196,0,2.1656399726214923,1.2511978097193703,334,0.9144421629021219,15.772215100195668,0,2.658959681137905,3.207624978879178,3.1116667402383413,0,334.0,5.814130531825066,0.01735561352783602
1469,EP4270964A2,20231101,1.2634041319683262,1,2,2,0,26,,11,0,0,16.0,8.0,20230929,20231227,1.0,0.0,20231101,2,2,26,0,,,,EP,1,0,0,0,0,0,0,0,0,0,2023,11,793,2.1711156741957565,0,0,3.295836866004329,2.4849066497880004,0,2.2614647501711156,2.0177960301163584,89,0.243668720054757,46.55646285600478,0,2.7543481218411263,2.9005493538739806,2.7285753698427575,0,89.0,4.499809670330265,0.04999788522589183
1470,EP4269287A2,20231101,1.1238345657003952,0,2,3,0,12,,4,0,0,33.0,14.0,20230929,20251030,1.0,0.0,20231101,2,3,12,0,,,,EP,1,0,0,0,0,0,0,0,0,0,2023,11,793,2.1711156741957565,0,0,2.5649493574615367,1.6094379124341003,0,2.2614647501711156,0.17522245037645448,762,2.086242299794661,15.09439278670048,1,2.089497313160855,3.7412426930376514,3.695680212228761,1,762.0,6.637258031284457,0.008698896502338738
1471,EP4270159A2,20231101,1.3769973721070394,1,2,8,0,21,,10,0,0,14.0,8.0,20230929,20250625,1.0,0.0,20231101,2,8,21,0,,,,EP,1,0,0,0,0,0,0,0,0,0,2023,11,793,2.1711156741957565,0,0,3.091042453358316,2.3978952727983707,0,2.2614647501711156,0.5229295003422314,635,1.7385352498288844,7.614757455046349,1,2.8157345357860617,4.258855685683392,4.136430522627255,1,635.0,6.455198563340122,0.010149683275692016
1472,EP4272595A2,20231108,1.3578927165287609,1,2,4,0,28,,10,0,0,50.0,16.0,20231006,20251223,1.0,0.0,20231108,2,4,28,0,,,,EP,1,0,0,0,0,0,0,0,0,0,2023,11,786,2.1519507186858315,0,0,3.367295829986474,2.3978952727983707,0,2.242299794661191,0.02737850787132101,809,2.21492128678987,21.599006534401703,1,2.7966298802077834,4.525582652281706,4.612816559588241,2,809.0,6.697034247666484,0.008267943515637635
1473,EP4277268A2,20231115,1.2092159395920876,0,2,4,0,15,,9,0,0,10.0,8.0,20231013,20241002,1.0,0.0,20231115,2,4,15,0,,,,EP,1,0,0,0,0,0,0,0,0,0,2023,11,779,2.132785763175907,0,0,2.772588722239781,2.302585092994046,0,2.223134839151266,1.2511978097193703,355,0.971937029431896,9.328906200114936,0,2.590766995388515,3.1739292130476526,3.274522122425942,0,355.0,5.87493073085203,0.016502614412505702
1474,EP4268775A2,20231101,1.5326862013192608,2,3,16,0,20,,6,0,0,41.0,16.0,20230929,20251215,1.0,0.0,20231101,3,16,20,0,,,,EP,1,0,0,0,0,0,0,0,0,0,2023,11,793,2.1711156741957565,0,0,3.044522437723423,1.9459101490553132,0,2.2614647501711156,0.049281314168377825,808,2.212183436002738,17.73215712974749,1,2.7002322907524485,4.4275423523540915,4.158093585058051,2,808.0,6.695798917058491,0.008276636485857221
1475,EP4269108A2,20231101,1.2812688729638624,1,2,2,0,28,,10,0,0,62.0,17.0,20230929,20251224,1.0,1.0,20231101,2,2,28,0,,,,EP,1,0,0,0,0,0,0,0,0,0,2023,11,793,2.1711156741957565,0,0,3.367295829986474,2.3978952727983707,0,2.2614647501711156,0.024640657084188913,817,2.236824093086927,26.53173603585132,1,2.720006036642885,4.462100492495042,4.634719365885298,2,817.0,6.706862336602747,0.008199098211005803
1476,EP4273302A2,20231108,1.3531698271559582,1,2,8,0,19,,10,0,0,14.0,9.0,20231006,20250101,1.0,0.0,20231108,2,8,19,0,,,,EP,1,0,0,0,0,0,0,0,0,0,2023,11,786,2.1519507186858315,0,0,2.995732273553991,2.3978952727983707,0,2.242299794661191,1.002053388090349,453,1.2402464065708418,10.445840355446606,0,2.7919069908349803,3.5360548347774854,3.6381416793692125,0,453.0,6.118097198041348,0.013475985017712222
1477,EP4270364A2,20231101,1.226303926929139,1,2,6,0,13,,16,0,0,41.0,15.0,20230929,20251209,1.0,0.0,20231101,2,6,13,0,,,,EP,1,0,0,0,0,0,0,0,0,0,2023,11,793,2.1711156741957565,0,0,2.6390573296152584,2.833213344056216,0,2.2614647501711156,0.06570841889117043,802,2.195756331279945,17.859038192063444,1,2.9262319333628684,4.643685732130836,5.028969675336161,2,802.0,6.688354713946762,0.00832920885921141
1478,EP4282490A2,20231129,1.667063809395143,2,4,14,0,30,,12,0,0,46.0,15.0,20231027,20251224,1.0,0.0,20231129,4,14,30,0,,,,EP,1,0,0,0,0,0,0,0,0,0,2023,11,765,2.0944558521560577,0,0,3.4339872044851463,2.5649493574615367,0,2.184804928131417,0.024640657084188913,789,2.1601642710472277,20.352502952666487,1,3.206033423872065,4.902131986500402,4.7251136285087645,2,789.0,6.672032945461067,0.00844561132336844
1479,EP4282970A2,20231129,1.577302411483962,2,2,6,0,56,,62,0,0,14.0,9.0,20231027,20240814,1.0,0.0,20231129,2,6,56,0,,,,EP,1,0,0,0,0,0,0,0,0,0,2023,11,765,2.0944558521560577,0,0,4.04305126783455,4.143134726391533,0,2.184804928131417,1.3853524982888432,292,0.7994524298425736,15.56502549273267,0,4.063183247318881,4.542854705224426,4.942587156234106,2,292.0,5.680172609017068,0.019386254638283508
1480,EP4282972A2,20231129,1.1288004696393727,0,2,14,0,5,,8,0,0,15.0,8.0,20231027,20250122,1.0,0.0,20231129,2,14,5,0,,,,EP,1,0,0,0,0,0,0,0,0,0,2023,11,765,2.0944558521560577,0,0,1.791759469228055,2.1972245773362196,0,2.184804928131417,0.944558521560575,453,1.2402464065708418,11.191971809407079,1,2.4471352160411044,3.5912830599836094,3.4374709839070614,0,453.0,6.118097198041348,0.013475985017712222
1481,EP4268861A2,20231101,1.2771993684629983,1,2,4,0,20,,8,0,0,16.0,11.0,20230929,20240807,1.0,0.0,20231101,2,4,20,0,,,,EP,1,0,0,0,0,0,0,0,0,0,2023,11,793,2.1711156741957565,0,0,3.044522437723423,2.1972245773362196,0,2.2614647501711156,1.404517453798768,313,0.8569472963723477,16.719834060510696,0,2.59553411486473,3.1097024926881387,3.054171873708567,0,313.0,5.749392985908253,0.018310168744930744
1482,EP4274281A2,20231108,1.1930813093076948,0,2,4,0,14,,19,0,0,11.0,8.0,20231006,20240508,1.0,0.0,20231108,2,4,14,0,,,,EP,1,0,0,0,0,0,0,0,0,0,2023,11,786,2.1519507186858315,0,0,2.70805020110221,2.995732273553991,0,2.242299794661191,1.6536618754277892,215,0.5886379192334018,15.973561276215088,0,2.9905206734400895,3.3437034249801307,3.5843701927873926,0,215.0,5.375278407684165,0.02488554818372299
1483,EP4269940A2,20231101,1.2650018274206403,1,2,4,0,19,,10,0,0,27.0,16.0,20230929,20251203,1.0,0.0,20231101,2,4,19,0,,,,EP,1,0,0,0,0,0,0,0,0,0,2023,11,793,2.1711156741957565,0,0,2.995732273553991,2.3978952727983707,0,2.2614647501711156,0.08213552361396304,796,2.1793292265571527,11.84559022251584,1,2.7037389910996623,4.411336527033955,4.577224499355523,2,796.0,6.680854678790215,0.008382502733739292
1484,EP4273711A2,20231108,1.2650018274206403,1,2,4,0,19,,8,0,0,11.0,8.0,20231006,20241009,1.0,0.0,20231108,2,4,19,0,,,,EP,1,0,0,0,0,0,0,0,0,0,2023,11,786,2.1519507186858315,0,0,2.995732273553991,2.1972245773362196,0,2.242299794661191,1.2320328542094456,369,1.0102669404517455,9.90752727945256,0,2.583336573822372,3.1894967380934194,3.207491517787965,0,369.0,5.91350300563827,0.015982440555779107
1485,EP4272674A2,20231108,1.1372954214791426,0,2,4,0,11,,4,0,0,15.0,9.0,20231006,20240814,1.0,0.0,20231108,2,4,11,0,,,,EP,1,0,0,0,0,0,0,0,0,0,2023,11,786,2.1519507186858315,0,0,2.4849066497880004,1.6094379124341003,0,2.242299794661191,1.3853524982888432,313,0.8569472963723477,15.674844431728776,0,2.102958168939603,2.6171265467630116,2.466385208806448,0,313.0,5.749392985908253,0.018310168744930744
1486,EP4269763A2,20231101,1.4089557149845104,2,2,8,0,24,,6,0,0,24.0,10.0,20230929,20241120,1.0,0.0,20231101,2,8,24,0,,,,EP,1,0,0,0,0,0,0,0,0,0,2023,11,793,2.1711156741957565,0,0,3.2188758248682006,1.9459101490553132,0,2.2614647501711156,1.1170431211498972,418,1.1444216290212184,19.286067873054286,0,2.576501804417698,3.263154781830429,3.0903317780765316,0,418.0,6.037870919922137,0.014410193126305816
1487,EP4273088A2,20231108,1.2634041319683262,1,2,2,0,26,,9,0,0,12.0,9.0,20231006,20240911,1.0,0.0,20231108,2,2,26,0,,,,EP,1,0,0,0,0,0,0,0,0,0,2023,11,786,2.1519507186858315,0,0,3.295836866004329,2.302585092994046,0,2.242299794661191,1.3086926762491444,341,0.9336071184120466,11.609827163763988,0,2.6449551877647535,3.205119458811981,3.2361922114060926,0,341.0,5.834810737062605,0.01706085010837019
1488,EP4273820A2,20231108,1.4783636491340806,2,2,8,0,32,,8,0,0,14.0,9.0,20231006,20240710,1.0,0.0,20231108,2,8,32,0,,,,EP,1,0,0,0,0,0,0,0,0,0,2023,11,786,2.1519507186858315,0,0,3.4965075614664802,2.1972245773362196,0,2.242299794661191,1.4811772758384667,278,0.7611225188227242,16.257849137588426,0,2.7966983955358122,3.2533719068294467,2.9583470961589438,0,278.0,5.631211781821365,0.02018355477355328
1489,EP4269500A2,20231101,1.2539690499726144,1,2,2,0,25,,11,0,0,19.0,10.0,20230929,20241016,1.0,0.0,20231101,2,2,25,0,,,,EP,1,0,0,0,0,0,0,0,0,0,2023,11,793,2.1711156741957565,0,0,3.258096538021482,2.4849066497880004,0,2.2614647501711156,1.212867898699521,383,1.0485968514715949,16.54192241225195,0,2.7449130398454145,3.3740711507283714,3.5335035012595952,0,383.0,5.950642552587727,0.015496464980697205
1490,EP4272596A2,20231108,1.2435521448008768,1,2,6,0,14,,8,0,0,32.0,15.0,20231006,20251008,1.0,0.0,20231108,2,6,14,0,,,,EP,1,0,0,0,0,0,0,0,0,0,2023,11,786,2.1519507186858315,0,0,2.70805020110221,2.1972245773362196,0,2.242299794661191,0.23545516769336072,733,2.00684462696783,15.188590364185698,1,2.5618868912026085,4.165993667383307,4.20406920430405,1,733.0,6.598509028614515,0.008989794316913508
1491,EP4268743A2,20231101,0.9593053008872028,0,2,2,0,7,,10,0,0,67.0,22.0,20230929,20251029,1.0,1.0,20231101,2,2,7,0,,,,EP,1,0,0,0,0,0,0,0,0,0,2023,11,793,2.1711156741957565,0,0,2.0794415416798357,2.3978952727983707,0,2.2614647501711156,0.17796030116358658,761,2.083504449007529,30.68461803705213,1,2.398042464566225,4.048145133970743,4.4813997218059,1,761.0,6.635946555686647,0.00870859128042867
1492,EP4295738A1,20231227,1.060671577914244,0,2,2,0,11,,10,0,0,11.0,9.0,20230918,20250625,1.0,0.0,20231227,2,2,11,0,,,,EP,1,0,0,0,0,0,0,0,0,0,2023,12,737,2.0177960301163584,0,0,2.4849066497880004,2.3978952727983707,0,2.291581108829569,0.5229295003422314,646,1.7686516084873374,5.8865975605289185,1,2.499408741593266,3.9605997066856684,4.166546881285708,1,646.0,6.472346294500901,0.010003626421176045
1493,EP4297176A1,20231227,1.1164574657427964,0,2,2,0,14,,7,0,0,30.0,9.0,20230915,20251105,1.0,0.0,20231227,2,2,14,0,,,,EP,1,0,0,0,0,0,0,0,0,0,2023,12,737,2.0177960301163584,0,0,2.70805020110221,2.0794415416798357,0,2.299794661190965,0.15879534565366188,782,2.1409993155373033,13.3868849454812,1,2.3641223907506976,4.04872198007308,4.220440857217139,1,782.0,6.663132695990803,0.008509748015313925
1494,EP4268663A2,20231101,1.2979417165885305,1,2,2,0,30,,9,0,0,48.0,17.0,20230929,20251210,1.0,0.0,20231101,2,2,30,0,,,,EP,1,0,0,0,0,0,0,0,0,0,2023,11,793,2.1711156741957565,0,0,3.4339872044851463,2.302585092994046,0,2.2614647501711156,0.06297056810403832,803,2.198494182067077,20.883237545040352,1,2.679492772384958,4.398589281625204,4.501079275061123,2,803.0,6.6895992691789665,0.008320397100968864
1495,EP4295911A2,20231227,1.6020201144955635,2,2,4,0,76,,32,0,0,31.0,10.0,20231124,20241030,1.0,0.0,20231227,2,4,76,0,,,,EP,1,0,0,0,0,0,0,0,0,0,2023,12,737,2.0177960301163584,0,0,4.343805421853684,3.4965075614664802,0,2.108145106091718,1.1745379876796715,341,0.9336071184120466,29.992053506390306,0,3.6999246513754516,4.260088922422679,4.4301146798785265,1,341.0,5.834810737062605,0.01706085010837019
1496,EP4273195A2,20231108,1.629988399166683,2,2,2,0,116,,18,0,0,36.0,9.0,20231006,20240821,1.0,0.0,20231108,2,2,116,0,,,,EP,1,0,0,0,0,0,0,0,0,0,2023,11,786,2.1519507186858315,0,0,4.762173934797756,2.9444389791664403,0,2.242299794661191,1.3661875427789185,320,0.8761122518822724,36.881004137157284,0,3.3966517866665473,3.9223191377959106,3.8205512310487126,1,320.0,5.771441123130016,0.01797956736177575
1497,EP4273697A2,20231108,1.398750216354447,2,2,8,0,23,,7,0,0,25.0,13.0,20231006,20251231,1.0,0.0,20231108,2,8,23,0,,,,EP,1,0,0,0,0,0,0,0,0,0,2023,11,786,2.1519507186858315,0,0,3.1780538303479458,2.0794415416798357,0,2.242299794661191,0.0054757015742642025,817,2.236824093086927,10.698280659617467,1,2.6464151413623487,4.388509597214505,4.316265634766763,2,817.0,6.706862336602747,0.008199098211005803
1498,EP4268673A2,20231101,1.3154726629138223,1,2,6,0,19,,17,0,0,68.0,18.0,20230929,20251119,1.0,1.0,20231101,2,6,19,0,,,,EP,1,0,0,0,0,0,0,0,0,0,2023,11,793,2.1711156741957565,0,0,2.995732273553991,2.8903717578961645,0,2.2614647501711156,0.12046543463381246,782,2.1409993155373033,30.343605876424053,1,3.049695717651521,4.7342953069739035,5.031371073433467,2,782.0,6.663132695990803,0.008509748015313925
1499,EP4268820A2,20231101,1.6494481157233878,2,2,10,0,57,,32,0,0,25.0,12.0,20230929,20250820,1.0,0.0,20231101,2,10,57,0,,,,EP,1,0,0,0,0,0,0,0,0,0,2023,11,793,2.1711156741957565,0,0,4.060443010546419,3.4965075614664802,0,2.2614647501711156,0.36960985626283366,691,1.891854893908282,12.551115081955945,1,3.7473526526032757,5.282465588948245,5.388362455374763,2,691.0,6.539585955617669,0.009450268721990852
1500,EP4268773A2,20231101,1.462419329139352,2,2,6,0,35,,10,0,0,15.0,10.0,20230929,20250806,1.0,0.0,20231101,2,6,35,0,,,,EP,1,0,0,0,0,0,0,0,0,0,2023,11,793,2.1711156741957565,0,0,3.58351893845611,2.3978952727983707,0,2.2614647501711156,0.4079397672826831,677,1.8535249828884326,7.67842752531446,1,2.901156492818374,4.413271482551433,4.251420255686803,2,677.0,6.519147287940395,0.009615261486637751
1501,EP4269488A2,20231101,1.4372878863112613,2,2,8,0,27,,5,0,0,71.0,17.0,20230929,20251210,1.0,1.0,20231101,2,8,27,0,,,,EP,1,0,0,0,0,0,0,0,0,0,2023,11,793,2.1711156741957565,0,0,3.332204510175204,1.791759469228055,0,2.2614647501711156,0.06297056810403832,803,2.198494182067077,30.88978886870552,1,2.5123435678480943,4.231440077088341,3.990253651295132,1,803.0,6.6895992691789665,0.008320397100968864
1502,EP4270325A2,20231101,1.2919651922905049,1,2,18,0,9,,11,0,0,13.0,9.0,20230929,20240724,1.0,0.0,20231101,2,18,9,0,,,,EP,1,0,0,0,0,0,0,0,0,0,2023,11,793,2.1711156741957565,0,0,2.302585092994046,2.4849066497880004,0,2.2614647501711156,1.4428473648186173,299,0.8186173853524983,14.151702555696298,0,2.782909182163305,3.274079613374804,3.303524035140499,0,299.0,5.703782474656201,0.019012608248854004
1503,EP4270217A2,20231101,1.5125870030048896,2,2,6,0,43,,18,0,0,30.0,9.0,20230929,20250813,1.0,0.0,20231101,2,6,43,0,,,,EP,1,0,0,0,0,0,0,0,0,0,2023,11,793,2.1711156741957565,0,0,3.784189633918261,2.9444389791664403,0,2.2614647501711156,0.3887748117727584,684,1.8726899383983573,15.207661080462163,1,3.2792503905047536,4.802864353543768,4.817128917564798,2,684.0,6.529418838262226,0.009531998304032447
1504,EP4272801A2,20231108,1.3113499133623354,1,2,10,0,14,,13,0,0,13.0,9.0,20231006,20241002,1.0,0.0,20231108,2,10,14,0,,,,EP,1,0,0,0,0,0,0,0,0,0,2023,11,786,2.1519507186858315,0,0,2.70805020110221,2.6390573296152584,0,2.242299794661191,1.2511978097193703,362,0.9911019849418207,11.91455993977793,0,2.8947843111314904,3.489445502096583,3.630159314557079,0,362.0,5.8944028342648505,0.01623802433681777
1505,EP4284048A2,20231129,1.3901956493987626,2,2,4,0,32,,8,0,0,54.0,14.0,20231027,20251029,1.0,0.0,20231129,2,4,32,0,,,,EP,1,0,0,0,0,0,0,0,0,0,2023,11,765,2.0944558521560577,0,0,3.4965075614664802,2.1972245773362196,0,2.184804928131417,0.17796030116358658,733,2.00684462696783,25.63074623956337,1,2.7085303958004943,4.3126371719811925,4.20406920430405,2,733.0,6.598509028614515,0.008989794316913508
1506,EP4275900A2,20231115,1.4781195544491095,2,4,6,0,22,,5,0,0,43.0,14.0,20231013,20251120,1.0,0.0,20231115,4,6,22,0,,,,EP,1,0,0,0,0,0,0,0,0,0,2023,11,779,2.132785763175907,0,0,3.1354942159291497,1.791759469228055,0,2.223134839151266,0.11772758384668036,769,2.105407255304586,19.49753266503212,1,2.5531752359859423,4.216419589168694,3.897166724532641,1,769.0,6.646390514847729,0.00863167599330874
1507,EP4270687A2,20231101,1.1877662569723246,0,2,6,0,11,,8,0,0,12.0,8.0,20230929,20240228,1.0,0.0,20231101,2,6,11,0,,,,EP,1,0,0,0,0,0,0,0,0,0,2023,11,793,2.1711156741957565,0,0,2.4849066497880004,2.1972245773362196,0,2.2614647501711156,1.8453114305270362,152,0.4161533196440794,23.248905980639172,0,2.5061010033740563,2.755792995160504,2.6133778969802988,0,152.0,5.030437921392435,0.03287867922478716
1508,EP4279124A2,20231122,0.9593053008872028,0,2,2,0,7,,9,0,0,30.0,14.0,20231020,20251218,1.0,0.0,20231122,2,2,7,0,,,,EP,1,0,0,0,0,0,0,0,0,0,2023,11,772,2.113620807665982,0,0,2.0794415416798357,2.302585092994046,0,2.2039698836413417,0.04106776180698152,790,2.16290212183436,13.257312241009044,1,2.3408563566836302,4.038597629784246,4.465487214828405,1,790.0,6.673297967767654,0.008436533461147477
1509,EP4282481A2,20231129,1.1877662569723246,0,3,6,0,8,,10,0,0,42.0,18.0,20231027,20251027,1.0,0.0,20231129,3,6,8,0,,,,EP,1,0,0,0,0,0,0,0,0,0,2023,11,765,2.0944558521560577,0,0,2.1972245773362196,2.3978952727983707,0,2.184804928131417,0.1834360027378508,731,2.001368925393566,19.98697110843295,1,2.626503420651347,4.227324775887487,4.399264198191936,1,731.0,6.595780513961311,0.009010629117433486
1510,EP4283407A2,20231129,1.300632815151642,1,2,12,0,12,,8,0,0,25.0,12.0,20231027,20251029,1.0,0.0,20231129,2,12,12,0,,,,EP,1,0,0,0,0,0,0,0,0,0,2023,11,765,2.0944558521560577,0,0,2.5649493574615367,2.1972245773362196,0,2.184804928131417,0.17796030116358658,733,2.00684462696783,11.866086222020078,1,2.6189675615533736,4.223074337734072,4.20406920430405,1,733.0,6.598509028614515,0.008989794316913508
1511,EP4276779A2,20231115,1.4504861636029847,2,2,4,0,41,,28,0,0,17.0,11.0,20231013,20251128,1.0,0.0,20231115,2,4,41,0,,,,EP,1,0,0,0,0,0,0,0,0,0,2023,11,779,2.132785763175907,0,0,3.7376696182833684,3.367295829986474,0,2.223134839151266,0.09582477754962354,777,2.127310061601643,7.63252512215359,1,3.470863661594869,5.147249698555855,5.494605891588117,2,777.0,6.656726524178391,0.00855620375858405
1512,EP4286638A2,20231206,1.162037854941285,0,2,2,0,17,,3,0,0,14.0,8.0,20231103,20250212,1.0,0.0,20231206,2,2,17,0,,,,EP,1,0,0,0,0,0,0,0,0,0,2023,12,758,2.0752908966461328,0,0,2.8903717578961645,1.3862943611198906,0,2.1656399726214923,0.8870636550308009,467,1.2785763175906912,10.155404398987141,1,1.9938144716132196,3.160960262167634,2.6648706787105816,0,467.0,6.148468295917647,0.013137752769054802
1513,EP4269549A2,20231101,1.462733559888747,2,2,8,0,30,,9,0,0,22.0,9.0,20230929,20250611,1.0,0.0,20231101,2,8,30,0,,,,EP,1,0,0,0,0,0,0,0,0,0,2023,11,793,2.1711156741957565,0,0,3.4339872044851463,2.302585092994046,0,2.2614647501711156,0.5612594113620808,621,1.700205338809035,12.220828105395231,1,2.8442846156851744,4.264407818970596,4.002790431803081,1,621.0,6.432940092739179,0.010342347415979388
1514,EP4273141A1,20231108,1.0653749033661972,0,2,4,0,8,,11,0,0,8.0,7.0,20231006,20240529,1.0,0.0,20231108,2,4,8,0,,,,EP,1,0,0,0,0,0,0,0,0,0,2023,11,786,2.1519507186858315,0,0,2.1972245773362196,2.4849066497880004,0,2.242299794661191,1.596167008898015,236,0.6461327857631759,10.72195211448491,0,2.5563188932389975,2.943998564696903,3.1310394355511764,0,236.0,5.4680601411351315,0.023071983717869754
1515,EP4274275A2,20231108,1.2806221382332579,1,2,12,0,11,,18,0,0,16.0,9.0,20231006,20240821,1.0,0.0,20231108,2,12,11,0,,,,EP,1,0,0,0,0,0,0,0,0,0,2023,11,786,2.1519507186858315,0,0,2.4849066497880004,2.9444389791664403,0,2.242299794661191,1.3661875427789185,320,0.8761122518822724,16.391557394292125,0,3.047285525733122,3.572952876862485,3.8205512310487126,0,320.0,5.771441123130016,0.01797956736177575
1516,EP4268644A2,20231101,1.2435521448008768,1,2,6,0,14,,9,0,0,15.0,9.0,20230929,20240703,1.0,0.0,20231101,2,6,14,0,,,,EP,1,0,0,0,0,0,0,0,0,0,2023,11,793,2.1711156741957565,0,0,2.70805020110221,2.302585092994046,0,2.2614647501711156,1.5003422313483916,278,0.7611225188227242,17.4191240759876,0,2.6251032005973043,3.0817767118909387,3.06370761181677,0,278.0,5.631211781821365,0.02018355477355328
1517,EP4270670A2,20231101,1.2379339308378623,1,3,6,0,10,,6,0,0,65.0,20.0,20230929,20251020,1.0,1.0,20231101,3,6,10,0,,,,EP,1,0,0,0,0,0,0,0,0,0,2023,11,793,2.1711156741957565,0,0,2.3978952727983707,1.9459101490553132,0,2.2614647501711156,0.2026009582477755,752,2.0588637919233403,30.108430297073646,1,2.4054800202710505,4.040798295425055,4.004773940978653,1,752.0,6.6240652277998935,0.008796899372908226
1518,EP4270935A2,20231101,1.0530171317891528,0,2,6,0,6,,13,0,0,14.0,8.0,20230929,20240124,1.0,0.0,20231101,2,6,6,0,,,,EP,1,0,0,0,0,0,0,0,0,0,2023,11,793,2.1711156741957565,0,0,1.9459101490553132,2.6390573296152584,0,2.2614647501711156,1.9411362080766599,117,0.3203285420944558,33.30727894479727,0,2.6364515295583075,2.828648654814981,2.9593858717097143,0,117.0,4.770684624465665,0.04042953071581072
1519,EP4270201A2,20231101,1.974368058511153,2,2,24,0,129,,104,0,0,29.0,9.0,20230929,20240904,1.0,0.0,20231101,2,24,129,0,,,,EP,1,0,0,0,0,0,0,0,0,0,2023,11,793,2.1711156741957565,0,0,4.867534450455582,4.653960350157523,0,2.2614647501711156,1.3278576317590691,341,0.9336071184120466,28.05708231242964,0,4.766744268605667,5.326908539652894,5.58756746856957,2,341.0,5.834810737062605,0.01706085010837019
1520,EP4269179A2,20231101,1.3712585507423745,1,2,6,0,24,,16,0,0,14.0,8.0,20230929,20250115,1.0,0.0,20231101,2,6,24,0,,,,EP,1,0,0,0,0,0,0,0,0,0,2023,11,793,2.1711156741957565,0,0,3.2188758248682006,2.833213344056216,0,2.2614647501711156,0.9637234770704997,474,1.297741273100616,10.016159835463494,1,3.0711865571761043,4.249831321036474,4.130954617156832,1,474.0,6.163314804034641,0.01297539958744135
1521,EP4270803A2,20231101,1.3569303025608241,1,2,10,0,17,,9,0,0,13.0,9.0,20230929,20240807,1.0,0.0,20231101,2,10,17,0,,,,EP,1,0,0,0,0,0,0,0,0,0,2023,11,793,2.1711156741957565,0,0,2.8903717578961645,2.302585092994046,0,2.2614647501711156,1.404517453798768,313,0.8569472963723477,13.584865174164939,0,2.7384813583572516,3.2526497361806603,3.159532389366394,0,313.0,5.749392985908253,0.018310168744930744
1522,EP4289778A2,20231213,1.0150911887157554,0,2,2,0,9,,6,0,0,12.0,9.0,20231110,20240925,1.0,0.0,20231213,2,2,9,0,,,,EP,1,0,0,0,0,0,0,0,0,0,2023,12,751,2.0561259411362083,0,0,2.302585092994046,1.9459101490553132,0,2.1464750171115674,1.270362765229295,320,0.8761122518822724,12.293668045719095,0,2.1826372781489436,2.708304629278307,2.822022400937586,0,320.0,5.771441123130016,0.01797956736177575
1523,EP4273625A2,20231108,1.5048198188334412,2,2,14,0,26,,33,0,0,16.0,10.0,20231006,20241204,1.0,0.0,20231108,2,14,26,0,,,,EP,1,0,0,0,0,0,0,0,0,0,2023,11,786,2.1519507186858315,0,0,3.295836866004329,3.5263605246161616,0,2.242299794661191,1.0787132101300478,425,1.163586584531143,12.66236931910514,0,3.6206361336031376,4.318788084321824,4.689947109147305,2,425.0,6.054439346269371,0.014212298934904626
1524,EP4289691A2,20231213,1.1164574657427964,0,2,2,0,14,,6,0,0,12.0,9.0,20231110,20241023,1.0,0.0,20231213,2,2,14,0,,,,EP,1,0,0,0,0,0,0,0,0,0,2023,12,751,2.0561259411362083,0,0,2.70805020110221,1.9459101490553132,0,2.1464750171115674,1.1937029431895962,348,0.9527720739219713,11.398478642480983,0,2.2840035551759845,2.855666799529167,2.8986822229772846,0,348.0,5.855071922202427,0.016776710378803517
1525,EP4270246A2,20231101,0.9259224527310722,0,2,2,0,6,,7,0,0,17.0,11.0,20230929,20250423,1.0,0.0,20231101,2,2,6,0,,,,EP,1,0,0,0,0,0,0,0,0,0,2023,11,793,2.1711156741957565,0,0,1.9459101490553132,2.0794415416798357,0,2.2614647501711156,0.6954140999315537,572,1.566050650239562,10.203771414485846,1,2.173587377738974,3.513217767882711,3.6454921919193977,0,572.0,6.35088571671474,0.011083570186238638
1526,EP4270044A2,20231101,1.3954679725176389,2,2,10,0,20,,10,0,0,14.0,8.0,20230929,20240410,1.0,0.0,20231101,2,10,20,0,,,,EP,1,0,0,0,0,0,0,0,0,0,2023,11,793,2.1711156741957565,0,0,3.044522437723423,2.3978952727983707,0,2.2614647501711156,1.730321697467488,194,0.5311430527036276,22.18197592452012,0,2.834205136196661,3.1528909678188377,2.929038325501998,0,194.0,5.272999558563747,0.027041023377249982
1527,EP4293746A1,20231220,1.4673884906305839,2,3,10,0,20,,5,0,0,18.0,9.0,20230915,20250709,1.0,0.0,20231220,3,10,20,0,,,,EP,1,0,0,0,0,0,0,0,0,0,2023,12,744,2.0369609856262834,0,0,3.044522437723423,1.791759469228055,0,2.299794661190965,0.48459958932238195,663,1.8151950718685832,9.398520424573817,1,2.542444172167417,4.031561215288567,3.606954541096638,1,663.0,6.498282149476434,0.009786569502223544
1528,EP4272968A2,20231108,1.3058788911671755,1,2,2,0,31,,147,0,0,15.0,7.0,20231006,20240703,1.0,0.0,20231108,2,2,31,0,,,,EP,1,0,0,0,0,0,0,0,0,0,2023,11,786,2.1519507186858315,0,0,3.4657359027997265,4.997212273764115,0,2.242299794661191,1.5003422313483916,271,0.7419575633127995,17.815624745955613,0,4.304206255425644,4.749380793413324,5.739169837076914,2,271.0,5.605802066295998,0.020609566420205873
1529,EP4275896A2,20231115,1.4887594580538086,2,2,6,0,39,,8,0,0,11.0,8.0,20231013,20250326,1.0,0.0,20231115,2,6,39,0,,,,EP,1,0,0,0,0,0,0,0,0,0,2023,11,779,2.132785763175907,0,0,3.6888794541139363,2.1972245773362196,0,2.223134839151266,0.7720739219712526,530,1.4510609171800137,7.091920038833237,1,2.8070942044555403,4.077730754763548,3.6482854945162333,1,530.0,6.274762021241939,0.011816877629457512
1530,EP4270286A2,20231101,1.1325920960271891,0,2,2,0,15,,10,0,0,16.0,9.0,20230929,20240731,1.0,0.0,20231101,2,2,15,0,,,,EP,1,0,0,0,0,0,0,0,0,0,2023,11,793,2.1711156741957565,0,0,2.772588722239781,2.3978952727983707,0,2.2614647501711156,1.4236824093086926,306,0.837782340862423,17.061528355594483,0,2.5713292597062116,3.0739986642236654,3.2356776136607937,0,306.0,5.726847747587197,0.018654227190837775
1531,EP4270285A2,20231101,1.1325920960271891,0,2,2,0,15,,10,0,0,16.0,9.0,20230929,20240731,1.0,0.0,20231101,2,2,15,0,,,,EP,1,0,0,0,0,0,0,0,0,0,2023,11,793,2.1711156741957565,0,0,2.772588722239781,2.3978952727983707,0,2.2614647501711156,1.4236824093086926,306,0.837782340862423,17.061528355594483,0,2.5713292597062116,3.0739986642236654,3.2356776136607937,0,306.0,5.726847747587197,0.018654227190837775
1532,EP4279137A2,20231122,1.4460607162640788,2,2,8,0,28,,7,0,0,31.0,10.0,20231020,20250430,1.0,0.0,20231122,2,8,28,0,,,,EP,1,0,0,0,0,0,0,0,0,0,2023,11,772,2.113620807665982,0,0,3.367295829986474,2.0794415416798357,0,2.2039698836413417,0.676249144421629,558,1.5277207392197125,19.04503595307178,1,2.69372564127198,4.010358084803808,3.6071622808995483,1,558.0,6.326149473155099,0.011316904245357959
1533,EP4274355A2,20231108,1.439056319303833,2,2,10,0,24,,7,0,0,16.0,8.0,20231006,20240626,1.0,0.0,20231108,2,10,24,0,,,,EP,1,0,0,0,0,0,0,0,0,0,2023,11,786,2.1519507186858315,0,0,3.2188758248682006,2.0794415416798357,0,2.242299794661191,1.5195071868583163,264,0.7227926078028748,19.445969553281756,0,2.6867212443117348,3.1203968089934597,2.8022341494827105,0,264.0,5.579729825986222,0.02105558424900461
1534,EP4269056A2,20231101,1.3531698271559582,1,2,8,0,19,,12,0,0,33.0,16.0,20230929,20251017,1.0,0.0,20231101,2,8,19,0,,,,EP,1,0,0,0,0,0,0,0,0,0,2023,11,793,2.1711156741957565,0,0,2.995732273553991,2.5649493574615367,0,2.2614647501711156,0.2108145106091718,749,2.0506502395619437,15.344196556443144,1,2.8921394416328803,4.522529585370047,4.615599597023481,2,749.0,6.620073206530356,0.008826764275373808
1535,EP4271060A2,20231101,1.3274845436467282,1,2,10,0,15,,7,0,0,14.0,9.0,20230929,20240724,1.0,0.0,20231101,2,10,15,0,,,,EP,1,0,0,0,0,0,0,0,0,0,2023,11,793,2.1711156741957565,0,0,2.772588722239781,2.0794415416798357,0,2.2614647501711156,1.4428473648186173,299,0.8186173853524983,15.240295059980628,0,2.5751494686546295,3.0663198998661283,2.8980589270323343,0,299.0,5.703782474656201,0.019012608248854004
1536,EP4270098A2,20231101,0.9259224527310722,0,2,2,0,6,,8,0,0,15.0,10.0,20230929,20241113,1.0,0.0,20231101,2,2,6,0,,,,EP,1,0,0,0,0,0,0,0,0,0,2023,11,793,2.1711156741957565,0,0,1.9459101490553132,2.1972245773362196,0,2.2614647501711156,1.136208076659822,411,1.1252566735112937,12.242332830568124,0,2.2442571991328037,2.91941120323958,3.3224812508475132,0,411.0,6.021023349349527,0.014614134343081375
1537,EP4276690A1,20231115,1.3393002078649034,1,2,6,0,21,,28,0,0,9.0,7.0,20231013,20251126,1.0,0.0,20231115,2,6,21,0,,,,EP,1,0,0,0,0,0,0,0,0,0,2023,11,779,2.132785763175907,0,0,3.091042453358316,3.367295829986474,0,2.223134839151266,0.10130047912388775,775,2.1218343600273784,4.050707002248853,1,3.3596777058567877,5.032778321873215,5.489130190013853,2,775.0,6.654152520183219,0.008574938814669097
1538,EP4270812A2,20231101,1.381063729030695,2,2,6,0,25,,8,0,0,17.0,9.0,20230929,20240605,1.0,0.0,20231101,2,6,25,0,,,,EP,1,0,0,0,0,0,0,0,0,0,2023,11,793,2.1711156741957565,0,0,3.258096538021482,2.1972245773362196,0,2.2614647501711156,1.5770020533880904,250,0.6844626967830253,21.67088386702731,0,2.6993984754324267,3.110076093502242,2.881687274119245,0,250.0,5.5254529391317835,0.0220137567296087
1539,EP4269714A2,20231101,0.9640086263391562,0,2,4,0,5,,4,0,0,25.0,14.0,20230929,20251030,1.0,0.0,20231101,2,4,5,0,,,,EP,1,0,0,0,0,0,0,0,0,0,2023,11,793,2.1711156741957565,0,0,1.791759469228055,1.6094379124341003,0,2.2614647501711156,0.17522245037645448,762,2.086242299794661,11.435146050530665,1,1.9296713737996163,3.5814167536764128,3.695680212228761,0,762.0,6.637258031284457,0.008698896502338738
1540,EP4274300A2,20231108,1.2596867750852696,1,2,6,0,15,,12,0,0,13.0,9.0,20231006,20240501,1.0,0.0,20231108,2,6,15,0,,,,EP,1,0,0,0,0,0,0,0,0,0,2023,11,786,2.1519507186858315,0,0,2.772588722239781,2.5649493574615367,0,2.242299794661191,1.672826830937714,208,0.5694729637234771,19.418259891626622,0,2.7986563895621916,3.140340167796278,3.134422321185014,0,208.0,5.342334251964811,0.025561407904137853
1541,EP4271058A2,20231101,1.621854937303944,2,4,16,0,23,,9,0,0,16.0,10.0,20230929,20251015,1.0,0.0,20231101,4,16,23,0,,,,EP,1,0,0,0,0,0,0,0,0,0,2023,11,793,2.1711156741957565,0,0,3.1780538303479458,2.302585092994046,0,2.2614647501711156,0.216290212183436,747,2.0451745379876796,7.458600555183306,1,3.0034059931003716,4.63051071589298,4.3477596309817255,2,747.0,6.617402977974478,0.00884679542509957
1542,EP4269238A2,20231101,1.340872413140844,1,2,16,0,12,,7,0,0,44.0,16.0,20230929,20251029,1.0,0.0,20231101,2,16,12,0,,,,EP,1,0,0,0,0,0,0,0,0,0,2023,11,793,2.1711156741957565,0,0,2.5649493574615367,2.0794415416798357,0,2.2614647501711156,0.17796030116358658,761,2.083504449007529,20.15109244224319,1,2.5885373381487455,4.238640007553263,4.162945990687365,1,761.0,6.635946555686647,0.00870859128042867
1543,EP4270103A2,20231101,1.2254634212144606,1,2,8,0,11,,8,0,0,36.0,13.0,20230929,20251023,1.0,0.0,20231101,2,8,11,0,,,,EP,1,0,0,0,0,0,0,0,0,0,2023,11,793,2.1711156741957565,0,0,2.4849066497880004,2.1972245773362196,0,2.2614647501711156,0.1943874058863792,755,2.0670773442847366,16.612235873787938,1,2.5437981676161923,4.184044574187034,4.264301921620956,1,755.0,6.628041376179533,0.008767250497591975
1544,EP4279254A2,20231122,1.1573060983975267,0,2,4,0,12,,4,0,0,35.0,14.0,20231020,20251215,1.0,0.0,20231122,2,4,12,0,,,,EP,1,0,0,0,0,0,0,0,0,0,2023,11,772,2.113620807665982,0,0,2.5649493574615367,1.6094379124341003,0,2.2039698836413417,0.049281314168377825,787,2.1546885694729636,15.523208160043716,1,2.122968845857987,3.8157819875417647,3.7641264819070637,1,787.0,6.669498089857879,0.00846383006327142
1545,EP4285723A2,20231206,1.5258294514861896,2,2,12,0,31,,21,0,0,19.0,9.0,20231103,20241106,1.0,0.0,20231206,2,12,31,0,,,,EP,1,0,0,0,0,0,0,0,0,0,2023,12,758,2.0752908966461328,0,0,3.4657359027997265,3.091042453358316,0,2.1656399726214923,1.1553730321697468,369,1.0102669404517455,17.113001664508968,0,3.380454923501179,3.9866150877722264,4.1013093938100615,1,369.0,5.91350300563827,0.015982440555779107
1546,EP4275992A2,20231115,1.060671577914244,0,2,2,0,11,,9,0,0,12.0,10.0,20231013,20251217,1.0,0.0,20231115,2,2,11,0,,,,EP,1,0,0,0,0,0,0,0,0,0,2023,11,779,2.132785763175907,0,0,2.4849066497880004,2.302585092994046,0,2.223134839151266,0.04380561259411362,796,2.1793292265571527,5.264706765562596,1,2.4422226337106716,4.149820169644963,4.481914319551199,1,796.0,6.680854678790215,0.008382502733739292
1547,EP4285977A2,20231206,1.4943218417612707,2,2,2,0,67,,10,0,0,32.0,14.0,20231103,20250917,1.0,0.0,20231206,2,2,67,0,,,,EP,1,0,0,0,0,0,0,0,0,0,2023,12,758,2.0752908966461328,0,0,4.219507705176107,2.3978952727983707,0,2.1656399726214923,0.2929500342231348,684,1.8726899383983573,16.221505152492973,1,2.9330590054402927,4.456672968479308,4.270585211196728,2,684.0,6.529418838262226,0.009531998304032447
1548,EP4270158A2,20231101,1.4297936707208567,2,2,14,0,19,,13,0,0,37.0,13.0,20230929,20251127,1.0,0.0,20231101,2,14,19,0,,,,EP,1,0,0,0,0,0,0,0,0,0,2023,11,793,2.1711156741957565,0,0,2.995732273553991,2.6390573296152584,0,2.2614647501711156,0.09856262833675565,790,2.16290212183436,16.350685097244487,1,3.0132280684900117,4.710969341590628,4.801959451449618,2,790.0,6.673297967767654,0.008436533461147477
1549,EP4286953A2,20231206,0.9593053008872028,0,2,2,0,7,,15,0,0,40.0,18.0,20231103,20251223,1.0,0.0,20231206,2,2,7,0,,,,EP,1,0,0,0,0,0,0,0,0,0,2023,12,758,2.0752908966461328,0,0,2.0794415416798357,2.772588722239781,0,2.1656399726214923,0.02737850787132101,781,2.138261464750171,17.871013118864866,1,2.6228585342310717,4.3058154130811745,4.910850186989952,2,781.0,6.661854740545311,0.008518995831899375
1550,EP4269869A2,20231101,1.313571805833864,1,2,2,0,32,,9,0,0,12.0,8.0,20230929,20240117,1.0,0.0,20231101,2,2,32,0,,,,EP,1,0,0,0,0,0,0,0,0,0,2023,11,793,2.1711156741957565,0,0,3.4965075614664802,2.302585092994046,0,2.2614647501711156,1.9603011635865846,110,0.30116358658453113,29.912984132400616,0,2.695122861630291,2.87582101358101,2.603748679578577,0,110.0,4.709530201312334,0.04242820001182283
1551,EP4275926A2,20231115,0.9259224527310722,0,2,2,0,6,,5,0,0,17.0,11.0,20231013,20251126,1.0,0.0,20231115,2,2,6,0,,,,EP,1,0,0,0,0,0,0,0,0,0,2023,11,779,2.132785763175907,0,0,1.9459101490553132,1.791759469228055,0,2.223134839151266,0.10130047912388775,775,2.1218343600273784,7.6513354486922776,1,2.000978134267905,3.6740787502843317,3.9135938292554333,1,775.0,6.654152520183219,0.008574938814669097
1552,EP4270954A2,20231101,1.166013412724917,0,2,6,0,10,,15,0,0,13.0,8.0,20230929,20240117,1.0,0.0,20231101,2,6,10,0,,,,EP,1,0,0,0,0,0,0,0,0,0,2023,11,793,2.1711156741957565,0,0,2.3978952727983707,2.772588722239781,0,2.2614647501711156,1.9603011635865846,110,0.30116358658453113,32.405732810100666,0,2.829566646068786,3.0102647980195045,3.073752308824312,0,110.0,4.709530201312334,0.04242820001182283
1553,EP4275925A2,20231115,0.9593053008872028,0,2,2,0,7,,5,0,0,18.0,12.0,20231013,20251224,1.0,0.0,20231115,2,2,7,0,,,,EP,1,0,0,0,0,0,0,0,0,0,2023,11,779,2.132785763175907,0,0,2.0794415416798357,1.791759469228055,0,2.223134839151266,0.024640657084188913,803,2.198494182067077,7.831214079390132,1,2.034360982424036,3.753457491664282,3.990253651295132,1,803.0,6.6895992691789665,0.008320397100968864
1554,EP4270091A2,20231101,1.5621249539473139,2,2,12,0,36,,20,0,0,17.0,9.0,20230929,20251205,1.0,0.0,20231101,2,12,36,0,,,,EP,1,0,0,0,0,0,0,0,0,0,2023,11,793,2.1711156741957565,0,0,3.6109179126442243,3.044522437723423,0,2.2614647501711156,0.07665982203969883,798,2.184804928131417,7.440460141996944,1,3.3888384165813674,5.099721373460218,5.229327365854839,2,798.0,6.683360945766275,0.00836465700346217
1555,EP4271119A2,20231101,1.313571805833864,1,2,2,0,32,,15,0,0,17.0,8.0,20230929,20240228,1.0,0.0,20231101,2,2,32,0,,,,EP,1,0,0,0,0,0,0,0,0,0,2023,11,793,2.1711156741957565,0,0,3.4965075614664802,2.772588722239781,0,2.2614647501711156,1.8453114305270362,152,0.4161533196440794,32.93595013923883,0,2.9771250391777326,3.22681703096418,3.1887420418838603,0,152.0,5.030437921392435,0.03287867922478716
1556,EP4270959A2,20231101,1.115542577231735,0,2,4,0,10,,10,0,0,10.0,8.0,20230929,20240110,1.0,0.0,20231101,2,4,10,0,,,,EP,1,0,0,0,0,0,0,0,0,0,2023,11,793,2.1711156741957565,0,0,2.3978952727983707,2.3978952727983707,0,2.2614647501711156,1.9794661190965093,103,0.28199863107460643,26.17810428238667,0,2.5542797409107574,2.723478919555521,2.679893903872977,0,103.0,4.6443908991413725,0.04465760479943627
1557,EP4268759A2,20231101,1.425036395646611,2,2,6,0,30,,8,0,0,83.0,20.0,20230929,20251210,1.0,1.0,20231101,2,6,30,0,,,,EP,1,0,0,0,0,0,0,0,0,0,2023,11,793,2.1711156741957565,0,0,3.4339872044851463,2.1972245773362196,0,2.2614647501711156,0.06297056810403832,803,2.198494182067077,36.11059825496561,1,2.7433711420483426,4.4624676512885895,4.395718759403296,2,803.0,6.6895992691789665,0.008320397100968864
1558,EP4271163A2,20231101,1.6139532800319307,2,2,6,0,65,,10,0,0,10.0,8.0,20230929,20240110,1.0,0.0,20231101,2,6,65,0,,,,EP,1,0,0,0,0,0,0,0,0,0,2023,11,793,2.1711156741957565,0,0,4.189654742026425,2.3978952727983707,0,2.2614647501711156,1.9794661190965093,103,0.28199863107460643,26.17810428238667,0,3.052690443710953,3.2218896223557167,2.679893903872977,0,103.0,4.6443908991413725,0.04465760479943627
1559,EP4274346A2,20231108,1.1798830320159719,0,2,8,0,9,,10,0,0,15.0,10.0,20231006,20251022,1.0,0.0,20231108,2,8,9,0,,,,EP,1,0,0,0,0,0,0,0,0,0,2023,11,786,2.1519507186858315,0,0,2.302585092994046,2.3978952727983707,0,2.242299794661191,0.1971252566735113,747,2.0451745379876796,6.992438020484349,1,2.6186201956949944,4.2457249184876025,4.44306981078605,1,747.0,6.617402977974478,0.00884679542509957
1560,EP4269875A2,20231101,1.2194214382221515,1,4,4,0,9,,5,0,0,17.0,9.0,20230929,20240424,1.0,0.0,20231101,4,4,9,0,,,,EP,1,0,0,0,0,0,0,0,0,0,2023,11,793,2.1711156741957565,0,0,2.302585092994046,1.791759469228055,0,2.2614647501711156,1.6919917864476386,208,0.5694729637234771,25.3931090890502,0,2.2944771197589846,2.636160897993071,2.361232432951532,0,208.0,5.342334251964811,0.025561407904137853
1561,EP4268713A2,20231101,1.5445367876908511,2,2,8,0,42,,6,0,0,17.0,11.0,20230929,20250820,1.0,0.0,20231101,2,8,42,0,,,,EP,1,0,0,0,0,0,0,0,0,0,2023,11,793,2.1711156741957565,0,0,3.7612001156935624,1.9459101490553132,0,2.2614647501711156,0.36960985626283366,691,1.891854893908282,8.534758255730043,1,2.712082877124039,4.247195813469008,3.8377650429635954,1,691.0,6.539585955617669,0.009450268721990852
1562,EP4282276A2,20231129,0.8873847827742576,0,2,2,0,5,,4,0,0,13.0,9.0,20231027,20240925,1.0,0.0,20231129,2,2,5,0,,,,EP,1,0,0,0,0,0,0,0,0,0,2023,11,765,2.0944558521560577,0,0,1.791759469228055,1.6094379124341003,0,2.184804928131417,1.270362765229295,334,0.9144421629021219,12.81492476890898,0,1.8530475302347176,2.4017128279759907,2.5238800753362223,0,334.0,5.814130531825066,0.01735561352783602
1563,EP4287701A2,20231206,1.404905774404496,2,2,4,0,34,,14,0,0,15.0,10.0,20231103,20251203,1.0,0.0,20231206,2,4,34,0,,,,EP,1,0,0,0,0,0,0,0,0,0,2023,12,758,2.0752908966461328,0,0,3.5553480614894135,2.70805020110221,0,2.1656399726214923,0.08213552361396304,761,2.083504449007529,6.869690605310178,1,3.029735895065822,4.67983856447034,4.791554650109739,2,761.0,6.635946555686647,0.00870859128042867
1564,EP4270875A2,20231101,1.1535429031015152,0,2,8,0,8,,11,0,0,13.0,9.0,20230929,20241009,1.0,0.0,20231101,2,8,8,0,,,,EP,1,0,0,0,0,0,0,0,0,0,2023,11,793,2.1711156741957565,0,0,2.1972245773362196,2.4849066497880004,0,2.2614647501711156,1.2320328542094456,376,1.0294318959616702,11.51021150233319,0,2.6444868929743155,3.2621460305513175,3.5143385457496708,0,376.0,5.932245187448011,0.015735398375193662
1565,EP4268784A2,20231101,1.6323505503139146,2,2,12,0,48,,13,0,0,14.0,8.0,20230929,20250122,1.0,0.0,20231101,2,12,48,0,,,,EP,1,0,0,0,0,0,0,0,0,0,2023,11,793,2.1711156741957565,0,0,3.8918202981106265,2.6390573296152584,0,2.2614647501711156,0.944558521560575,481,1.3169062286105406,9.88068209265253,1,3.2157849480830696,4.405928685249394,3.955963558225799,2,481.0,6.1779441140506,0.012817311439939005
1566,EP4270951A2,20231101,1.3569303025608241,1,2,10,0,17,,7,0,0,37.0,15.0,20230929,20251218,1.0,0.0,20231101,2,10,17,0,,,,EP,1,0,0,0,0,0,0,0,0,0,2023,11,793,2.1711156741957565,0,0,2.8903717578961645,2.0794415416798357,0,2.2614647501711156,0.04106776180698152,811,2.220396988364134,15.945547328987345,1,2.6045952275687254,4.336833420587206,4.29983853004397,2,811.0,6.699500340161678,0.00825061618246512
1567,EP4269274A2,20231101,1.1930813093076948,0,2,4,0,14,,8,0,0,15.0,10.0,20230929,20250827,1.0,0.0,20231101,2,4,14,0,,,,EP,1,0,0,0,0,0,0,0,0,0,2023,11,793,2.1711156741957565,0,0,2.70805020110221,2.1972245773362196,0,2.2614647501711156,0.35044490075290896,698,1.9110198494182067,7.458902011504033,1,2.5114160557094265,4.058027965360351,4.1082444267544265,1,698.0,6.54965074223381,0.009370029674154234
1568,EP4266018A2,20231025,1.080682254832628,0,2,2,0,12,,9,0,0,63.0,16.0,20230922,20251128,1.0,1.0,20231025,2,2,12,0,,,,EP,1,0,0,0,0,0,0,0,0,0,2023,10,800,2.190280629705681,0,0,2.5649493574615367,2.302585092994046,0,2.2806297056810405,0.09582477754962354,798,2.184804928131417,27.573469937988676,1,2.4622333106290553,4.173116267507906,4.487390021125463,1,798.0,6.683360945766275,0.00836465700346217
1569,EP4266017A2,20231025,1.080682254832628,0,2,2,0,12,,9,0,0,54.0,16.0,20230922,20251029,1.0,0.0,20231025,2,2,12,0,,,,EP,1,0,0,0,0,0,0,0,0,0,2023,10,800,2.190280629705681,0,0,2.5649493574615367,2.302585092994046,0,2.2806297056810405,0.17796030116358658,768,2.102669404517454,24.51570802647525,1,2.4622333106290553,4.123834953339528,4.4052544975115,1,768.0,6.645090969505644,0.008641210623544402
1570,EP4270956A2,20231101,1.4545361041829992,2,2,8,0,29,,18,0,0,16.0,8.0,20230929,20241113,1.0,0.0,20231101,2,8,29,0,,,,EP,1,0,0,0,0,0,0,0,0,0,2023,11,793,2.1711156741957565,0,0,3.4011973816621555,2.9444389791664403,0,2.2614647501711156,1.136208076659822,411,1.1252566735112937,13.058488352605998,0,3.2211994916828632,3.8963534957896395,4.0696956526777335,1,411.0,6.021023349349527,0.014614134343081375
1571,EP4269289A2,20231101,0.9887510598012987,0,2,2,0,8,,8,0,0,39.0,18.0,20230929,20251027,1.0,0.0,20231101,2,2,8,0,,,,EP,1,0,0,0,0,0,0,0,0,0,2023,11,793,2.1711156741957565,0,0,2.1972245773362196,2.1972245773362196,0,2.2614647501711156,0.1834360027378508,759,2.078028747433265,17.906099745451115,1,2.3070858062030304,3.953903054662989,4.275253324769484,1,759.0,6.633318433280377,0.008728050570105759
1572,EP4268864A2,20231101,1.6054428842658233,2,3,12,0,32,,17,0,0,32.0,16.0,20230929,20251224,1.0,0.0,20231101,3,12,32,0,,,,EP,1,0,0,0,0,0,0,0,0,0,2023,11,793,2.1711156741957565,0,0,3.4965075614664802,2.8903717578961645,0,2.2614647501711156,0.024640657084188913,817,2.236824093086927,13.693799244310359,1,3.339665939003522,5.081760394855679,5.1271958509830915,2,817.0,6.706862336602747,0.008199098211005803
1573,EP4269987A2,20231101,1.3995907220691253,2,2,6,0,27,,11,0,0,15.0,10.0,20230929,20241218,1.0,0.0,20231101,2,6,27,0,,,,EP,1,0,0,0,0,0,0,0,0,0,2023,11,793,2.1711156741957565,0,0,3.332204510175204,2.4849066497880004,0,2.2614647501711156,1.0403832991101984,446,1.2210814510609171,11.35433397233304,0,2.8905347119419256,3.6231835825784757,3.7059881008489173,0,446.0,6.102558594613569,0.013652256363788745
1574,EP4282391A2,20231129,1.4250903452689032,2,3,8,0,19,,9,0,0,41.0,15.0,20231027,20251215,1.0,0.0,20231129,3,8,19,0,,,,EP,1,0,0,0,0,0,0,0,0,0,2023,11,765,2.0944558521560577,0,0,2.995732273553991,2.302585092994046,0,2.184804928131417,0.049281314168377825,780,2.135523613963039,18.340222283457333,1,2.8066414010653307,4.487955569443154,4.438108706957085,2,780.0,6.660575149839686,0.008528265236670532
1575,EP4273556A2,20231108,1.1158457388593792,0,2,6,0,8,,8,0,0,17.0,11.0,20231006,20251126,1.0,0.0,20231108,2,6,8,0,,,,EP,1,0,0,0,0,0,0,0,0,0,2023,11,786,2.1519507186858315,0,0,2.1972245773362196,2.1972245773362196,0,2.242299794661191,0.10130047912388775,782,2.1409993155373033,7.585901469106013,1,2.434180485261111,4.118780074583493,4.338223892873523,1,782.0,6.663132695990803,0.008509748015313925
1576,EP4271115A2,20231101,1.1164574657427964,0,2,2,0,14,,12,0,0,65.0,16.0,20230929,20251222,1.0,1.0,20231101,2,2,14,0,,,,EP,1,0,0,0,0,0,0,0,0,0,2023,11,793,2.1711156741957565,0,0,2.70805020110221,2.5649493574615367,0,2.2614647501711156,0.030116358658453114,815,2.2313483915126624,27.880860808549368,1,2.6554270802197184,4.394236115127316,4.796297748974199,2,815.0,6.704414354964107,0.008216194062456014
1577,EP4270075A2,20231101,1.4647341563146463,2,2,14,0,22,,25,0,0,12.0,9.0,20230929,20251112,1.0,0.0,20231101,2,14,22,0,,,,EP,1,0,0,0,0,0,0,0,0,0,2023,11,793,2.1711156741957565,0,0,3.1354942159291497,3.258096538021482,0,2.2614647501711156,0.13963039014373715,775,2.1218343600273784,5.400942669665136,1,3.4195920791275354,5.092692695143962,5.37993089804886,2,775.0,6.654152520183219,0.008574938814669097
1578,EP4272836A2,20231108,1.4545361041829992,2,2,8,0,29,,16,0,0,17.0,9.0,20231006,20240626,1.0,0.0,20231108,2,8,29,0,,,,EP,1,0,0,0,0,0,0,0,0,0,2023,11,786,2.1519507186858315,0,0,3.4011973816621555,2.833213344056216,0,2.242299794661191,1.5195071868583163,264,0.7227926078028748,20.661342650361867,0,3.154464110616729,3.588139675298454,3.556005951859091,0,264.0,5.579729825986222,0.02105558424900461
1579,EP4271120A2,20231101,1.3832704314752808,2,2,10,0,19,,12,0,0,17.0,10.0,20230929,20250430,1.0,0.0,20231101,2,10,19,0,,,,EP,1,0,0,0,0,0,0,0,0,0,2023,11,793,2.1711156741957565,0,0,2.995732273553991,2.5649493574615367,0,2.2614647501711156,0.676249144421629,579,1.5852156057494866,10.087729986596807,1,2.922240045952203,4.273369409401895,4.150164963211023,1,579.0,6.363028103540465,0.010970738109552526
1580,EP4270796A2,20231101,0.9259224527310722,0,2,2,0,6,,6,0,0,24.0,12.0,20230929,20251008,1.0,0.0,20231101,2,2,6,0,,,,EP,1,0,0,0,0,0,0,0,0,0,2023,11,793,2.1711156741957565,0,0,1.9459101490553132,1.9459101490553132,0,2.2614647501711156,0.23545516769336072,740,2.026009582477755,11.28875438652973,1,2.0934685421642603,3.709074291650913,3.9719197315330685,1,740.0,6.608000625296087,0.008917679656270022
1581,EP4274150A2,20231108,1.342640699100837,1,2,10,0,16,,10,0,0,9.0,7.0,20231006,20231227,1.0,0.0,20231108,2,10,16,0,,,,EP,1,0,0,0,0,0,0,0,0,0,2023,11,786,2.1519507186858315,0,0,2.833213344056216,2.3978952727983707,0,2.242299794661191,2.0177960301163584,82,0.2245037645448323,27.734655136047248,0,2.781377862779859,2.9160801215067584,2.622399037343203,0,82.0,4.418840607796598,0.053239043467428894
1582,EP4270500A2,20231101,1.3268296982415015,1,2,8,0,17,,11,0,0,15.0,9.0,20230929,20240807,1.0,0.0,20231101,2,8,17,0,,,,EP,1,0,0,0,0,0,0,0,0,0,2023,11,793,2.1711156741957565,0,0,2.8903717578961645,2.4849066497880004,0,2.2614647501711156,1.404517453798768,313,0.8569472963723477,15.674844431728776,0,2.8177736881143014,3.33194206593771,3.341853946160348,0,313.0,5.749392985908253,0.018310168744930744
1583,EP4287753A2,20231206,1.2099836363352945,0,2,10,0,9,,11,0,0,62.0,18.0,20231103,20251010,1.0,1.0,20231206,2,10,9,0,,,,EP,1,0,0,0,0,0,0,0,0,0,2023,12,758,2.0752908966461328,0,0,2.302585092994046,2.4849066497880004,0,2.1656399726214923,0.2299794661190965,707,1.9356605065023955,30.456944958138596,1,2.7009276262080943,4.262323930109532,4.420567156290396,1,707.0,6.56244409369372,0.009268988832900733
1584,EP4269496A2,20231101,1.418760893272831,2,2,8,0,25,,6,0,0,14.0,9.0,20230929,20240821,1.0,0.0,20231101,2,8,25,0,,,,EP,1,0,0,0,0,0,0,0,0,0,2023,11,793,2.1711156741957565,0,0,3.258096538021482,1.9459101490553132,0,2.2614647501711156,1.3661875427789185,327,0.8952772073921971,14.0664328450588,0,2.586306982706019,3.1234733071413374,2.8411873564475103,0,327.0,5.793013608384144,0.017661626854829707
1585,EP4270816A2,20231101,1.485579558549409,2,2,14,0,24,,10,0,0,12.0,9.0,20230929,20240821,1.0,0.0,20231101,2,14,24,0,,,,EP,1,0,0,0,0,0,0,0,0,0,2023,11,793,2.1711156741957565,0,0,3.2188758248682006,2.3978952727983707,0,2.2614647501711156,1.3661875427789185,327,0.8952772073921971,12.056942438621828,0,2.924316722228431,3.461483046663749,3.2931724801905675,0,327.0,5.793013608384144,0.017661626854829707
1586,EP4270225A2,20231101,1.424478618385486,2,2,20,0,15,,11,0,0,17.0,8.0,20230929,20250507,1.0,0.0,20231101,2,20,15,0,,,,EP,1,0,0,0,0,0,0,0,0,0,2023,11,793,2.1711156741957565,0,0,2.772588722239781,2.4849066497880004,0,2.2614647501711156,0.6570841889117043,586,1.6043805612594113,9.974298220954982,1,2.915422608258286,4.278050945013933,4.089287211047411,1,586.0,6.375024819828097,0.010860348926453316
1587,EP4268960A2,20231101,1.166013412724917,0,2,6,0,10,,10,0,0,10.0,8.0,20230929,20240807,1.0,0.0,20231101,2,6,10,0,,,,EP,1,0,0,0,0,0,0,0,0,0,2023,11,793,2.1711156741957565,0,0,2.3978952727983707,2.3978952727983707,0,2.2614647501711156,1.404517453798768,313,0.8569472963723477,10.449896287819184,0,2.6047505764039394,3.118918954227348,3.2548425691707186,0,313.0,5.749392985908253,0.018310168744930744
1588,EP4265298A2,20231025,1.3154726629138223,1,2,6,0,19,,27,0,0,16.0,11.0,20230922,20250212,1.0,0.0,20231025,2,6,19,0,,,,EP,1,0,0,0,0,0,0,0,0,0,2023,10,800,2.190280629705681,0,0,2.995732273553991,3.332204510175204,0,2.2806297056810405,0.8870636550308009,509,1.3935660506502396,10.71261628706292,1,3.3147953690189444,4.550934999409089,4.725770560825444,2,509.0,6.234410725718371,0.012224334756310531
1589,EP4270811A1,20231101,1.1372954214791426,0,2,4,0,11,,5,0,0,53.0,15.0,20230929,20251222,1.0,1.0,20231101,2,4,11,0,,,,EP,1,0,0,0,0,0,0,0,0,0,2023,11,793,2.1711156741957565,0,0,2.4849066497880004,1.791759469228055,0,2.2614647501711156,0.030116358658453114,815,2.2313483915126624,22.733624966971025,1,2.2123511030159753,3.9511601379235723,4.023107860740717,1,815.0,6.704414354964107,0.008216194062456014
1590,EP4269053A2,20231101,1.1573060983975267,0,2,4,0,12,,10,0,0,11.0,8.0,20230929,20240306,1.0,0.0,20231101,2,4,12,0,,,,EP,1,0,0,0,0,0,0,0,0,0,2023,11,793,2.1711156741957565,0,0,2.5649493574615367,2.3978952727983707,0,2.2614647501711156,1.8261464750171115,159,0.4353182751540041,20.548523206751057,0,2.596043262076549,2.8572342271689513,2.833213547952375,0,159.0,5.075173815233827,0.031719836345211416
1591,EP4268944A2,20231101,1.5182052169679043,2,2,6,0,44,,24,0,0,18.0,9.0,20230929,20241023,1.0,0.0,20231101,2,6,44,0,,,,EP,1,0,0,0,0,0,0,0,0,0,2023,11,793,2.1711156741957565,0,0,3.8066624897703196,3.2188758248682006,0,2.2614647501711156,1.1937029431895962,390,1.0677618069815196,15.414102338667133,0,3.4495307118888245,4.090187796077736,4.28663763184972,1,390.0,5.968707559985366,0.015265236726305283
1592,EP4268947A2,20231101,1.3400279755332247,1,2,4,0,26,,16,0,0,11.0,8.0,20230929,20241218,1.0,0.0,20231101,2,4,26,0,,,,EP,1,0,0,0,0,0,0,0,0,0,2023,11,793,2.1711156741957565,0,0,3.295836866004329,2.833213344056216,0,2.2614647501711156,1.0403832991101984,446,1.2210814510609171,8.326511579710896,0,3.0399559819669544,3.7726048526035045,4.0542947951171335,1,446.0,6.102558594613569,0.013652256363788745
1593,EP4271092A2,20231101,1.2771993684629983,1,2,4,0,20,,52,0,0,16.0,8.0,20230929,20240214,1.0,0.0,20231101,2,4,20,0,,,,EP,1,0,0,0,0,0,0,0,0,0,2023,11,793,2.1711156741957565,0,0,3.044522437723423,3.970291913552122,0,2.2614647501711156,1.8836413415468858,138,0.37782340862423,33.48517404383326,0,3.6593745165942715,3.8860685617688095,4.348115322176352,1,138.0,4.9344739331306915,0.03549981246856613
1594,EP4270172A2,20231101,1.175833091435957,0,2,4,0,13,,7,0,0,16.0,11.0,20230929,20251022,1.0,0.0,20231101,2,4,13,0,,,,EP,1,0,0,0,0,0,0,0,0,0,2023,11,793,2.1711156741957565,0,0,2.6390573296152584,2.0794415416798357,0,2.2614647501711156,0.1971252566735113,754,2.0643394934976045,7.39255558015243,1,2.423498016443858,4.062101712542421,4.14378103517744,1,754.0,6.626717749249025,0.008777109601654337
1595,EP4268649A2,20231101,0.9259224527310722,0,2,2,0,6,,10,0,0,15.0,11.0,20230929,20250528,1.0,0.0,20231101,2,2,6,0,,,,EP,1,0,0,0,0,0,0,0,0,0,2023,11,793,2.1711156741957565,0,0,1.9459101490553132,2.3978952727983707,0,2.2614647501711156,0.5995893223819302,607,1.6618754277891854,8.513655258148479,1,2.3646596164100946,3.7617848730836054,4.059770700587556,1,607.0,6.410174881966167,0.010543050792707512
1596,EP4268734A2,20231101,1.5871931669485417,2,2,8,0,50,,16,0,0,15.0,10.0,20230929,20241218,1.0,0.0,20231101,2,8,50,0,,,,EP,1,0,0,0,0,0,0,0,0,0,2023,11,793,2.1711156741957565,0,0,3.9318256327243257,2.833213344056216,0,2.2614647501711156,1.0403832991101984,446,1.2210814510609171,11.35433397233304,0,3.287121173382271,4.019770044018822,4.0542947951171335,1,446.0,6.102558594613569,0.013652256363788745
1597,EP4285874A2,20231206,0.9259224527310722,0,2,2,0,6,,3,0,0,37.0,16.0,20231103,20251028,1.0,0.0,20231206,2,2,6,0,,,,EP,1,0,0,0,0,0,0,0,0,0,2023,12,758,2.0752908966461328,0,0,1.9459101490553132,1.3862943611198906,0,2.1656399726214923,0.1806981519507187,725,1.9849418206707734,17.746298545681366,1,1.7576990694030066,3.34866416180547,3.371236181790664,0,725.0,6.587550014824796,0.009073760350998342
1598,EP4297004A1,20231227,1.3531698271559582,1,2,8,0,19,,7,0,0,11.0,8.0,20230913,20250813,1.0,0.0,20231227,2,8,19,0,,,,EP,1,0,0,0,0,0,0,0,0,0,2023,12,737,2.0177960301163584,0,0,2.995732273553991,2.0794415416798357,0,2.305270362765229,0.3887748117727584,700,1.9164955509924708,5.455008316078884,1,2.60083475216386,4.150732082759343,3.995937092672307,1,700.0,6.55250788703459,0.0093473721641007
1599,EP4269805A1,20231101,0.8958797346140275,0,2,0,0,11,,3,0,0,10.0,7.0,20230929,20240814,1.0,0.0,20231101,2,0,11,0,,,,EP,1,0,0,0,0,0,0,0,0,0,2023,11,793,2.1711156741957565,0,0,2.4849066497880004,1.3862943611198906,0,2.2614647501711156,1.3853524982888432,320,0.8761122518822724,10.24472337143258,0,1.7276563512859617,2.253323702415325,2.262406613002163,0,320.0,5.771441123130016,0.01797956736177575
1600,EP4272746A2,20231108,1.2748429305393785,1,2,6,0,16,,24,0,0,14.0,9.0,20231006,20240424,1.0,0.0,20231108,2,6,16,0,,,,EP,1,0,0,0,0,0,0,0,0,0,2023,11,786,2.1519507186858315,0,0,2.833213344056216,3.2188758248682006,0,2.242299794661191,1.6919917864476386,201,0.5503080082135524,21.528260183138617,0,3.206168425460299,3.53635323038843,3.769183833081753,0,201.0,5.308267697401205,0.026278552957431707
1601,EP4295829A2,20231227,1.2184207019727864,1,4,8,0,6,,7,0,0,21.0,13.0,20231124,20251126,1.0,0.0,20231227,4,8,6,0,,,,EP,1,0,0,0,0,0,0,0,0,0,2023,12,737,2.0177960301163584,0,0,1.9459101490553132,2.0794415416798357,0,2.108145106091718,0.10130047912388775,733,2.00684462696783,9.967512426496866,1,2.466085626980688,4.0701924031613865,4.086286168647666,1,733.0,6.598509028614515,0.008989794316913508
1602,EP4269075A2,20231101,1.5120597757543417,2,2,2,0,72,,7,0,0,37.0,18.0,20230929,20251119,1.0,0.0,20231101,2,2,72,0,,,,EP,1,0,0,0,0,0,0,0,0,0,2023,11,793,2.1711156741957565,0,0,4.290459441148391,2.0794415416798357,0,2.2614647501711156,0.12046543463381246,782,2.1409993155373033,16.510491432760148,1,2.759724700762243,4.444324290084626,4.220440857217139,2,782.0,6.663132695990803,0.008509748015313925
1603,EP4270953A2,20231101,1.367698811800312,1,2,12,0,16,,30,0,0,24.0,10.0,20230929,20251210,1.0,0.0,20231101,2,12,16,0,,,,EP,1,0,0,0,0,0,0,0,0,0,2023,11,793,2.1711156741957565,0,0,2.833213344056216,3.4339872044851463,0,2.2614647501711156,0.06297056810403832,803,2.198494182067077,10.441618772520176,1,3.4280911344913996,5.147187643731646,5.632481386552223,2,803.0,6.6895992691789665,0.008320397100968864
1604,EP4269109A2,20231101,1.8337656450803823,2,2,6,0,158,,18,0,0,31.0,9.0,20230929,20240731,1.0,0.0,20231101,2,6,158,0,,,,EP,1,0,0,0,0,0,0,0,0,0,2023,11,793,2.1711156741957565,0,0,5.0689042022202315,2.9444389791664403,0,2.2614647501711156,1.4236824093086926,306,0.837782340862423,33.05671118896431,0,3.600429032580246,4.1030984370976995,3.7822213200288632,1,306.0,5.726847747587197,0.018654227190837775
1605,EP4265705A2,20231025,1.577191833295117,2,2,8,0,48,,27,0,0,23.0,11.0,20230922,20250924,1.0,0.0,20231025,2,8,48,0,,,,EP,1,0,0,0,0,0,0,0,0,0,2023,10,800,2.190280629705681,0,0,3.8918202981106265,3.332204510175204,0,2.2806297056810405,0.2737850787132101,733,2.00684462696783,10.916799324258472,1,3.576514539400239,5.180621315580938,5.339049137143034,2,733.0,6.598509028614515,0.008989794316913508
1606,EP4282482A2,20231129,1.520127170299872,2,2,8,0,38,,89,0,0,15.0,9.0,20231027,20240828,1.0,0.0,20231129,2,8,38,0,,,,EP,1,0,0,0,0,0,0,0,0,0,2023,11,765,2.0944558521560577,0,0,3.6635616461296463,4.499809670330265,0,2.184804928131417,1.3470225872689938,306,0.837782340862423,15.995182833369828,0,4.220012972498031,4.722682377015484,5.3375920111926884,2,306.0,5.726847747587197,0.018654227190837775
1607,EP4282483A2,20231129,1.7445106664160617,2,6,16,0,27,,13,0,0,16.0,9.0,20231027,20240911,1.0,0.0,20231129,6,16,27,0,,,,EP,1,0,0,0,0,0,0,0,0,0,2023,11,765,2.0944558521560577,0,0,3.332204510175204,2.6390573296152584,0,2.184804928131417,1.3086926762491444,320,0.8761122518822724,16.391557394292125,0,3.327945064185217,3.85361241531458,3.515169581497531,1,320.0,5.771441123130016,0.01797956736177575
1608,EP4280039A1,20231122,1.0521766260744743,0,2,8,0,5,,13,0,0,52.0,15.0,20231020,20250917,1.0,1.0,20231122,2,8,5,0,,,,EP,1,0,0,0,0,0,0,0,0,0,2023,11,772,2.113620807665982,0,0,1.791759469228055,2.6390573296152584,0,2.2039698836413417,0.2929500342231348,698,1.9110198494182067,25.857526973213982,1,2.635611023843629,4.182222933494553,4.550077179033465,1,698.0,6.54965074223381,0.009370029674154234
1609,EP4270329A2,20231101,1.5139117298761597,2,2,14,0,27,,12,0,0,20.0,11.0,20230929,20251105,1.0,0.0,20231101,2,14,27,0,,,,EP,1,0,0,0,0,0,0,0,0,0,2023,11,793,2.1711156741957565,0,0,3.332204510175204,2.5649493574615367,0,2.2614647501711156,0.15879534565366188,768,2.102669404517454,9.079891861657499,1,3.052881344353082,4.714482987063555,4.667618761978991,2,768.0,6.645090969505644,0.008641210623544402
1610,EP4268758A2,20231101,1.3927822543354051,2,2,16,0,15,,27,0,0,19.0,10.0,20230929,20250115,1.0,0.0,20231101,2,16,15,0,,,,EP,1,0,0,0,0,0,0,0,0,0,2023,11,793,2.1711156741957565,0,0,2.772588722239781,3.332204510175204,0,2.2614647501711156,0.9637234770704997,474,1.297741273100616,13.593359776700455,1,3.3921049604405273,4.570749724300898,4.6299457832758195,2,474.0,6.163314804034641,0.01297539958744135
1611,EP4269754A2,20231101,1.175833091435957,0,2,4,0,13,,5,0,0,16.0,9.0,20230929,20241106,1.0,0.0,20231101,2,4,13,0,,,,EP,1,0,0,0,0,0,0,0,0,0,2023,11,793,2.1711156741957565,0,0,2.6390573296152584,1.791759469228055,0,2.2614647501711156,1.1553730321697468,404,1.106091718001369,13.265989444412915,0,2.2508887729727896,2.914543803773611,2.897851187229424,0,404.0,6.003887067106539,0.014824412511374169
1612,EP4268850A1,20231101,1.4759361344569208,2,2,6,0,37,,39,0,0,38.0,12.0,20230929,20251029,1.0,0.0,20231101,2,6,37,0,,,,EP,1,0,0,0,0,0,0,0,0,0,2023,11,793,2.1711156741957565,0,0,3.6375861597263857,3.6888794541139363,0,2.2614647501711156,0.17796030116358658,761,2.083504449007529,17.403216200119118,1,3.6892638069252826,5.3393664763298005,5.772383903121465,2,761.0,6.635946555686647,0.00870859128042867
1613,EP4269579A2,20231101,1.2243720950461965,1,2,4,0,16,,26,0,0,19.0,12.0,20230929,20251224,1.0,0.0,20231101,2,4,16,0,,,,EP,1,0,0,0,0,0,0,0,0,0,2023,11,793,2.1711156741957565,0,0,2.833213344056216,3.295836866004329,0,2.2614647501711156,0.024640657084188913,817,2.236824093086927,8.130693301309275,1,3.201874214648794,4.943968670500951,5.532660959091256,2,817.0,6.706862336602747,0.008199098211005803
1614,EP4270659A2,20231101,1.432156089125837,2,2,12,0,21,,7,0,0,36.0,13.0,20230929,20251231,1.0,0.0,20231101,2,12,21,0,,,,EP,1,0,0,0,0,0,0,0,0,0,2023,11,793,2.1711156741957565,0,0,3.091042453358316,2.0794415416798357,0,2.2614647501711156,0.0054757015742642025,824,2.2559890485968515,15.28020685046919,1,2.679821014133738,4.433414443291849,4.335430590276687,2,824.0,6.715383386334681,0.008139858650102643
1615,EP4274191A2,20231108,1.2891325339993656,1,2,6,0,17,,7,0,0,18.0,12.0,20231006,20251105,1.0,0.0,20231108,2,6,17,0,,,,EP,1,0,0,0,0,0,0,0,0,0,2023,11,786,2.1519507186858315,0,0,2.8903717578961645,2.0794415416798357,0,2.242299794661191,0.15879534565366188,761,2.083504449007529,8.243628726372215,1,2.536797459007267,4.186900128411785,4.162945990687365,1,761.0,6.635946555686647,0.00870859128042867
1616,EP4276227A2,20231115,1.2099836363352945,0,2,10,0,9,,8,0,0,15.0,9.0,20231013,20240731,1.0,0.0,20231115,2,10,9,0,,,,EP,1,0,0,0,0,0,0,0,0,0,2023,11,779,2.132785763175907,0,0,2.302585092994046,2.1972245773362196,0,2.223134839151266,1.4236824093086926,292,0.7994524298425736,16.67681302792786,0,2.528318382737026,3.00798984064257,2.996677007178793,0,292.0,5.680172609017068,0.019386254638283508
1617,EP4266113A2,20231025,1.3207877152491925,1,2,4,0,24,,12,0,0,50.0,16.0,20230922,20251215,1.0,0.0,20231025,2,4,24,0,,,,EP,1,0,0,0,0,0,0,0,0,0,2023,10,800,2.190280629705681,0,0,3.2188758248682006,2.5649493574615367,0,2.2806297056810405,0.049281314168377825,815,2.2313483915126624,21.446816006576437,1,2.8597573297261145,4.5985663646337125,4.796297748974199,2,815.0,6.704414354964107,0.008216194062456014
1618,EP4265882A2,20231025,1.3154726629138223,1,2,6,0,19,,13,0,0,25.0,14.0,20230922,20251215,1.0,0.0,20231025,2,6,19,0,,,,EP,1,0,0,0,0,0,0,0,0,0,2023,10,800,2.190280629705681,0,0,2.995732273553991,2.6390573296152584,0,2.2806297056810405,0.049281314168377825,815,2.2313483915126624,10.723408003288219,1,2.898907060682977,4.637716095590575,4.870405721127921,2,815.0,6.704414354964107,0.008216194062456014
1619,EP4265881A2,20231025,1.3154726629138223,1,2,6,0,19,,13,0,0,15.0,10.0,20230922,20250409,1.0,0.0,20231025,2,6,19,0,,,,EP,1,0,0,0,0,0,0,0,0,0,2023,10,800,2.190280629705681,0,0,2.995732273553991,2.6390573296152584,0,2.2806297056810405,0.7337440109514032,565,1.5468856947296372,9.10810024521009,1,2.898907060682977,4.22703847752076,4.185943024344896,1,565.0,6.338594078203183,0.011198929466790077
1620,EP4283882A2,20231129,1.3504131485076118,1,2,6,0,22,,24,0,0,10.0,8.0,20231027,20241002,1.0,0.0,20231129,2,6,22,0,,,,EP,1,0,0,0,0,0,0,0,0,0,2023,11,765,2.0944558521560577,0,0,3.1354942159291497,3.2188758248682006,0,2.184804928131417,1.2511978097193703,341,0.9336071184120466,9.674855969803325,0,3.281738643428532,3.84190291447576,4.152482943280247,1,341.0,5.834810737062605,0.01706085010837019
1621,EP4265183A1,20231025,1.3353246500812714,1,2,2,0,35,,12,0,0,53.0,20.0,20230922,20251029,1.0,1.0,20231025,2,2,35,0,,,,EP,1,0,0,0,0,0,0,0,0,0,2023,10,800,2.190280629705681,0,0,3.58351893845611,2.5649493574615367,0,2.2806297056810405,0.17796030116358658,768,2.102669404517454,24.061713433392374,1,2.8742942645581935,4.535895907268666,4.667618761978991,2,768.0,6.645090969505644,0.008641210623544402
1622,EP4290789A2,20231213,1.1158457388593792,0,2,6,0,8,,11,0,0,15.0,9.0,20231110,20241023,1.0,0.0,20231213,2,6,8,0,,,,EP,1,0,0,0,0,0,0,0,0,0,2023,12,751,2.0561259411362083,0,0,2.1972245773362196,2.4849066497880004,0,2.1464750171115674,1.1937029431895962,348,0.9527720739219713,14.248098303101228,0,2.6067897287321795,3.178452973085362,3.4376787237099715,0,348.0,5.855071922202427,0.016776710378803517
1623,EP4296827A1,20231227,1.5007713387867145,2,2,10,0,31,,16,0,0,9.0,7.0,20231124,20250521,1.0,0.0,20231227,2,10,31,0,,,,EP,1,0,0,0,0,0,0,0,0,0,2023,12,737,2.0177960301163584,0,0,3.4657359027997265,2.833213344056216,0,2.108145106091718,0.6187542778918549,544,1.4893908281998631,5.662546832608414,1,3.2006993452204444,4.494333842140363,4.32260417225608,2,544.0,6.300785794663244,0.011561074852593108
1624,EP4286824A2,20231206,1.2454740981328447,1,2,8,0,12,,19,0,0,13.0,10.0,20231103,20251105,1.0,0.0,20231206,2,8,12,0,,,,EP,1,0,0,0,0,0,0,0,0,0,2023,12,758,2.0752908966461328,0,0,2.5649493574615367,2.995732273553991,0,2.1656399726214923,0.15879534565366188,733,2.00684462696783,6.170364835450441,1,3.042913462265239,4.647020238445937,5.002576900521821,2,733.0,6.598509028614515,0.008989794316913508
1625,EP4266724A2,20231025,1.2812493090430128,1,2,8,0,14,,12,0,0,13.0,8.0,20230922,20231227,1.0,0.0,20231025,2,8,14,0,,,,EP,1,0,0,0,0,0,0,0,0,0,2023,10,800,2.190280629705681,0,0,2.70805020110221,2.5649493574615367,0,2.2806297056810405,2.0177960301163584,96,0.26283367556468173,35.82908885116016,0,2.820218923519935,2.977919128858744,2.8277830330262184,0,96.0,4.574710978503383,0.04716196885055034
1626,EP4266726A2,20231025,1.2812493090430128,1,2,8,0,14,,12,0,0,13.0,8.0,20230922,20240124,1.0,0.0,20231025,2,8,14,0,,,,EP,1,0,0,0,0,0,0,0,0,0,2023,10,800,2.190280629705681,0,0,2.70805020110221,2.5649493574615367,0,2.2806297056810405,1.9411362080766599,124,0.3394934976043806,29.579504750038932,0,2.820218923519935,3.023915022082563,2.904442855065917,0,124.0,4.8283137373023015,0.03862650989841841
1627,EP4287031A2,20231206,1.2999423130144299,1,2,4,0,22,,11,0,0,28.0,15.0,20231103,20251210,1.0,0.0,20231206,2,4,22,0,,,,EP,1,0,0,0,0,0,0,0,0,0,2023,12,758,2.0752908966461328,0,0,3.1354942159291497,2.4849066497880004,0,2.1656399726214923,0.06297056810403832,768,2.102669404517454,12.7118486063205,1,2.79088630288723,4.452487945597703,4.587576054305455,2,768.0,6.645090969505644,0.008641210623544402
1628,EP4266725A2,20231025,1.2812493090430128,1,2,8,0,14,,12,0,0,13.0,8.0,20230922,20240117,1.0,0.0,20231025,2,8,14,0,,,,EP,1,0,0,0,0,0,0,0,0,0,2023,10,800,2.190280629705681,0,0,2.70805020110221,2.5649493574615367,0,2.2806297056810405,1.9603011635865846,117,0.3203285420944558,30.928187591597464,0,2.820218923519935,3.0124160487766085,2.8852778995559927,0,117.0,4.770684624465665,0.04042953071581072
1629,EP4270260A2,20231101,1.0530171317891528,0,2,6,0,6,,7,0,0,11.0,9.0,20230929,20240710,1.0,0.0,20231101,2,6,6,0,,,,EP,1,0,0,0,0,0,0,0,0,0,2023,11,793,2.1711156741957565,0,0,1.9459101490553132,2.0794415416798357,0,2.2614647501711156,1.4811772758384667,285,0.7802874743326489,12.495917891299277,0,2.3006820567970543,2.7688545413966437,2.8597290160124844,0,285.0,5.655991810819852,0.019776195142726757
1630,EP4270822A2,20231101,1.330592893537513,1,2,4,0,25,,20,0,0,56.0,15.0,20230929,20251028,1.0,0.0,20231101,2,4,25,0,,,,EP,1,0,0,0,0,0,0,0,0,0,2023,11,793,2.1711156741957565,0,0,3.258096538021482,3.044522437723423,0,2.2614647501711156,0.1806981519507187,760,2.080766598220397,25.67904334452779,1,3.157306356171567,4.8057663151038055,5.12528903594382,2,760.0,6.634633357861686,0.008718309274456881
1631,EP4270998A2,20231101,1.3268296982415015,1,2,8,0,17,,18,0,0,12.0,9.0,20230929,20240703,1.0,0.0,20231101,2,8,17,0,,,,EP,1,0,0,0,0,0,0,0,0,0,2023,11,793,2.1711156741957565,0,0,2.8903717578961645,2.9444389791664403,0,2.2614647501711156,1.5003422313483916,278,0.7611225188227242,13.93529926079008,0,3.0934930857413656,3.550166597035,3.7055614979891645,0,278.0,5.631211781821365,0.02018355477355328
1632,EP4273806A2,20231108,1.367837932143321,1,2,2,0,40,,9,0,0,24.0,10.0,20231006,20251224,1.0,0.0,20231108,2,2,40,0,,,,EP,1,0,0,0,0,0,0,0,0,0,2023,11,786,2.1519507186858315,0,0,3.713572066704308,2.302585092994046,0,2.242299794661191,0.024640657084188913,810,2.217659137577002,10.355275981217329,1,2.7493889879397484,4.47998447048595,4.520244230571048,2,810.0,6.698268054115413,0.008259270103718143
1633,EP4284084A2,20231129,1.3125400947815145,1,2,8,0,16,,11,0,0,14.0,8.0,20231027,20250101,1.0,0.0,20231129,2,8,16,0,,,,EP,1,0,0,0,0,0,0,0,0,0,2023,11,765,2.0944558521560577,0,0,2.833213344056216,2.4849066497880004,0,2.184804928131417,1.002053388090349,432,1.1827515400410678,10.914038738594524,0,2.8034840846543148,3.5131350086789555,3.6676581898290683,0,432.0,6.07073772800249,0.01402017951039836
1634,EP4270166A2,20231101,1.5671597920964564,2,2,2,0,90,,25,0,0,9.0,7.0,20230929,20240612,1.0,0.0,20231101,2,2,90,0,,,,EP,1,0,0,0,0,0,0,0,0,0,2023,11,793,2.1711156741957565,0,0,4.51085950651685,3.258096538021482,0,2.2614647501711156,1.5578370978781657,257,0.70362765229295,11.199216421088494,0,3.522017714909346,3.944194306285116,3.961724190314432,1,257.0,5.552959584921617,0.021523099166362858
1635,EP4273986A2,20231108,1.4089557149845104,2,2,8,0,24,,14,0,0,55.0,16.0,20231006,20251029,1.0,0.0,20231108,2,8,24,0,,,,EP,1,0,0,0,0,0,0,0,0,0,2023,11,786,2.1519507186858315,0,0,3.2188758248682006,2.70805020110221,0,2.242299794661191,0.17796030116358658,754,2.0643394934976045,25.411909806773977,1,3.0337858356458365,4.6723895317443995,4.7723896945998145,2,754.0,6.626717749249025,0.008777109601654337
1636,EP4265094A2,20231025,1.5624507334863993,2,2,14,0,33,,17,0,0,13.0,8.0,20230922,20240117,1.0,0.0,20231025,2,14,33,0,,,,EP,1,0,0,0,0,0,0,0,0,0,2023,10,800,2.190280629705681,0,0,3.5263605246161616,2.8903717578961645,0,2.2806297056810405,1.9603011635865846,117,0.3203285420944558,30.928187591597464,0,3.2966737882240977,3.4888709134807714,3.2107002999906205,0,117.0,4.770684624465665,0.04042953071581072
1637,EP4285743A2,20231206,1.1240971441874192,0,2,8,0,7,,22,0,0,11.0,9.0,20231103,20240828,1.0,0.0,20231206,2,8,7,0,,,,EP,1,0,0,0,0,0,0,0,0,0,2023,12,758,2.0752908966461328,0,0,2.0794415416798357,3.1354942159291497,0,2.1656399726214923,1.3470225872689938,299,0.8186173853524983,11.974517547127636,0,3.005393673744909,3.496564104956408,3.9541116012816477,0,299.0,5.703782474656201,0.019012608248854004
1638,EP4284036A2,20231129,1.091715032280654,0,2,4,0,9,,5,0,0,44.0,16.0,20231027,20251215,1.0,0.0,20231129,2,4,9,0,,,,EP,1,0,0,0,0,0,0,0,0,0,2023,11,765,2.0944558521560577,0,0,2.302585092994046,1.791759469228055,0,2.184804928131417,0.049281314168377825,780,2.135523613963039,19.682189767612748,1,2.1667707138174865,3.84808488219531,3.927283083191094,1,780.0,6.660575149839686,0.008528265236670532
1639,EP4283669A2,20231129,1.2254634212144606,1,2,8,0,11,,6,0,0,14.0,10.0,20231027,20251001,1.0,0.0,20231129,2,8,11,0,,,,EP,1,0,0,0,0,0,0,0,0,0,2023,11,765,2.0944558521560577,0,0,2.4849066497880004,1.9459101490553132,0,2.184804928131417,0.2546201232032854,705,1.9301848049281314,6.8959239405279655,1,2.3930095106476488,3.9511203936045276,3.8760949539834444,1,705.0,6.559615237493242,0.009291239713163231
1640,EP4283668A2,20231129,1.2254634212144606,1,2,8,0,11,,6,0,0,14.0,10.0,20231027,20251001,1.0,0.0,20231129,2,8,11,0,,,,EP,1,0,0,0,0,0,0,0,0,0,2023,11,765,2.0944558521560577,0,0,2.4849066497880004,1.9459101490553132,0,2.184804928131417,0.2546201232032854,705,1.9301848049281314,6.8959239405279655,1,2.3930095106476488,3.9511203936045276,3.8760949539834444,1,705.0,6.559615237493242,0.009291239713163231
1641,EP4297498A2,20231227,1.302087264779359,1,2,14,0,11,,9,0,0,14.0,9.0,20231124,20250723,1.0,0.0,20231227,2,14,11,0,,,,EP,1,0,0,0,0,0,0,0,0,0,2023,12,737,2.0177960301163584,0,0,2.4849066497880004,2.302585092994046,0,2.108145106091718,0.4462696783025325,607,1.6618754277891854,7.94607824093858,1,2.6836383205757866,4.080763577249298,3.9644605207832315,1,607.0,6.410174881966167,0.010543050792707512
1642,EP4266796A2,20231025,1.2596867750852696,1,2,6,0,15,,13,0,0,12.0,9.0,20230922,20240710,1.0,0.0,20231025,2,6,15,0,,,,EP,1,0,0,0,0,0,0,0,0,0,2023,10,800,2.190280629705681,0,0,2.772588722239781,2.6390573296152584,0,2.2806297056810405,1.4811772758384667,292,0.7994524298425736,13.341450422342287,0,2.8431211728544246,3.3227926307599684,3.438509759457832,0,292.0,5.680172609017068,0.019386254638283508
1643,EP4283285A2,20231129,1.2596867750852696,1,2,6,0,15,,7,0,0,16.0,10.0,20231027,20251022,1.0,0.0,20231129,2,6,15,0,,,,EP,1,0,0,0,0,0,0,0,0,0,2023,11,765,2.0944558521560577,0,0,2.772588722239781,2.0794415416798357,0,2.184804928131417,0.1971252566735113,726,1.9876796714579055,7.664011016032262,1,2.507351700093171,4.099959502967915,4.067121213137741,1,726.0,6.588926477533519,0.009063172596332214
1644,EP4270653A2,20231101,1.2454740981328447,1,2,8,0,12,,7,0,0,26.0,13.0,20230929,20251231,1.0,0.0,20231101,2,8,12,0,,,,EP,1,0,0,0,0,0,0,0,0,0,2023,11,793,2.1711156741957565,0,0,2.5649493574615367,2.0794415416798357,0,2.2614647501711156,0.0054757015742642025,824,2.2559890485968515,11.035704947561081,1,2.4931390231407464,4.246732452298858,4.335430590276687,1,824.0,6.715383386334681,0.008139858650102643
1645,EP4268973A2,20231101,1.366022213603543,1,3,10,0,13,,9,0,0,27.0,13.0,20230929,20251224,1.0,0.0,20231101,3,10,13,0,,,,EP,1,0,0,0,0,0,0,0,0,0,2023,11,793,2.1711156741957565,0,0,2.6390573296152584,2.302585092994046,0,2.2614647501711156,0.024640657084188913,817,2.236824093086927,11.554143112386864,1,2.7475732693999704,4.489667725252127,4.539409186080973,2,817.0,6.706862336602747,0.008199098211005803
1646,EP4270077A2,20231101,1.2771993684629983,1,2,4,0,20,,13,0,0,25.0,11.0,20230929,20251217,1.0,0.0,20231101,2,4,20,0,,,,EP,1,0,0,0,0,0,0,0,0,0,2023,11,793,2.1711156741957565,0,0,3.044522437723423,2.6390573296152584,0,2.2614647501711156,0.04380561259411362,810,2.217659137577002,10.786745813768052,1,2.8606337662321533,4.591229248778355,4.8567164671922605,2,810.0,6.698268054115413,0.008259270103718143
1647,EP4275620A2,20231115,1.2051901658090522,0,2,3,0,17,,10,0,0,16.0,11.0,20231013,20250813,1.0,0.0,20231115,2,3,17,0,,,,EP,1,0,0,0,0,0,0,0,0,0,2023,11,779,2.132785763175907,0,0,2.8903717578961645,2.3978952727983707,0,2.223134839151266,0.3887748117727584,670,1.834360027378508,8.27146951629454,1,2.6439273294880747,4.14454334591518,4.232255300176878,1,670.0,6.508769136971682,0.009700103035725308
1648,EP4271065A2,20231101,1.374565560153429,1,2,4,0,30,,13,0,0,10.0,8.0,20230929,20241113,1.0,0.0,20231101,2,4,30,0,,,,EP,1,0,0,0,0,0,0,0,0,0,2023,11,793,2.1711156741957565,0,0,3.4339872044851463,2.6390573296152584,0,2.2614647501711156,1.136208076659822,411,1.1252566735112937,8.16155522037875,0,2.957999957922584,3.6331539620293603,3.764314003126552,0,411.0,6.021023349349527,0.014614134343081375
1649,EP4279128A2,20231122,1.4810869493480099,2,2,22,0,18,,15,0,0,17.0,10.0,20231020,20250917,1.0,0.0,20231122,2,22,18,0,,,,EP,1,0,0,0,0,0,0,0,0,0,2023,11,772,2.113620807665982,0,0,2.9444389791664403,2.772588722239781,0,2.2039698836413417,0.2929500342231348,698,1.9110198494182067,8.453422279704572,1,3.1446401826918784,4.691252092342802,4.683608571657988,2,698.0,6.54965074223381,0.009370029674154234
1650,EP4269482A2,20231101,1.175554660258854,0,2,2,0,18,,8,0,0,17.0,10.0,20230929,20240925,1.0,0.0,20231101,2,2,18,0,,,,EP,1,0,0,0,0,0,0,0,0,0,2023,11,793,2.1711156741957565,0,0,2.9444389791664403,2.1972245773362196,0,2.2614647501711156,1.270362765229295,362,0.9911019849418207,15.580578382786525,0,2.4938894066605855,3.088550597625678,3.18832656227804,0,362.0,5.8944028342648505,0.01623802433681777
1651,EP4266381A2,20231025,1.3154726629138223,1,4,6,0,11,,8,0,0,12.0,9.0,20230922,20251015,1.0,0.0,20231025,4,6,11,0,,,,EP,1,0,0,0,0,0,0,0,0,0,2023,10,800,2.190280629705681,0,0,2.4849066497880004,2.1972245773362196,0,2.2806297056810405,0.216290212183436,754,2.0643394934976045,5.544416685114323,1,2.633807409315554,4.2724111054141165,4.261564070833824,1,754.0,6.626717749249025,0.008777109601654337
1652,EP4266277A2,20231025,1.2539690499726144,1,2,2,0,25,,10,0,0,57.0,15.0,20230922,20251128,1.0,1.0,20231025,2,2,25,0,,,,EP,1,0,0,0,0,0,0,0,0,0,2023,10,800,2.190280629705681,0,0,3.258096538021482,2.3978952727983707,0,2.2806297056810405,0.09582477754962354,798,2.184804928131417,24.947425181989754,1,2.6927062136516366,4.403589170530487,4.5827002009297875,2,798.0,6.683360945766275,0.00836465700346217
1653,EP4270015A2,20231101,1.2254634212144606,1,2,8,0,11,,14,0,0,40.0,16.0,20230929,20251215,1.0,0.0,20231101,2,8,11,0,,,,EP,1,0,0,0,0,0,0,0,0,0,2023,11,793,2.1711156741957565,0,0,2.4849066497880004,2.70805020110221,0,2.2614647501711156,0.049281314168377825,808,2.212183436002738,17.299665492436574,1,2.8502935418757867,4.57760360347743,4.920233637104948,2,808.0,6.695798917058491,0.008276636485857221
1654,EP4266691A2,20231025,1.3491198865759433,1,2,4,0,27,,9,0,0,20.0,9.0,20230922,20240724,1.0,0.0,20231025,2,4,27,0,,,,EP,1,0,0,0,0,0,0,0,0,0,2023,10,800,2.190280629705681,0,0,3.332204510175204,2.302585092994046,0,2.2806297056810405,1.4428473648186173,306,0.837782340862423,21.326910444493105,0,2.7306709423723707,3.2333403468898245,3.140367433856469,0,306.0,5.726847747587197,0.018654227190837775
1655,EP4273132A2,20231108,1.6433975027598735,2,2,14,0,46,,24,0,0,12.0,9.0,20231006,20240814,1.0,0.0,20231108,2,14,46,0,,,,EP,1,0,0,0,0,0,0,0,0,0,2023,11,786,2.1519507186858315,0,0,3.8501476017100584,3.2188758248682006,0,2.242299794661191,1.3853524982888432,313,0.8569472963723477,12.53987554538302,0,3.5747229976807935,4.088891375504202,4.075823121240548,1,313.0,5.749392985908253,0.018310168744930744
1656,EP4293800A1,20231220,1.2092159395920876,0,2,4,0,15,,5,0,0,15.0,9.0,20230912,20251105,1.0,0.0,20231220,2,4,15,0,,,,EP,1,0,0,0,0,0,0,0,0,0,2023,12,744,2.0369609856262834,0,0,2.772588722239781,1.791759469228055,0,2.308008213552361,0.15879534565366188,785,2.1492128678986995,6.668999726119107,1,2.2842716211289202,3.97379934186814,3.9409723371267544,1,785.0,6.666956792429207,0.00848213332370128
1657,EP4292692A1,20231220,1.745000177209362,2,4,10,0,50,,19,0,0,10.0,8.0,20230912,20250806,1.0,0.0,20231220,4,10,50,0,,,,EP,1,0,0,0,0,0,0,0,0,0,2023,12,744,2.0369609856262834,0,0,3.9318256327243257,2.995732273553991,0,2.308008213552361,0.4079397672826831,694,1.9000684462696784,4.9998288901817185,1,3.542439541341756,5.0824806091035635,4.8958007198236695,2,694.0,6.543911845564792,0.009415700497215528
1658,EP4293489A1,20231220,1.2092159395920876,0,2,4,0,15,,5,0,0,26.0,15.0,20230912,20251210,1.0,0.0,20231220,2,4,15,0,,,,EP,1,0,0,0,0,0,0,0,0,0,2023,12,744,2.0369609856262834,0,0,2.772588722239781,1.791759469228055,0,2.308008213552361,0.06297056810403832,820,2.245037645448323,11.087242053647003,1,2.2842716211289202,4.031294208397914,4.036797114676379,1,820.0,6.710523109452428,0.008173596966446319
1659,EP4296390A1,20231227,1.0359291444521013,0,2,4,0,7,,7,0,0,53.0,19.0,20230912,20251223,1.0,0.0,20231227,2,4,7,0,,,,EP,1,0,0,0,0,0,0,0,0,0,2023,12,737,2.0177960301163584,0,0,2.0794415416798357,2.0794415416798357,0,2.308008213552361,0.02737850787132101,833,2.2806297056810405,22.263017164543857,1,2.283594069460003,4.051971892868628,4.360071247360876,1,833.0,6.726233402358747,0.00806502806038219
1660,EP4269059A2,20231101,1.645911622909402,2,4,6,0,44,,6,0,0,28.0,7.0,20230929,20241127,1.0,0.0,20231101,4,6,44,0,,,,EP,1,0,0,0,0,0,0,0,0,0,2023,11,793,2.1711156741957565,0,0,3.8066624897703196,1.9459101490553132,0,2.2614647501711156,1.0978781656399725,425,1.163586584531143,22.159146308433993,0,2.81345771234259,3.5116096630612756,3.1094967335864565,0,425.0,6.054439346269371,0.014212298934904626
1661,EP4266545A2,20231025,1.2888293723717215,1,2,4,0,21,,9,0,0,9.0,7.0,20230922,20240731,1.0,0.0,20231025,2,4,21,0,,,,EP,1,0,0,0,0,0,0,0,0,0,2023,10,800,2.190280629705681,0,0,3.091042453358316,2.302585092994046,0,2.2806297056810405,1.4236824093086926,313,0.8569472963723477,9.404906659037266,0,2.6703804281681487,3.1845488059915574,3.159532389366394,0,313.0,5.749392985908253,0.018310168744930744
1662,EP4270383A2,20231101,1.3881103127497478,2,2,8,0,22,,9,0,0,16.0,10.0,20230929,20250827,1.0,0.0,20231101,2,8,22,0,,,,EP,1,0,0,0,0,0,0,0,0,0,2023,11,793,2.1711156741957565,0,0,3.1354942159291497,2.302585092994046,0,2.2614647501711156,0.35044490075290896,698,1.9110198494182067,7.956162145604303,1,2.769661368546175,4.316273278197099,4.213604942412252,2,698.0,6.54965074223381,0.009370029674154234
1663,EP4276012A2,20231115,0.8873847827742576,0,2,2,0,5,,6,0,0,14.0,10.0,20231013,20250917,1.0,0.0,20231115,2,2,5,0,,,,EP,1,0,0,0,0,0,0,0,0,0,2023,11,779,2.132785763175907,0,0,1.791759469228055,1.9459101490553132,0,2.223134839151266,0.2929500342231348,705,1.9301848049281314,6.8959239405279655,1,2.0549308722074455,3.6130417551643244,3.8760949539834444,0,705.0,6.559615237493242,0.009291239713163231
1664,EP4265522A2,20231025,0.9887510598012987,0,2,2,0,8,,7,0,0,10.0,7.0,20230922,20241211,1.0,0.0,20231025,2,2,8,0,,,,EP,1,0,0,0,0,0,0,0,0,0,2023,10,800,2.190280629705681,0,0,2.1972245773362196,2.0794415416798357,0,2.2806297056810405,1.0595482546201231,446,1.2210814510609171,7.56955598155536,0,2.2364159848092005,2.9690648554457506,3.3005229927407527,0,446.0,6.102558594613569,0.013652256363788745
1665,EP4287750A2,20231206,1.147748251481298,0,2,2,0,16,,12,0,0,42.0,18.0,20231103,20251205,1.0,1.0,20231206,2,2,16,0,,,,EP,1,0,0,0,0,0,0,0,0,0,2023,12,758,2.0752908966461328,0,0,2.833213344056216,2.5649493574615367,0,2.1656399726214923,0.07665982203969883,763,2.088980150581793,19.187017291516838,1,2.68671786595822,4.340105956307296,4.65392950804333,2,763.0,6.638567789166521,0.00868922485493
1666,EP4265529A2,20231025,1.3406249347361734,1,2,14,0,13,,7,0,0,11.0,8.0,20230922,20241218,1.0,0.0,20231025,2,14,13,0,,,,EP,1,0,0,0,0,0,0,0,0,0,2023,10,800,2.190280629705681,0,0,2.6390573296152584,2.0794415416798357,0,2.2806297056810405,1.0403832991101984,453,1.2402464065708418,8.207445993565191,0,2.5882898597440747,3.3324377036865798,3.3196879482506776,0,453.0,6.118097198041348,0.013475985017712222
1667,EP4278893A2,20231122,1.4692690726863806,2,2,6,0,36,,27,0,0,26.0,9.0,20231020,20250108,1.0,0.0,20231122,2,6,36,0,,,,EP,1,0,0,0,0,0,0,0,0,0,2023,11,772,2.113620807665982,0,0,3.6109179126442243,3.332204510175204,0,2.2039698836413417,0.9828884325804244,446,1.2210814510609171,19.680845552043934,1,3.468591778791503,4.601240649428053,4.553285961236121,2,446.0,6.102558594613569,0.013652256363788745
1668,EP4268929A2,20231101,1.115542577231735,0,2,4,0,10,,8,0,0,21.0,10.0,20230929,20241120,1.0,0.0,20231101,2,4,10,0,,,,EP,1,0,0,0,0,0,0,0,0,0,2023,11,793,2.1711156741957565,0,0,2.3978952727983707,2.1972245773362196,0,2.2614647501711156,1.1170431211498972,418,1.1444216290212184,16.8753093889225,0,2.4338773236334665,3.1205303010461973,3.3416462063574377,0,418.0,6.037870919922137,0.014410193126305816
1669,EP4265992A2,20231025,1.3881103127497478,2,2,8,0,22,,18,0,0,49.0,16.0,20230922,20251215,1.0,0.0,20231025,2,8,22,0,,,,EP,1,0,0,0,0,0,0,0,0,0,2023,10,800,2.190280629705681,0,0,3.1354942159291497,2.9444389791664403,0,2.2806297056810405,0.049281314168377825,815,2.2313483915126624,21.017879686444907,1,3.1547737002496117,4.893582735157209,5.175787370679103,2,815.0,6.704414354964107,0.008216194062456014
1670,EP4286730A2,20231206,1.1583204980582287,0,3,6,0,7,,7,0,0,17.0,11.0,20231103,20250723,1.0,0.0,20231206,3,6,7,0,,,,EP,1,0,0,0,0,0,0,0,0,0,2023,12,758,2.0752908966461328,0,0,2.0794415416798357,2.0794415416798357,0,2.1656399726214923,0.4462696783025325,628,1.7193702943189597,9.343892253865542,1,2.40598542306613,3.8376075996575056,3.7988118359987952,1,628.0,6.444131256700441,0.01024504174356191
1671,EP4286731A2,20231206,1.41194849364617,2,3,4,0,26,,8,0,0,47.0,15.0,20231103,20250910,1.0,0.0,20231206,3,4,26,0,,,,EP,1,0,0,0,0,0,0,0,0,0,2023,12,758,2.0752908966461328,0,0,3.295836866004329,2.1972245773362196,0,2.1656399726214923,0.31211498973305957,677,1.8535249828884326,24.059072912651974,1,2.7302832400479016,4.242398229780961,4.050749560224652,1,677.0,6.519147287940395,0.009615261486637751
1672,EP4270471A2,20231101,1.175833091435957,0,2,4,0,13,,13,0,0,59.0,17.0,20230929,20251210,1.0,1.0,20231101,2,4,13,0,,,,EP,1,0,0,0,0,0,0,0,0,0,2023,11,793,2.1711156741957565,0,0,2.6390573296152584,2.6390573296152584,0,2.2614647501711156,0.06297056810403832,803,2.198494182067077,25.668979482445433,1,2.759267489205112,4.478363998445358,4.837551511682335,2,803.0,6.6895992691789665,0.008320397100968864
1673,EP4289443A2,20231213,1.0359291444521013,0,2,4,0,7,,7,0,0,14.0,10.0,20231110,20250917,1.0,0.0,20231213,2,4,7,0,,,,EP,1,0,0,0,0,0,0,0,0,0,2023,12,751,2.0561259411362083,0,0,2.0794415416798357,2.0794415416798357,0,2.1464750171115674,0.2929500342231348,677,1.8535249828884326,7.166532356960162,1,2.283594069460003,3.7957090591930625,3.9329665245682683,1,677.0,6.519147287940395,0.009615261486637751
1674,EP4268676A2,20231101,1.0530171317891528,0,2,6,0,6,,13,0,0,14.0,9.0,20230929,20250730,1.0,0.0,20231101,2,6,6,0,,,,EP,1,0,0,0,0,0,0,0,0,0,2023,11,793,2.1711156741957565,0,0,1.9459101490553132,2.6390573296152584,0,2.2614647501711156,0.4271047227926078,670,1.834360027378508,7.237535826757722,1,2.6364515295583075,4.1370675459854125,4.4734173569937665,1,670.0,6.508769136971682,0.009700103035725308
1675,EP4266418A1,20231025,1.5096948212017969,2,2,12,0,29,,16,0,0,37.0,13.0,20230922,20251029,1.0,0.0,20231025,2,12,29,0,,,,EP,1,0,0,0,0,0,0,0,0,0,2023,10,800,2.190280629705681,0,0,3.4011973816621555,2.833213344056216,0,2.2806297056810405,0.17796030116358658,768,2.102669404517454,16.797799944066373,1,3.2096228276355268,4.871224470345999,4.93588274857367,2,768.0,6.645090969505644,0.008641210623544402
1676,EP4274247A2,20231108,1.2888293723717215,1,2,4,0,21,,8,0,0,16.0,9.0,20231006,20240828,1.0,0.0,20231108,2,4,21,0,,,,EP,1,0,0,0,0,0,0,0,0,0,2023,11,786,2.1519507186858315,0,0,3.091042453358316,2.1972245773362196,0,2.242299794661191,1.3470225872689938,327,0.8952772073921971,16.075923251495773,0,2.6071641187734533,3.1443304432087715,3.092501784728417,0,327.0,5.793013608384144,0.017661626854829707
1677,EP4265928A2,20231025,1.4460607162640788,2,2,8,0,28,,21,0,0,29.0,13.0,20230922,20251118,1.0,0.0,20231025,2,8,28,0,,,,EP,1,0,0,0,0,0,0,0,0,0,2023,10,800,2.190280629705681,0,0,3.367295829986474,3.091042453358316,0,2.2806297056810405,0.12320328542094455,788,2.1574264202600957,12.846487371516934,1,3.3006861882790686,4.995142040435127,5.248468873618412,2,788.0,6.670766320845874,0.00845471016583761
1678,EP4270113A2,20231101,1.2999423130144299,1,2,4,0,22,,16,0,0,23.0,10.0,20230929,20240731,1.0,0.0,20231101,2,4,22,0,,,,EP,1,0,0,0,0,0,0,0,0,0,2023,11,793,2.1711156741957565,0,0,3.1354942159291497,2.833213344056216,0,2.2614647501711156,1.4236824093086926,306,0.837782340862423,24.52594701116707,0,2.9998703194481595,3.5025397239656133,3.670995684918639,0,306.0,5.726847747587197,0.018654227190837775
1679,EP4274272A2,20231108,1.3276702039561803,1,2,6,0,20,,8,0,0,13.0,9.0,20231006,20251217,1.0,0.0,20231108,2,6,20,0,,,,EP,1,0,0,0,0,0,0,0,0,0,2023,11,786,2.1519507186858315,0,0,3.044522437723423,2.1972245773362196,0,2.242299794661191,0.04380561259411362,803,2.198494182067077,5.655876835115095,1,2.646004950357912,4.365101459598159,4.395718759403296,2,803.0,6.6895992691789665,0.008320397100968864
1680,EP4265204A2,20231025,1.3531698271559582,1,2,8,0,19,,8,0,0,14.0,9.0,20230922,20240717,1.0,0.0,20231025,2,8,19,0,,,,EP,1,0,0,0,0,0,0,0,0,0,2023,10,800,2.190280629705681,0,0,2.995732273553991,2.1972245773362196,0,2.2806297056810405,1.462012320328542,299,0.8186173853524983,15.240295059980628,0,2.67150457355769,3.1626750047691887,3.015841962688718,0,299.0,5.703782474656201,0.019012608248854004
1681,EP4268726A2,20231101,1.0065962368759855,0,2,8,0,4,,16,0,0,11.0,9.0,20230929,20240814,1.0,0.0,20231101,2,8,4,0,,,,EP,1,0,0,0,0,0,0,0,0,0,2023,11,793,2.1711156741957565,0,0,1.6094379124341003,2.833213344056216,0,2.2614647501711156,1.3853524982888432,320,0.8761122518822724,11.269195708575836,0,2.7065242433097154,3.2321915944390787,3.7093255959384885,0,320.0,5.771441123130016,0.01797956736177575
1682,EP4274271A2,20231108,1.3276702039561803,1,2,6,0,20,,8,0,0,13.0,9.0,20231006,20251217,1.0,0.0,20231108,2,6,20,0,,,,EP,1,0,0,0,0,0,0,0,0,0,2023,11,786,2.1519507186858315,0,0,3.044522437723423,2.1972245773362196,0,2.242299794661191,0.04380561259411362,803,2.198494182067077,5.655876835115095,1,2.646004950357912,4.365101459598159,4.395718759403296,2,803.0,6.6895992691789665,0.008320397100968864
1683,EP4266604A2,20231025,0.9593053008872028,0,2,2,0,7,,6,0,0,15.0,8.0,20230922,20240117,1.0,0.0,20231025,2,2,7,0,,,,EP,1,0,0,0,0,0,0,0,0,0,2023,10,800,2.190280629705681,0,0,2.0794415416798357,1.9459101490553132,0,2.2806297056810405,1.9603011635865846,117,0.3203285420944558,35.68637029799707,0,2.1268513903203905,2.319048515577064,2.266238691149769,0,117.0,4.770684624465665,0.04042953071581072
1684,EP4270355A2,20231101,1.374565560153429,1,2,4,0,30,,14,0,0,17.0,11.0,20230929,20250416,1.0,0.0,20231101,2,4,30,0,,,,EP,1,0,0,0,0,0,0,0,0,0,2023,11,793,2.1711156741957565,0,0,3.4339872044851463,2.70805020110221,0,2.2614647501711156,0.7145790554414785,565,1.5468856947296372,10.322513611238103,1,2.999395680814755,4.3275270976525375,4.2549358958318475,2,565.0,6.338594078203183,0.011198929466790077
1685,EP4266829A2,20231025,1.1158457388593792,0,2,6,0,8,,5,0,0,36.0,13.0,20230922,20251029,1.0,0.0,20231025,2,6,8,0,,,,EP,1,0,0,0,0,0,0,0,0,0,2023,10,800,2.190280629705681,0,0,2.1972245773362196,1.791759469228055,0,2.2806297056810405,0.17796030116358658,768,2.102669404517454,16.343805350983498,1,2.1909014203962123,3.8525030631066843,3.894428873745509,1,768.0,6.645090969505644,0.008641210623544402
1686,EP4282451A2,20231129,1.747048759282066,2,2,16,0,65,,50,0,0,13.0,9.0,20231027,20240925,1.0,0.0,20231129,2,16,65,0,,,,EP,1,0,0,0,0,0,0,0,0,0,2023,11,765,2.0944558521560577,0,0,4.189654742026425,3.9318256327243257,0,2.184804928131417,1.270362765229295,334,0.9144421629021219,12.81492476890898,0,4.106144138916662,4.654809436657935,4.8462677956264475,2,334.0,5.814130531825066,0.01735561352783602
1687,EP4282975A2,20231129,1.5952765499719388,2,2,22,0,29,,22,0,0,17.0,9.0,20231027,20241002,1.0,0.0,20231129,2,22,29,0,,,,EP,1,0,0,0,0,0,0,0,0,0,2023,11,765,2.0944558521560577,0,0,3.4011973816621555,3.1354942159291497,0,2.184804928131417,1.2511978097193703,341,0.9336071184120466,16.44725514866565,0,3.4765730795294285,4.036737350576656,4.069101334341196,1,341.0,5.834810737062605,0.01706085010837019
1688,EP4266815A2,20231025,1.091715032280654,0,2,4,0,9,,11,0,0,21.0,12.0,20230922,20251217,1.0,0.0,20231025,2,4,9,0,,,,EP,1,0,0,0,0,0,0,0,0,0,2023,10,800,2.190280629705681,0,0,2.302585092994046,2.4849066497880004,0,2.2806297056810405,0.04380561259411362,817,2.236824093086927,8.986555754078672,1,2.5826590221534538,4.3247534780056105,4.721730742874927,2,817.0,6.706862336602747,0.008199098211005803
1689,EP4284025A2,20231129,1.2521785038237525,1,2,4,0,18,,7,0,0,17.0,11.0,20231027,20250924,1.0,0.0,20231129,2,4,18,0,,,,EP,1,0,0,0,0,0,0,0,0,0,2023,11,765,2.0944558521560577,0,0,2.9444389791664403,2.0794415416798357,0,2.184804928131417,0.2737850787132101,698,1.9110198494182067,8.453422279704572,1,2.499843428831654,4.046455338482578,3.9904613910980427,1,698.0,6.54965074223381,0.009370029674154234
1690,EP4274109A2,20231108,1.3995907220691253,2,2,6,0,27,,25,0,0,12.0,9.0,20231006,20240807,1.0,0.0,20231108,2,6,27,0,,,,EP,1,0,0,0,0,0,0,0,0,0,2023,11,786,2.1519507186858315,0,0,3.332204510175204,3.258096538021482,0,2.242299794661191,1.404517453798768,306,0.837782340862423,12.796146266695862,0,3.3544486448820146,3.8571180493994683,4.095878878883905,1,306.0,5.726847747587197,0.018654227190837775
1691,EP4265908A2,20231025,1.2435521448008768,1,2,6,0,14,,14,0,0,55.0,17.0,20230922,20251215,1.0,0.0,20231025,2,6,14,0,,,,EP,1,0,0,0,0,0,0,0,0,0,2023,10,800,2.190280629705681,0,0,2.70805020110221,2.70805020110221,0,2.2806297056810405,0.049281314168377825,815,2.2313483915126624,23.591497607234082,1,2.868382265462203,4.6071913003698,4.9393985926148725,2,815.0,6.704414354964107,0.008216194062456014
1692,EP4262251A2,20231018,1.3904988110264067,2,2,6,0,26,,16,0,0,20.0,11.0,20230915,20251217,1.0,0.0,20231018,2,6,26,0,,,,EP,1,0,0,0,0,0,0,0,0,0,2023,10,807,2.209445585215606,0,0,3.295836866004329,2.833213344056216,0,2.299794661190965,0.04380561259411362,824,2.2559890485968515,8.489003805816216,1,3.0904268174601364,4.844020246618248,5.089202392653068,2,824.0,6.715383386334681,0.008139858650102643
1693,EP4269288A2,20231101,1.4298132346417063,2,3,4,0,28,,19,0,0,31.0,16.0,20230929,20251217,1.0,0.0,20231101,3,4,28,0,,,,EP,1,0,0,0,0,0,0,0,0,0,2023,11,793,2.1711156741957565,0,0,3.367295829986474,2.995732273553991,0,2.2614647501711156,0.04380561259411362,810,2.217659137577002,13.375564809072383,1,3.2272525987741005,4.957848081320302,5.213391411130993,2,810.0,6.698268054115413,0.008259270103718143
1694,EP4269283A2,20231101,0.9887510598012987,0,2,2,0,8,,13,0,0,18.0,11.0,20230929,20250820,1.0,0.0,20231101,2,2,8,0,,,,EP,1,0,0,0,0,0,0,0,0,0,2023,11,793,2.1711156741957565,0,0,2.1972245773362196,2.6390573296152584,0,2.2614647501711156,0.36960985626283366,691,1.891854893908282,9.036802859008281,1,2.5721854575704537,4.107298393915423,4.53091222352354,1,691.0,6.539585955617669,0.009450268721990852
1695,EP4269273A2,20231101,0.9259224527310722,0,2,2,0,6,,7,0,0,11.0,8.0,20230929,20250219,1.0,0.0,20231101,2,2,6,0,,,,EP,1,0,0,0,0,0,0,0,0,0,2023,11,793,2.1711156741957565,0,0,1.9459101490553132,2.0794415416798357,0,2.2614647501711156,0.8678986995208761,509,1.3935660506502396,7.364923697355757,1,2.173587377738974,3.4097270081291176,3.4730075923300756,0,509.0,6.234410725718371,0.012224334756310531
1696,EP4269685A2,20231101,1.5696976177047124,2,2,14,0,34,,14,0,0,20.0,8.0,20230929,20241204,1.0,0.0,20231101,2,14,34,0,,,,EP,1,0,0,0,0,0,0,0,0,0,2023,11,793,2.1711156741957565,0,0,3.5553480614894135,2.70805020110221,0,2.2614647501711156,1.0787132101300478,432,1.1827515400410678,15.591483912277893,0,3.1945277383660384,3.904178662390679,3.890801741143278,1,432.0,6.07073772800249,0.01402017951039836
1697,EP4273522A2,20231108,1.3364080260618105,1,2,12,0,14,,14,0,0,31.0,12.0,20231006,20251129,1.0,0.0,20231108,2,12,14,0,,,,EP,1,0,0,0,0,0,0,0,0,0,2023,11,786,2.1519507186858315,0,0,2.70805020110221,2.70805020110221,0,2.242299794661191,0.09308692676249145,785,2.1492128678986995,13.78259943397949,1,2.9612381467231366,4.650765867462357,4.8572630690009095,2,785.0,6.666956792429207,0.00848213332370128
1698,EP4269065A2,20231101,1.2891325339993656,1,2,6,0,17,,8,0,0,53.0,19.0,20230929,20251215,1.0,0.0,20231101,2,6,17,0,,,,EP,1,0,0,0,0,0,0,0,0,0,2023,11,793,2.1711156741957565,0,0,2.8903717578961645,2.1972245773362196,0,2.2614647501711156,0.049281314168377825,808,2.212183436002738,22.922056777478463,1,2.607467280401097,4.33477734200274,4.4094080133389575,2,808.0,6.695798917058491,0.008276636485857221
1699,EP4282345A2,20231129,1.1240971441874192,0,2,8,0,7,,6,0,0,11.0,8.0,20231027,20241023,1.0,0.0,20231129,2,8,7,0,,,,EP,1,0,0,0,0,0,0,0,0,0,2023,11,765,2.0944558521560577,0,0,2.0794415416798357,1.9459101490553132,0,2.184804928131417,1.1937029431895962,362,0.9911019849418207,10.081550718273634,0,2.291643233620607,2.8863044245856995,2.937012133997134,0,362.0,5.8944028342648505,0.01623802433681777
1700,EP4283400A2,20231129,1.2005755248980996,0,2,2,0,20,,10,0,0,12.0,9.0,20231027,20241002,1.0,0.0,20231129,2,2,20,0,,,,EP,1,0,0,0,0,0,0,0,0,0,2023,11,765,2.0944558521560577,0,0,3.044522437723423,2.3978952727983707,0,2.184804928131417,1.2511978097193703,341,0.9336071184120466,11.609827163763988,0,2.639312688577122,3.1994769596243495,3.3315023912104174,0,341.0,5.834810737062605,0.01706085010837019
1701,EP4265194A2,20231025,1.6566414874273265,2,2,12,0,53,,16,0,0,35.0,16.0,20230922,20251028,1.0,0.0,20231025,2,12,53,0,,,,EP,1,0,0,0,0,0,0,0,0,0,2023,10,800,2.190280629705681,0,0,3.9889840465642745,2.833213344056216,0,2.2806297056810405,0.1806981519507187,767,2.099931553730322,15.909585887184592,1,3.3565694938610564,5.016528426099249,4.933144897786538,2,767.0,6.643789733147672,0.008650767881702699
1702,EP4279004A2,20231122,1.5382349258615826,2,4,7,0,26,,5,0,0,41.0,14.0,20231020,20251022,1.0,0.0,20231122,4,7,26,0,,,,EP,1,0,0,0,0,0,0,0,0,0,2023,11,772,2.113620807665982,0,0,3.295836866004329,1.791759469228055,0,2.2039698836413417,0.1971252566735113,733,2.00684462696783,19.460381404112926,1,2.6132906073984152,4.217397383579113,3.798604096195885,1,733.0,6.598509028614515,0.008989794316913508
1703,EP4270950A2,20231101,1.5409856069402983,2,2,12,0,33,,23,0,0,32.0,11.0,20230929,20240814,1.0,0.0,20231101,2,12,33,0,,,,EP,1,0,0,0,0,0,0,0,0,0,2023,11,793,2.1711156741957565,0,0,3.5263605246161616,3.1780538303479458,0,2.2614647501711156,1.3853524982888432,320,0.8761122518822724,32.78311478858425,0,3.4478179051490656,3.973485256278429,4.054166082230218,1,320.0,5.771441123130016,0.01797956736177575
1704,EP4270944A2,20231101,1.0653749033661972,0,2,4,0,8,,7,0,0,45.0,15.0,20230929,20251029,1.0,0.0,20231101,2,4,8,0,,,,EP,1,0,0,0,0,0,0,0,0,0,2023,11,793,2.1711156741957565,0,0,2.1972245773362196,2.0794415416798357,0,2.2614647501711156,0.17796030116358658,761,2.083504449007529,20.609071815930534,1,2.313039828374099,3.9631424977786165,4.162945990687365,1,761.0,6.635946555686647,0.00870859128042867
1705,EP4265975A2,20231025,1.5158571914566086,2,2,28,0,18,,10,0,0,12.0,9.0,20230922,20241016,1.0,0.0,20231025,2,28,18,0,,,,EP,1,0,0,0,0,0,0,0,0,0,2023,10,800,2.190280629705681,0,0,2.9444389791664403,2.3978952727983707,0,2.2806297056810405,1.212867898699521,390,1.0677618069815196,10.276068225778088,0,2.954594355135631,3.5952514393245427,3.4656570797798905,0,390.0,5.968707559985366,0.015265236726305283
1706,EP4266214A2,20231025,1.2999423130144299,1,2,4,0,22,,12,0,0,11.0,8.0,20230922,20240424,1.0,0.0,20231025,2,4,22,0,,,,EP,1,0,0,0,0,0,0,0,0,0,2023,10,800,2.190280629705681,0,0,3.1354942159291497,2.5649493574615367,0,2.2806297056810405,1.6919917864476386,215,0.5886379192334018,15.973561276215088,0,2.8389119274913517,3.192094679031393,3.1535872766949384,0,215.0,5.375278407684165,0.02488554818372299
1707,EP4268779A2,20231101,1.983933968956715,2,2,22,0,141,,84,0,0,15.0,9.0,20230929,20240717,1.0,0.0,20231101,2,22,141,0,,,,EP,1,0,0,0,0,0,0,0,0,0,2023,11,793,2.1711156741957565,0,0,4.955827057601261,4.442651256490317,0,2.2614647501711156,1.462012320328542,292,0.7994524298425736,16.67681302792786,0,4.649524722850905,5.129196180756449,5.24210368633289,2,292.0,5.680172609017068,0.019386254638283508
1708,EP4268910A2,20231101,1.4671633815105718,2,2,2,0,60,,84,0,0,53.0,18.0,20230929,20251210,1.0,1.0,20231101,2,2,60,0,,,,EP,1,0,0,0,0,0,0,0,0,0,2023,11,793,2.1711156741957565,0,0,4.110873864173311,4.442651256490317,0,2.2614647501711156,0.06297056810403832,803,2.198494182067077,23.058574789315387,1,4.132754135404761,5.851850644645008,6.641145438557394,2,803.0,6.6895992691789665,0.008320397100968864
1709,EP4269321A2,20231101,1.0025462962959708,0,2,4,0,6,,6,0,0,19.0,10.0,20230929,20251224,1.0,0.0,20231101,2,4,6,0,,,,EP,1,0,0,0,0,0,0,0,0,0,2023,11,793,2.1711156741957565,0,0,1.9459101490553132,1.9459101490553132,0,2.2614647501711156,0.024640657084188913,817,2.236824093086927,8.130693301309275,1,2.1700923857291587,3.9121868415813146,4.18273424214224,1,817.0,6.706862336602747,0.008199098211005803
1710,EP4269320A2,20231101,1.0025462962959708,0,2,4,0,6,,6,0,0,12.0,8.0,20230929,20240221,1.0,0.0,20231101,2,4,6,0,,,,EP,1,0,0,0,0,0,0,0,0,0,2023,11,793,2.1711156741957565,0,0,1.9459101490553132,1.9459101490553132,0,2.2614647501711156,1.864476386036961,145,0.39698836413415467,24.14543451315246,0,2.1700923857291587,2.4082854042096518,2.3428985131894677,0,145.0,4.983606621708336,0.034134291929509154
1711,EP4265212A2,20231025,1.3393002078649034,1,2,6,0,21,,9,0,0,56.0,16.0,20230922,20251215,1.0,0.0,20231025,2,6,21,0,,,,EP,1,0,0,0,0,0,0,0,0,0,2023,10,800,2.190280629705681,0,0,3.091042453358316,2.302585092994046,0,2.2806297056810405,0.049281314168377825,815,2.2313483915126624,24.02043392736561,1,2.7208512636613307,4.459660298568928,4.533933484506708,2,815.0,6.704414354964107,0.008216194062456014
1712,EP4269319A2,20231101,1.0025462962959708,0,2,4,0,6,,6,0,0,13.0,9.0,20230929,20250326,1.0,0.0,20231101,2,4,6,0,,,,EP,1,0,0,0,0,0,0,0,0,0,2023,11,793,2.1711156741957565,0,0,1.9459101490553132,1.9459101490553132,0,2.2614647501711156,0.7720739219712526,544,1.4893908281998631,8.17923431376771,1,2.1700923857291587,3.4637268826490764,3.435300977255176,0,544.0,6.300785794663244,0.011561074852593108
1713,EP4270017A2,20231101,0.7140979876342713,0,2,2,0,2,,3,0,0,14.0,10.0,20230929,20251119,1.0,0.0,20231101,2,2,2,0,,,,EP,1,0,0,0,0,0,0,0,0,0,2023,11,793,2.1711156741957565,0,0,1.0986122886681098,1.3862943611198906,0,2.2614647501711156,0.12046543463381246,782,2.1409993155373033,6.247212974557893,1,1.5458746043062057,3.2304741936285875,3.5272936766571936,0,782.0,6.663132695990803,0.008509748015313925
1714,EP4282773A2,20231129,1.060671577914244,0,2,2,0,11,,12,0,0,19.0,11.0,20231027,20241023,1.0,0.0,20231129,2,2,11,0,,,,EP,1,0,0,0,0,0,0,0,0,0,2023,11,765,2.0944558521560577,0,0,2.4849066497880004,2.5649493574615367,0,2.184804928131417,1.1937029431895962,362,0.9911019849418207,17.41358760429082,0,2.599641192391166,3.1943023833562587,3.5560513424033573,0,362.0,5.8944028342648505,0.01623802433681777
1715,EP4269708A2,20231101,1.2386616985061836,1,2,4,0,17,,24,0,0,13.0,10.0,20230929,20250423,1.0,0.0,20231101,2,4,17,0,,,,EP,1,0,0,0,0,0,0,0,0,0,2023,11,793,2.1711156741957565,0,0,2.8903717578961645,3.2188758248682006,0,2.2614647501711156,0.6954140999315537,572,1.566050650239562,7.802884022842118,1,3.1699871934271036,4.509617583570841,4.7849264751077625,2,572.0,6.35088571671474,0.011083570186238638
1716,EP4269082A2,20231101,1.4372878863112613,2,2,8,0,27,,6,0,0,64.0,16.0,20230929,20251029,1.0,0.0,20231101,2,8,27,0,,,,EP,1,0,0,0,0,0,0,0,0,0,2023,11,793,2.1711156741957565,0,0,3.332204510175204,1.9459101490553132,0,2.2614647501711156,0.17796030116358658,761,2.083504449007529,29.310679915990097,1,2.604833975744449,4.254936645148967,4.029414598062842,1,761.0,6.635946555686647,0.00870859128042867
1717,EP4270093A2,20231101,1.1877662569723246,0,2,6,0,11,,9,0,0,26.0,11.0,20230929,20250326,1.0,0.0,20231101,2,6,11,0,,,,EP,1,0,0,0,0,0,0,0,0,0,2023,11,793,2.1711156741957565,0,0,2.4849066497880004,2.302585092994046,0,2.2614647501711156,0.7720739219712526,544,1.4893908281998631,16.35846862753542,1,2.569317312768752,3.8629518096886697,3.791975921193909,1,544.0,6.300785794663244,0.011561074852593108
1718,EP4287057A2,20231206,1.1372954214791426,0,2,4,0,11,,10,0,0,17.0,8.0,20231103,20250122,1.0,0.0,20231206,2,4,11,0,,,,EP,1,0,0,0,0,0,0,0,0,0,2023,12,758,2.0752908966461328,0,0,2.4849066497880004,2.3978952727983707,0,2.1656399726214923,0.944558521560575,446,1.2210814510609171,12.868245168644112,1,2.576032585158165,3.708681455794715,3.618976723859288,1,446.0,6.102558594613569,0.013652256363788745
1719,EP4292634A1,20231220,1.6699067280277893,2,2,8,0,70,,5,0,0,33.0,18.0,20230911,20251112,1.0,0.0,20231220,2,8,70,0,,,,EP,1,0,0,0,0,0,0,0,0,0,2023,12,744,2.0369609856262834,0,0,4.2626798770413155,1.791759469228055,0,2.3107460643394937,0.13963039014373715,793,2.1711156741957565,14.530303486935292,1,2.7449624095646223,4.447631814082077,3.9628751434238114,2,793.0,6.677083461247136,0.008409425014165159
1720,EP4293752A1,20231220,1.547856652569866,2,3,6,0,37,,9,0,0,21.0,10.0,20230911,20250709,1.0,0.0,20231220,3,6,37,0,,,,EP,1,0,0,0,0,0,0,0,0,0,2023,12,744,2.0369609856262834,0,0,3.6375861597263857,2.302585092994046,0,2.3107460643394937,0.48459958932238195,667,1.8261464750171115,10.902597633346364,1,2.9294077083662935,4.425095593376561,4.128731568011157,2,667.0,6.504288173536645,0.009736958343617732
1721,EP4293731A1,20231220,1.4485681421639576,2,4,16,0,11,,6,0,0,10.0,8.0,20230911,20250702,1.0,0.0,20231220,4,16,11,0,,,,EP,1,0,0,0,0,0,0,0,0,0,2023,12,744,2.0369609856262834,0,0,2.4849066497880004,1.9459101490553132,0,2.3107460643394937,0.5037645448323066,660,1.8069815195071868,5.243889307634327,1,2.6161142315971455,4.100303143301458,3.7528916685625,1,660.0,6.493753839851686,0.009824135915055501
1722,EP4293777A1,20231220,1.5425912525803374,2,3,8,0,31,,7,0,0,21.0,10.0,20230911,20250709,1.0,0.0,20231220,3,8,31,0,,,,EP,1,0,0,0,0,0,0,0,0,0,2023,12,744,2.0369609856262834,0,0,3.4657359027997265,2.0794415416798357,0,2.3107460643394937,0.48459958932238195,667,1.8261464750171115,10.902597633346364,1,2.7902561775882386,4.285944062598506,3.905588016696947,1,667.0,6.504288173536645,0.009736958343617732
1723,EP4293754A1,20231220,1.5048940883382014,2,3,6,0,31,,7,0,0,21.0,10.0,20230911,20250709,1.0,0.0,20231220,3,6,31,0,,,,EP,1,0,0,0,0,0,0,0,0,0,2023,12,744,2.0369609856262834,0,0,3.4657359027997265,2.0794415416798357,0,2.3107460643394937,0.48459958932238195,667,1.8261464750171115,10.902597633346364,1,2.7525590133461026,4.24824689835637,3.905588016696947,1,667.0,6.504288173536645,0.009736958343617732
1724,EP4295717A1,20231227,1.142185867773836,0,2,6,0,9,,4,0,0,14.0,10.0,20230908,20251112,1.0,0.0,20231227,2,6,9,0,,,,EP,1,0,0,0,0,0,0,0,0,0,2023,12,737,2.0177960301163584,0,0,2.302585092994046,1.6094379124341003,0,2.31895961670089,0.13963039014373715,796,2.1793292265571527,6.142157893156361,1,2.107848615234296,3.8154461511685875,3.788767138991253,1,796.0,6.680854678790215,0.008382502733739292
1725,EP4269565A2,20231101,1.4254652989637389,2,2,4,0,37,,11,0,0,16.0,10.0,20230929,20250305,1.0,0.0,20231101,2,4,37,0,,,,EP,1,0,0,0,0,0,0,0,0,0,2023,11,793,2.1711156741957565,0,0,3.6375861597263857,2.4849066497880004,0,2.2614647501711156,0.8295687885010267,523,1.431895961670089,10.444573522183994,1,2.916409288836539,4.175546865838593,3.916802611458089,1,523.0,6.261491684321042,0.011949411611299698
1726,EP4276838A2,20231115,1.2432489831732327,1,4,4,0,10,,6,0,0,13.0,10.0,20231013,20251210,1.0,0.0,20231115,4,4,10,0,,,,EP,1,0,0,0,0,0,0,0,0,0,2023,11,779,2.132785763175907,0,0,2.3978952727983707,1.9459101490553132,0,2.223134839151266,0.06297056810403832,789,2.1601642710472277,5.751794312710094,1,2.4107950726064207,4.106893635234758,4.106074420102541,1,789.0,6.672032945461067,0.00844561132336844
1727,EP4275600A2,20231115,1.3328965717505499,1,2,3,0,29,,8,0,0,25.0,10.0,20231013,20250219,1.0,0.0,20231115,2,3,29,0,,,,EP,1,0,0,0,0,0,0,0,0,0,2023,11,779,2.132785763175907,0,0,3.4011973816621555,2.1972245773362196,0,2.223134839151266,0.8678986995208761,495,1.3552361396303902,17.17934245802173,1,2.6512313181522815,3.8643730019305154,3.5524607169666096,1,495.0,6.206575926724928,0.01251325791678413
1728,EP4266266A2,20231025,1.4320178938552743,2,2,2,0,52,,7,0,0,38.0,11.0,20230922,20251119,1.0,0.0,20231025,2,2,52,0,,,,EP,1,0,0,0,0,0,0,0,0,0,2023,10,800,2.190280629705681,0,0,3.970291913552122,2.0794415416798357,0,2.2806297056810405,0.12046543463381246,789,2.1601642710472277,16.812937221767967,1,2.679682818863176,4.375781381491513,4.2396058127270635,2,789.0,6.672032945461067,0.00844561132336844
1729,EP4275895A2,20231115,1.5236999436475982,2,2,6,0,45,,9,0,0,17.0,9.0,20231013,20240821,1.0,0.0,20231115,2,6,45,0,,,,EP,1,0,0,0,0,0,0,0,0,0,2023,11,779,2.132785763175907,0,0,3.828641396489095,2.302585092994046,0,2.223134839151266,1.3661875427789185,313,0.8569472963723477,17.764823689292612,0,2.905250999444026,3.4194193772674346,3.159532389366394,0,313.0,5.749392985908253,0.018310168744930744
1730,EP4266684A2,20231025,1.398750216354447,2,2,8,0,23,,22,0,0,16.0,9.0,20230922,20240814,1.0,0.0,20231025,2,8,23,0,,,,EP,1,0,0,0,0,0,0,0,0,0,2023,10,800,2.190280629705681,0,0,3.1780538303479458,3.1354942159291497,0,2.2806297056810405,1.3853524982888432,327,0.8952772073921971,16.075923251495773,0,3.2800467459119367,3.817213070347255,4.0307714233213465,1,327.0,5.793013608384144,0.017661626854829707
1731,EP4276635A2,20231115,1.3400279755332247,1,2,4,0,26,,8,0,0,16.0,8.0,20231013,20240221,1.0,0.0,20231115,2,4,26,0,,,,EP,1,0,0,0,0,0,0,0,0,0,2023,11,779,2.132785763175907,0,0,3.295836866004329,2.1972245773362196,0,2.223134839151266,1.864476386036961,131,0.3586584531143053,34.884345620056706,0,2.6583627219349566,2.8735577938035397,2.555883030450525,0,131.0,4.882801922586371,0.03699092365595735
1732,EP4295878A2,20231227,1.2888293723717215,1,2,4,0,21,,11,0,0,12.0,9.0,20231124,20250625,1.0,0.0,20231227,2,4,21,0,,,,EP,1,0,0,0,0,0,0,0,0,0,2023,12,737,2.0177960301163584,0,0,3.091042453358316,2.4849066497880004,0,2.108145106091718,0.5229295003422314,579,1.5852156057494866,7.120750578774217,1,2.7797733622445215,4.130902725694214,4.070122255537487,1,579.0,6.363028103540465,0.010970738109552526
1733,EP4271063A2,20231101,1.264001091171275,1,2,8,0,13,,11,0,0,15.0,10.0,20230929,20250820,1.0,0.0,20231101,2,8,13,0,,,,EP,1,0,0,0,0,0,0,0,0,0,2023,11,793,2.1711156741957565,0,0,2.6390573296152584,2.4849066497880004,0,2.2614647501711156,0.36960985626283366,691,1.891854893908282,7.530669049173568,1,2.7549450810440748,4.290058017389044,4.376761543696283,1,691.0,6.539585955617669,0.009450268721990852
1734,EP4270224A2,20231101,1.3578927165287609,1,2,4,0,28,,13,0,0,54.0,15.0,20230929,20251029,1.0,0.0,20231101,2,4,28,0,,,,EP,1,0,0,0,0,0,0,0,0,0,2023,11,793,2.1711156741957565,0,0,3.367295829986474,2.6390573296152584,0,2.2614647501711156,0.17796030116358658,761,2.083504449007529,24.73088617911664,1,2.941327114297916,4.591429783702433,4.722561778622787,2,761.0,6.635946555686647,0.00870859128042867
1735,EP4269067A2,20231101,1.4254652989637389,2,2,4,0,37,,13,0,0,17.0,9.0,20230929,20240828,1.0,0.0,20231101,2,4,37,0,,,,EP,1,0,0,0,0,0,0,0,0,0,2023,11,793,2.1711156741957565,0,0,3.6375861597263857,2.6390573296152584,0,2.2614647501711156,1.3470225872689938,334,0.9144421629021219,16.757978543957897,0,3.008899696732894,3.557564994474167,3.55349949251738,0,334.0,5.814130531825066,0.01735561352783602
1736,EP4277170A2,20231115,1.2888293723717215,1,2,4,0,21,,19,0,0,46.0,14.0,20231013,20251029,1.0,0.0,20231115,2,4,21,0,,,,EP,1,0,0,0,0,0,0,0,0,0,2023,11,779,2.132785763175907,0,0,3.091042453358316,2.995732273553991,0,2.223134839151266,0.17796030116358658,747,2.0451745379876796,21.443476596152006,1,3.086268736504116,4.713373459296724,5.040906811541671,2,747.0,6.617402977974478,0.00884679542509957
1737,EP4262211A2,20231018,1.300632815151642,1,2,12,0,12,,23,0,0,29.0,15.0,20230915,20251204,1.0,0.0,20231018,2,12,12,0,,,,EP,1,0,0,0,0,0,0,0,0,0,2023,10,807,2.209445585215606,0,0,2.5649493574615367,3.1780538303479458,0,2.299794661190965,0.07939767282683094,811,2.220396988364134,12.497861420017108,1,3.207465113360409,4.93970330637889,5.39845081871208,2,811.0,6.699500340161678,0.00825061618246512
1738,EP4279546A2,20231122,1.5051148847275728,2,2,2,0,70,,8,0,0,15.0,9.0,20231020,20250115,1.0,0.0,20231122,2,2,70,0,,,,EP,1,0,0,0,0,0,0,0,0,0,2023,11,772,2.113620807665982,0,0,4.2626798770413155,2.1972245773362196,0,2.2039698836413417,0.9637234770704997,453,1.2402464065708418,11.191971809407079,1,2.8234496311293045,3.9675974750718095,3.4374709839070614,1,453.0,6.118097198041348,0.013475985017712222
1739,EP4279598A2,20231122,1.32086173622246,1,2,16,0,11,,12,0,0,16.0,10.0,20231020,20241127,1.0,0.0,20231122,2,16,11,0,,,,EP,1,0,0,0,0,0,0,0,0,0,2023,11,772,2.113620807665982,0,0,2.4849066497880004,2.5649493574615367,0,2.2039698836413417,1.0978781656399725,404,1.106091718001369,13.265989444412915,0,2.859831350699382,3.5234863815002035,3.671041075462906,0,404.0,6.003887067106539,0.014824412511374169
1740,EP4269071A2,20231101,1.361053052112311,1,2,6,0,23,,8,0,0,20.0,10.0,20230929,20250305,1.0,0.0,20231101,2,6,23,0,,,,EP,1,0,0,0,0,0,0,0,0,0,2023,11,793,2.1711156741957565,0,0,3.1780538303479458,2.1972245773362196,0,2.2614647501711156,0.8295687885010267,523,1.431895961670089,13.055716902729992,1,2.6793877985140426,3.938525375516096,3.6291205390063084,1,523.0,6.261491684321042,0.011949411611299698
1741,EP4265279A2,20231025,1.3976588901861828,2,2,4,0,33,,16,0,0,40.0,15.0,20230922,20251209,1.0,0.0,20231025,2,4,33,0,,,,EP,1,0,0,0,0,0,0,0,0,0,2023,10,800,2.190280629705681,0,0,3.5263605246161616,2.833213344056216,0,2.2806297056810405,0.06570841889117043,809,2.21492128678987,17.279205227521363,1,3.0975868966199123,4.826539668693835,5.048134630846086,2,809.0,6.697034247666484,0.008267943515637635
1742,EP4266570A2,20231025,1.0992092478710584,0,2,2,0,13,,8,0,0,12.0,9.0,20230922,20241204,1.0,0.0,20231025,2,2,13,0,,,,EP,1,0,0,0,0,0,0,0,0,0,2023,10,800,2.190280629705681,0,0,2.6390573296152584,2.1972245773362196,0,2.2806297056810405,1.0787132101300478,439,1.2019164955509924,9.21718101046212,0,2.41754399427279,3.1386938916033857,3.399141072887212,0,439.0,6.0867747269123065,0.013833578924800697
1743,EP4268951A2,20231101,1.4791656863071618,2,2,2,0,63,,18,0,0,21.0,9.0,20230929,20240731,1.0,0.0,20231101,2,2,63,0,,,,EP,1,0,0,0,0,0,0,0,0,0,2023,11,793,2.1711156741957565,0,0,4.1588830833596715,2.9444389791664403,0,2.2614647501711156,1.4236824093086926,306,0.837782340862423,22.39325596671776,0,3.245829073807026,3.7484984783244797,3.7822213200288632,1,306.0,5.726847747587197,0.018654227190837775
1744,EP4265311A2,20231025,1.4406664848919446,2,2,6,0,32,,19,0,0,46.0,16.0,20230922,20251029,1.0,0.0,20231025,2,6,32,0,,,,EP,1,0,0,0,0,0,0,0,0,0,2023,10,800,2.190280629705681,0,0,3.4965075614664802,2.995732273553991,0,2.2806297056810405,0.17796030116358658,768,2.102669404517454,20.88375128181225,1,3.238105849024339,4.899707491734811,5.098401678071445,2,768.0,6.645090969505644,0.008641210623544402
1745,EP4293656A1,20231220,1.8087493729075947,2,2,26,0,63,,13,0,0,25.0,8.0,20231117,20250618,1.0,0.0,20231220,2,26,63,0,,,,EP,1,0,0,0,0,0,0,0,0,0,2023,12,744,2.0369609856262834,0,0,4.1588830833596715,2.6390573296152584,0,2.127310061601643,0.5420944558521561,579,1.5852156057494866,14.834897039112953,1,3.3921837706767497,4.743313134126442,4.224272935364745,2,579.0,6.363028103540465,0.010970738109552526
1746,EP4279523A2,20231122,1.3207877152491925,1,2,4,0,24,,12,0,0,13.0,9.0,20231020,20240925,1.0,0.0,20231122,2,4,24,0,,,,EP,1,0,0,0,0,0,0,0,0,0,2023,11,772,2.113620807665982,0,0,3.2188758248682006,2.5649493574615367,0,2.2039698836413417,1.270362765229295,341,0.9336071184120466,12.577312760744322,0,2.8597573297261145,3.4199216007733426,3.4985564758735834,0,341.0,5.834810737062605,0.01706085010837019
1747,EP4276873A2,20231115,1.226303926929139,1,2,6,0,13,,11,0,0,23.0,14.0,20231013,20251224,1.0,0.0,20231115,2,6,13,0,,,,EP,1,0,0,0,0,0,0,0,0,0,2023,11,779,2.132785763175907,0,0,2.6390573296152584,2.4849066497880004,0,2.223134839151266,0.024640657084188913,803,2.198494182067077,10.006551323665168,1,2.717247916801939,4.436344426042186,4.683400831855078,2,803.0,6.6895992691789665,0.008320397100968864
1748,EP4268661A2,20231101,1.2092159395920876,0,2,4,0,15,,13,0,0,15.0,9.0,20230929,20240626,1.0,0.0,20231101,2,4,15,0,,,,EP,1,0,0,0,0,0,0,0,0,0,2023,11,793,2.1711156741957565,0,0,2.772588722239781,2.6390573296152584,0,2.2614647501711156,1.5195071868583163,271,0.7419575633127995,17.815624745955613,0,2.7926503373612426,3.237824875348922,3.381014892928058,0,271.0,5.605802066295998,0.020609566420205873
1749,EP4276783A2,20231115,1.5084642534534032,2,2,10,0,32,,38,0,0,38.0,14.0,20231013,20251009,1.0,0.0,20231115,2,10,32,0,,,,EP,1,0,0,0,0,0,0,0,0,0,2023,11,779,2.132785763175907,0,0,3.4965075614664802,3.6635616461296463,0,2.223134839151266,0.2327173169062286,727,1.9904175222450375,18.178186699846112,1,3.706601241131191,5.300851754478214,5.653979168374684,2,727.0,6.590301048196686,0.009052611329940502
1750,EP4265231A2,20231025,1.091715032280654,0,2,4,0,9,,16,0,0,16.0,10.0,20230922,20240724,1.0,0.0,20231025,2,4,9,0,,,,EP,1,0,0,0,0,0,0,0,0,0,2023,10,800,2.190280629705681,0,0,2.302585092994046,2.833213344056216,0,2.2806297056810405,1.4428473648186173,306,0.837782340862423,17.061528355594483,0,2.7916430387143834,3.294312443231837,3.670995684918639,0,306.0,5.726847747587197,0.018654227190837775
1751,EP4276628A2,20231115,1.342640699100837,1,2,10,0,16,,13,0,0,13.0,8.0,20231013,20240807,1.0,0.0,20231115,2,10,16,0,,,,EP,1,0,0,0,0,0,0,0,0,0,2023,11,779,2.132785763175907,0,0,2.833213344056216,2.6390573296152584,0,2.223134839151266,1.404517453798768,299,0.8186173853524983,14.151702555696298,0,2.926075096869992,3.417245528081491,3.457674714967757,0,299.0,5.703782474656201,0.019012608248854004
1752,EP4268662A2,20231101,1.310582216619129,1,2,4,0,23,,12,0,0,39.0,18.0,20230929,20251231,1.0,0.0,20231101,2,4,23,0,,,,EP,1,0,0,0,0,0,0,0,0,0,2023,11,793,2.1711156741957565,0,0,3.1780538303479458,2.5649493574615367,0,2.2614647501711156,0.0054757015742642025,824,2.2559890485968515,16.553557421341623,1,2.849551831096051,4.603145260254163,4.820938406058389,2,824.0,6.715383386334681,0.008139858650102643
1753,EP4277311A2,20231115,0.9259224527310722,0,2,2,0,6,,7,0,0,16.0,9.0,20231013,20240508,1.0,0.0,20231115,2,2,6,0,,,,EP,1,0,0,0,0,0,0,0,0,0,2023,11,779,2.132785763175907,0,0,1.9459101490553132,2.0794415416798357,0,2.223134839151266,1.6536618754277892,208,0.5694729637234771,23.899396789694304,0,2.173587377738974,2.51527115597306,2.648914505403313,0,208.0,5.342334251964811,0.025561407904137853
1754,EP4269816A2,20231101,1.7046586293048704,2,6,10,0,30,,36,0,0,14.0,10.0,20230929,20251001,1.0,0.0,20231101,6,10,30,0,,,,EP,1,0,0,0,0,0,0,0,0,0,2023,11,793,2.1711156741957565,0,0,3.4339872044851463,3.6109179126442243,0,2.2614647501711156,0.2546201232032854,733,2.00684462696783,6.645008284331244,1,3.8712093768914047,5.475316153072103,5.6177625396120545,2,733.0,6.598509028614515,0.008989794316913508
1755,EP4269543A2,20231101,1.6759388971001088,2,4,12,0,34,,10,0,0,21.0,13.0,20230929,20251105,1.0,0.0,20231101,4,12,34,0,,,,EP,1,0,0,0,0,0,0,0,0,0,2023,11,793,2.1711156741957565,0,0,3.5553480614894135,2.3978952727983707,0,2.2614647501711156,0.15879534565366188,768,2.102669404517454,9.533886454740374,1,3.1146760607791313,4.776277703489604,4.5005646773158245,2,768.0,6.645090969505644,0.008641210623544402
1756,EP4268815A2,20231101,1.0530171317891528,0,2,6,0,6,,14,0,0,16.0,10.0,20230929,20250507,1.0,0.0,20231101,2,6,6,0,,,,EP,1,0,0,0,0,0,0,0,0,0,2023,11,793,2.1711156741957565,0,0,1.9459101490553132,2.70805020110221,0,2.2614647501711156,0.6570841889117043,586,1.6043805612594113,9.387574796192924,1,2.677847252450479,4.040475589206126,4.312430762361622,1,586.0,6.375024819828097,0.010860348926453316
1757,EP4286059A2,20231206,1.3276702039561803,1,2,6,0,20,,7,0,0,42.0,15.0,20231103,20251029,1.0,0.0,20231206,2,6,20,0,,,,EP,1,0,0,0,0,0,0,0,0,0,2023,12,758,2.0752908966461328,0,0,3.044522437723423,2.0794415416798357,0,2.1656399726214923,0.17796030116358658,726,1.9876796714579055,20.118028917084686,1,2.575335128964082,4.167942931838826,4.067121213137741,1,726.0,6.588926477533519,0.009063172596332214
1758,EP4296700A1,20231227,1.2254634212144606,1,2,8,0,11,,7,0,0,23.0,14.0,20230908,20251231,1.0,0.0,20231227,2,8,11,0,,,,EP,1,0,0,0,0,0,0,0,0,0,2023,12,737,2.0177960301163584,0,0,2.4849066497880004,2.0794415416798357,0,2.31895961670089,0.0054757015742642025,845,2.3134839151266258,9.529792121607441,1,2.473128346222362,4.2612186952983375,4.392925456806461,1,845.0,6.740519359606223,0.007967516973529815
1759,EP4290612A1,20231213,1.5673052549506745,2,3,14,0,25,,5,0,0,14.0,9.0,20230908,20250827,1.0,0.0,20231213,3,14,25,0,,,,EP,1,0,0,0,0,0,0,0,0,0,2023,12,751,2.0561259411362083,0,0,3.258096538021482,1.791759469228055,0,2.31895961670089,0.35044490075290896,719,1.9685147159479808,6.7681413586578865,1,2.642360936487507,4.223469766056295,3.7602741851760357,1,719.0,6.579251212010101,0.009137848905569585
1760,EP4275719A2,20231115,1.2511918232454997,1,2,20,0,7,,5,0,0,9.0,6.0,20231013,20250402,1.0,0.0,20231115,2,20,7,0,,,,EP,1,0,0,0,0,0,0,0,0,0,2023,11,779,2.132785763175907,0,0,2.0794415416798357,1.791759469228055,0,2.223134839151266,0.7529089664613279,537,1.4702258726899384,5.731659474303648,1,2.3262475047823328,3.608383028396296,3.2619853419179936,0,537.0,6.2878585601617845,0.011687469442679897
1761,EP4273067A2,20231108,0.8873847827742576,0,2,2,0,5,,11,0,0,12.0,9.0,20231006,20240724,1.0,0.0,20231108,2,2,5,0,,,,EP,1,0,0,0,0,0,0,0,0,0,2023,11,786,2.1519507186858315,0,0,1.791759469228055,2.4849066497880004,0,2.242299794661191,1.4428473648186173,292,0.7994524298425736,13.341450422342287,0,2.3783287726470577,2.8580002305526016,3.284359079630574,0,292.0,5.680172609017068,0.019386254638283508
1762,EP4265227A2,20231025,1.3881103127497478,2,2,8,0,22,,19,0,0,22.0,14.0,20230922,20251224,1.0,0.0,20231025,2,8,22,0,,,,EP,1,0,0,0,0,0,0,0,0,0,2023,10,800,2.190280629705681,0,0,3.1354942159291497,2.995732273553991,0,2.2806297056810405,0.024640657084188913,824,2.2559890485968515,9.337904186397838,1,3.1855496768821423,4.9391431060402535,5.251721322150843,2,824.0,6.715383386334681,0.008139858650102643
1763,EP4276965A2,20231115,1.462419329139352,2,2,6,0,35,,16,0,0,19.0,10.0,20231013,20241002,1.0,0.0,20231115,2,6,35,0,,,,EP,1,0,0,0,0,0,0,0,0,0,2023,11,779,2.132785763175907,0,0,3.58351893845611,2.833213344056216,0,2.223134839151266,1.2511978097193703,355,0.971937029431896,17.724921780218377,0,3.162347335573082,3.7455095532322193,3.8051503734881122,1,355.0,5.87493073085203,0.016502614412505702
1764,EP4279597A2,20231122,1.2748429305393785,1,2,6,0,16,,17,0,0,11.0,8.0,20231020,20240424,1.0,0.0,20231122,2,6,16,0,,,,EP,1,0,0,0,0,0,0,0,0,0,2023,11,772,2.113620807665982,0,0,2.833213344056216,2.8903717578961645,0,2.2039698836413417,1.6919917864476386,187,0.5119780971937029,17.974499496700595,0,3.0090659852770774,3.316252843593299,3.4023498550898674,0,187.0,5.236441962829949,0.027853414695903984
1765,EP4280068A2,20231122,1.393331469317546,2,2,18,0,14,,14,0,0,16.0,10.0,20231020,20241030,1.0,0.0,20231122,2,18,14,0,,,,EP,1,0,0,0,0,0,0,0,0,0,2023,11,772,2.113620807665982,0,0,2.70805020110221,2.70805020110221,0,2.2039698836413417,1.1745379876796715,376,1.0294318959616702,14.166414156717773,0,3.018161589978872,3.635820727555874,3.7374820970638805,0,376.0,5.932245187448011,0.015735398375193662
1766,EP4266425A2,20231025,1.4833546922873402,2,2,12,0,26,,10,0,0,15.0,11.0,20230922,20250514,1.0,0.0,20231025,2,12,26,0,,,,EP,1,0,0,0,0,0,0,0,0,0,2023,10,800,2.190280629705681,0,0,3.295836866004329,2.3978952727983707,0,2.2806297056810405,0.6379192334017796,600,1.6427104722792607,8.607281724991163,1,2.9220918559663627,4.307718139333919,4.040605745077631,2,600.0,6.398594934535208,0.010646580589908831
1767,EP4269258A2,20231101,1.767641508640348,2,4,16,0,42,,13,0,0,22.0,9.0,20230929,20250514,1.0,0.0,20231101,4,16,42,0,,,,EP,1,0,0,0,0,0,0,0,0,0,2023,11,793,2.1711156741957565,0,0,3.7612001156935624,2.6390573296152584,0,2.2614647501711156,0.6379192334017796,593,1.623545516769336,12.764385846471546,1,3.351075906409503,4.725203216471105,4.262602846384595,2,593.0,6.386879319362645,0.0107523220864691
1768,EP4292533A2,20231220,1.310582216619129,1,2,4,0,23,,11,0,0,18.0,11.0,20231117,20251202,1.0,0.0,20231220,2,4,23,0,,,,EP,1,0,0,0,0,0,0,0,0,0,2023,12,744,2.0369609856262834,0,0,3.1780538303479458,2.4849066497880004,0,2.127310061601643,0.08487337440109514,746,2.0424366872005475,8.40164850963228,1,2.8015262064919293,4.426988218812258,4.527343336988547,2,746.0,6.616065185132817,0.00885684763739333
1769,EP4277038A2,20231115,1.3653673681983163,1,2,8,0,20,,20,0,0,13.0,9.0,20231013,20240925,1.0,0.0,20231115,2,8,20,0,,,,EP,1,0,0,0,0,0,0,0,0,0,2023,11,779,2.132785763175907,0,0,3.044522437723423,3.044522437723423,0,2.223134839151266,1.270362765229295,348,0.9527720739219713,12.348351862687732,0,3.19208083083237,3.7637440751855524,3.997294511645394,1,348.0,5.855071922202427,0.016776710378803517
1770,EP4270916A2,20231101,1.142185867773836,0,2,6,0,9,,14,0,0,10.0,8.0,20230929,20240814,1.0,0.0,20231101,2,6,9,0,,,,EP,1,0,0,0,0,0,0,0,0,0,2023,11,793,2.1711156741957565,0,0,2.302585092994046,2.70805020110221,0,2.2614647501711156,1.3853524982888432,320,0.8761122518822724,10.24472337143258,0,2.767015988435162,3.292683339564525,3.5841624529844824,0,320.0,5.771441123130016,0.01797956736177575
1771,EP4279132A2,20231122,1.166013412724917,0,2,6,0,10,,43,0,0,20.0,13.0,20231020,20251217,1.0,0.0,20231122,2,6,10,0,,,,EP,1,0,0,0,0,0,0,0,0,0,2023,11,772,2.113620807665982,0,0,2.3978952727983707,3.784189633918261,0,2.2039698836413417,0.04380561259411362,789,2.1601642710472277,8.848914327246298,1,3.4365271930758734,5.13262575570421,5.944353904965489,2,789.0,6.672032945461067,0.00844561132336844
1772,EP4274352A1,20231108,1.273579418991584,1,4,12,0,6,,6,0,0,5.0,5.0,20231006,20231108,1.0,0.0,20231108,4,12,6,0,,,,EP,1,0,0,0,0,0,0,0,0,0,2023,11,786,2.1519507186858315,0,0,1.9459101490553132,1.9459101490553132,0,2.242299794661191,2.1519507186858315,33,0.09034907597535935,26.267529665587915,0,2.441125508424772,2.4953349540099876,2.0362592250306726,0,33.0,3.5263605246161616,0.1037164860181224
1773,EP4275490A2,20231115,0.7860185057472165,0,2,2,0,3,,13,0,0,15.0,10.0,20231013,20250709,1.0,0.0,20231115,2,2,3,0,,,,EP,1,0,0,0,0,0,0,0,0,0,2023,11,779,2.132785763175907,0,0,1.3862943611198906,2.6390573296152584,0,2.223134839151266,0.48459958932238195,635,1.7385352498288844,8.158668701835374,1,2.3694529035163714,3.812574053413702,4.377592579444142,1,635.0,6.455198563340122,0.010149683275692016
1774,EP4275539A2,20231115,1.1930813093076948,0,2,4,0,14,,8,0,0,13.0,10.0,20231013,20241113,1.0,0.0,20231115,2,4,14,0,,,,EP,1,0,0,0,0,0,0,0,0,0,2023,11,779,2.132785763175907,0,0,2.70805020110221,2.1972245773362196,0,2.223134839151266,1.136208076659822,397,1.0869267624914443,10.952655556196296,0,2.5114160557094265,3.163572113204293,3.284151339827664,0,397.0,5.986452005284438,0.015041336696694567
1775,EP4275538A2,20231115,1.1930813093076948,0,2,4,0,14,,8,0,0,13.0,10.0,20231013,20241113,1.0,0.0,20231115,2,4,14,0,,,,EP,1,0,0,0,0,0,0,0,0,0,2023,11,779,2.132785763175907,0,0,2.70805020110221,2.1972245773362196,0,2.223134839151266,1.136208076659822,397,1.0869267624914443,10.952655556196296,0,2.5114160557094265,3.163572113204293,3.284151339827664,0,397.0,5.986452005284438,0.015041336696694567
1776,EP4266845A2,20231025,1.456759996940551,2,2,28,0,14,,8,0,0,55.0,15.0,20230922,20251215,1.0,0.0,20231025,2,28,14,0,,,,EP,1,0,0,0,0,0,0,0,0,0,2023,10,800,2.190280629705681,0,0,2.70805020110221,2.1972245773362196,0,2.2806297056810405,0.049281314168377825,815,2.2313483915126624,23.591497607234082,1,2.7750947433422826,4.5139037782498805,4.428572968848882,2,815.0,6.704414354964107,0.008216194062456014
1777,EP4279008A2,20231122,1.3712585507423745,1,2,6,0,24,,4,0,0,17.0,8.0,20231020,20251126,1.0,0.0,20231122,2,6,24,0,,,,EP,1,0,0,0,0,0,0,0,0,0,2023,11,772,2.113620807665982,0,0,3.2188758248682006,1.6094379124341003,0,2.2039698836413417,0.10130047912388775,768,2.102669404517454,7.717908082408874,1,2.3369212982028347,3.998522940913307,3.7121073169515544,1,768.0,6.645090969505644,0.008641210623544402
1778,EP4282692A2,20231129,1.264001091171275,1,2,8,0,13,,7,0,0,13.0,9.0,20231027,20240904,1.0,0.0,20231129,2,8,13,0,,,,EP,1,0,0,0,0,0,0,0,0,0,2023,11,765,2.0944558521560577,0,0,2.6390573296152584,2.0794415416798357,0,2.184804928131417,1.3278576317590691,313,0.8569472963723477,13.584865174164939,0,2.511666016179176,3.025834394002585,2.936388838052183,0,313.0,5.749392985908253,0.018310168744930744
1779,EP4270990A2,20231101,1.175554660258854,0,2,2,0,18,,9,0,0,18.0,10.0,20230929,20251015,1.0,0.0,20231101,2,2,18,0,,,,EP,1,0,0,0,0,0,0,0,0,0,2023,11,793,2.1711156741957565,0,0,2.9444389791664403,2.302585092994046,0,2.2614647501711156,0.216290212183436,747,2.0451745379876796,8.39092562458122,1,2.5571057160552817,4.18421043884789,4.3477596309817255,1,747.0,6.617402977974478,0.00884679542509957
1780,EP4271094A1,20231101,1.2565068755808704,1,2,14,0,9,,9,0,0,20.0,11.0,20230929,20251105,1.0,0.0,20231101,2,14,9,0,,,,EP,1,0,0,0,0,0,0,0,0,0,2023,11,793,2.1711156741957565,0,0,2.302585092994046,2.302585092994046,0,2.2614647501711156,0.15879534565366188,768,2.102669404517454,9.079891861657499,1,2.638057931377298,4.29965957408777,4.4052544975115,2,768.0,6.645090969505644,0.008641210623544402
1781,EP4266710A1,20231025,0.9829564081810815,0,2,0,0,16,,7,0,0,40.0,7.0,20230922,20250219,1.0,0.0,20231025,2,0,16,0,,,,EP,1,0,0,0,0,0,0,0,0,0,2023,10,800,2.190280629705681,0,0,2.833213344056216,2.0794415416798357,0,2.2806297056810405,0.8678986995208761,516,1.4127310061601643,26.442242432469115,1,2.2306213331889833,3.4782599368850815,3.49217254784,0,516.0,6.248042874508429,0.012085189312395415
1782,EP4277318A2,20231115,1.3058788911671755,1,2,2,0,31,,25,0,0,48.0,17.0,20231013,20251021,1.0,0.0,20231115,2,2,31,0,,,,EP,1,0,0,0,0,0,0,0,0,0,2023,11,779,2.132785763175907,0,0,3.4657359027997265,3.258096538021482,0,2.223134839151266,0.1998631074606434,739,2.023271731690623,22.60662132104058,1,3.2607368139800648,4.874699852994439,5.281368269712106,2,739.0,6.606650186198215,0.008927905657024615
1783,EP4277313A2,20231115,1.0065962368759855,0,2,8,0,4,,7,0,0,13.0,9.0,20231013,20240619,1.0,0.0,20231115,2,8,4,0,,,,EP,1,0,0,0,0,0,0,0,0,0,2023,11,779,2.132785763175907,0,0,1.6094379124341003,2.0794415416798357,0,2.223134839151266,1.538672142368241,250,0.6844626967830253,16.571852368903237,0,2.2542611618838873,2.6649387799537023,2.763904238462861,0,250.0,5.5254529391317835,0.0220137567296087
1784,EP4297445A1,20231227,1.4761613205834014,2,2,10,0,28,,14,0,0,9.0,7.0,20231124,20240904,1.0,0.0,20231227,2,10,28,0,,,,EP,1,0,0,0,0,0,0,0,0,0,2023,12,737,2.0177960301163584,0,0,3.367295829986474,2.70805020110221,0,2.108145106091718,1.3278576317590691,285,0.7802874743326489,10.223932820153953,0,3.1009914412447275,3.569163925844317,3.4883376754348587,0,285.0,5.655991810819852,0.019776195142726757
1785,EP4277275A2,20231115,1.2999423130144299,1,2,4,0,22,,25,0,0,18.0,11.0,20231013,20251126,1.0,0.0,20231115,2,4,22,0,,,,EP,1,0,0,0,0,0,0,0,0,0,2023,11,779,2.132785763175907,0,0,3.1354942159291497,3.258096538021482,0,2.223134839151266,0.10130047912388775,775,2.1218343600273784,8.101414004497705,1,3.254800235827319,4.927900851843746,5.37993089804886,2,775.0,6.654152520183219,0.008574938814669097
1786,EP4268669A2,20231101,0.841804393575769,0,2,2,0,4,,6,0,0,16.0,11.0,20230929,20251217,1.0,0.0,20231101,2,2,4,0,,,,EP,1,0,0,0,0,0,0,0,0,0,2023,11,793,2.1711156741957565,0,0,1.6094379124341003,1.9459101490553132,0,2.2614647501711156,0.04380561259411362,810,2.217659137577002,6.903517320811553,1,2.009350483008957,3.7399459655551577,4.163569286632315,1,810.0,6.698268054115413,0.008259270103718143
1787,EP4282475A2,20231129,1.3769973721070394,1,2,8,0,21,,17,0,0,16.0,9.0,20231027,20241002,1.0,0.0,20231129,2,8,21,0,,,,EP,1,0,0,0,0,0,0,0,0,0,2023,11,765,2.0944558521560577,0,0,3.091042453358316,2.8903717578961645,0,2.184804928131417,1.2511978097193703,341,0.9336071184120466,15.479769551685319,0,3.111220426844738,3.671384697891966,3.823978876308211,1,341.0,5.834810737062605,0.01706085010837019
1788,EP4279100A2,20231122,1.4928341642080696,2,2,10,0,30,,28,0,0,46.0,15.0,20231020,20251029,1.0,0.0,20231122,2,10,30,0,,,,EP,1,0,0,0,0,0,0,0,0,0,2023,11,772,2.113620807665982,0,0,3.4339872044851463,3.367295829986474,0,2.2039698836413417,0.17796030116358658,740,2.026009582477755,21.63677924084865,1,3.513211662199954,5.128817411686607,5.39330541246423,2,740.0,6.608000625296087,0.008917679656270022
1789,EP4295755A2,20231227,1.8322324463435438,2,2,12,0,108,,27,0,0,15.0,9.0,20231101,20250219,1.0,0.0,20231227,2,12,108,0,,,,EP,1,0,0,0,0,0,0,0,0,0,2023,12,737,2.0177960301163584,0,0,4.6913478822291435,3.332204510175204,0,2.1711156741957565,0.8678986995208761,476,1.3032169746748803,10.689722452563288,1,3.831555152448666,5.013485337253594,4.6354214848500845,2,476.0,6.1675164908883415,0.012929803964126503
1790,EP4260988A2,20231018,1.2005755248980996,0,2,2,0,20,,9,0,0,39.0,18.0,20230915,20251224,1.0,1.0,20231018,2,2,20,0,,,,EP,1,0,0,0,0,0,0,0,0,0,2023,10,807,2.209445585215606,0,0,3.044522437723423,2.302585092994046,0,2.299794661190965,0.024640657084188913,831,2.2751540041067764,16.4199878966024,1,2.582126580694527,4.347218983158593,4.577739097100823,2,831.0,6.723832440821209,0.00808152937598703
1791,EP4276850A2,20231115,1.2539690499726144,1,2,2,0,25,,21,0,0,16.0,11.0,20231013,20251105,1.0,0.0,20231115,2,2,25,0,,,,EP,1,0,0,0,0,0,0,0,0,0,2023,11,779,2.132785763175907,0,0,3.258096538021482,3.091042453358316,0,2.223134839151266,0.15879534565366188,754,2.0643394934976045,7.39255558015243,1,3.108594521987604,4.747198218086167,5.15538194685592,2,754.0,6.626717749249025,0.008777109601654337
1792,EP4277180A2,20231115,1.3154726629138223,1,2,6,0,19,,9,0,0,16.0,9.0,20231013,20251204,1.0,0.0,20231115,2,6,19,0,,,,EP,1,0,0,0,0,0,0,0,0,0,2023,11,779,2.132785763175907,0,0,2.995732273553991,2.302585092994046,0,2.223134839151266,0.07939767282683094,783,2.1437371663244353,7.130960007321314,1,2.6970237187102497,4.383266018504911,4.446322259318482,2,783.0,6.664409020350408,0.008500521709630622
1793,EP4276914A2,20231115,1.3354833398322064,1,4,6,0,12,,10,0,0,41.0,17.0,20231013,20251112,1.0,0.0,20231115,4,6,12,0,,,,EP,1,0,0,0,0,0,0,0,0,0,2023,11,779,2.132785763175907,0,0,2.5649493574615367,2.3978952727983707,0,2.223134839151266,0.13963039014373715,761,2.083504449007529,18.777154321181154,1,2.774220503511229,4.424323172915747,4.4813997218059,2,761.0,6.635946555686647,0.00870859128042867
1794,EP4265197A2,20231025,1.2812493090430128,1,2,8,0,14,,28,0,0,57.0,17.0,20230922,20251105,1.0,1.0,20231025,2,8,14,0,,,,EP,1,0,0,0,0,0,0,0,0,0,2023,10,800,2.190280629705681,0,0,2.70805020110221,3.367295829986474,0,2.2806297056810405,0.15879534565366188,775,2.1218343600273784,25.654477680909398,1,3.3016268070348973,4.974727423051324,5.489130190013853,2,775.0,6.654152520183219,0.008574938814669097
1795,EP4262193A2,20231018,1.370447107878393,1,2,10,0,18,,11,0,0,14.0,8.0,20230915,20240522,1.0,0.0,20231018,2,10,18,0,,,,EP,1,0,0,0,0,0,0,0,0,0,2023,10,807,2.209445585215606,0,0,2.9444389791664403,2.4849066497880004,0,2.299794661190965,1.6153319644079398,250,0.6844626967830253,17.846610243434256,0,2.861391097751193,3.2720687158210082,3.1693693465710258,0,250.0,5.5254529391317835,0.0220137567296087
1796,EP4276268A2,20231115,0.9259224527310722,0,2,2,0,6,,7,0,0,48.0,14.0,20231013,20251029,1.0,0.0,20231115,2,2,6,0,,,,EP,1,0,0,0,0,0,0,0,0,0,2023,11,779,2.132785763175907,0,0,1.9459101490553132,2.0794415416798357,0,2.223134839151266,0.17796030116358658,747,2.0451745379876796,22.37580166554992,1,2.173587377738974,3.8006921005315815,4.124616079667515,1,747.0,6.617402977974478,0.00884679542509957
1797,EP4275652A2,20231115,1.25535783967459,1,2,3,0,21,,13,0,0,11.0,8.0,20231013,20240124,1.0,0.0,20231115,2,3,21,0,,,,EP,1,0,0,0,0,0,0,0,0,0,2023,11,779,2.132785763175907,0,0,3.091042453358316,2.6390573296152584,0,2.223134839151266,1.9411362080766599,103,0.28199863107460643,28.795914710625336,0,2.838792237443745,3.0079914160885086,2.921055960689865,0,103.0,4.6443908991413725,0.04465760479943627
1798,EP4277177A2,20231115,1.3712585507423745,1,2,6,0,24,,12,0,0,8.0,7.0,20231013,20240117,1.0,0.0,20231115,2,6,24,0,,,,EP,1,0,0,0,0,0,0,0,0,0,2023,11,779,2.132785763175907,0,0,3.2188758248682006,2.5649493574615367,0,2.223134839151266,1.9603011635865846,96,0.26283367556468173,22.048670062252405,0,2.9102281652192965,3.0679283705581057,2.8277830330262184,0,96.0,4.574710978503383,0.04716196885055034
1799,EP4295901A2,20231227,0.9887510598012987,0,2,2,0,8,,11,0,0,18.0,11.0,20231124,20251210,1.0,0.0,20231227,2,2,8,0,,,,EP,1,0,0,0,0,0,0,0,0,0,2023,12,737,2.0177960301163584,0,0,2.1972245773362196,2.4849066497880004,0,2.108145106091718,0.06297056810403832,747,2.0451745379876796,8.39092562458122,1,2.479695049674099,4.106799772466707,4.53008118777568,1,747.0,6.617402977974478,0.00884679542509957
1800,EP4266267A2,20231025,1.2748429305393785,1,2,6,0,16,,16,0,0,17.0,10.0,20230922,20250115,1.0,0.0,20231025,2,6,16,0,,,,EP,1,0,0,0,0,0,0,0,0,0,2023,10,800,2.190280629705681,0,0,2.833213344056216,2.833213344056216,0,2.2806297056810405,0.9637234770704997,481,1.3169062286105406,11.997971112506642,1,2.9747709369731083,4.164914674139433,4.150119572666757,1,481.0,6.1779441140506,0.012817311439939005
1801,EP4274114A2,20231108,1.4759361344569208,2,2,6,0,37,,12,0,0,19.0,8.0,20231006,20250226,1.0,0.0,20231108,2,6,37,0,,,,EP,1,0,0,0,0,0,0,0,0,0,2023,11,786,2.1519507186858315,0,0,3.6375861597263857,2.5649493574615367,0,2.242299794661191,0.8487337440109514,509,1.3935660506502396,12.721231840887217,1,3.0149057489338427,4.251045379323987,3.9585154081117766,1,509.0,6.234410725718371,0.012224334756310531
1802,EP4262208A2,20231018,1.398750216354447,2,2,8,0,23,,30,0,0,18.0,11.0,20230915,20251015,1.0,0.0,20231018,2,8,23,0,,,,EP,1,0,0,0,0,0,0,0,0,0,2023,10,807,2.209445585215606,0,0,3.1780538303479458,3.4339872044851463,0,2.299794661190965,0.216290212183436,761,2.083504449007529,8.243628726372215,1,3.459142539045535,5.109245208450052,5.517491653492675,2,761.0,6.635946555686647,0.00870859128042867
1803,EP4269224A2,20231101,1.2891325339993656,1,2,6,0,17,,9,0,0,15.0,10.0,20230929,20250409,1.0,0.0,20231101,2,6,17,0,,,,EP,1,0,0,0,0,0,0,0,0,0,2023,11,793,2.1711156741957565,0,0,2.8903717578961645,2.302585092994046,0,2.2614647501711156,0.7337440109514032,558,1.5277207392197125,9.215339977292796,1,2.670683589795793,3.9873160333276205,3.8303058322137584,1,558.0,6.326149473155099,0.011316904245357959
1804,EP4276608A2,20231115,1.4246222550560474,2,2,18,0,16,,10,0,0,11.0,9.0,20231013,20240221,1.0,0.0,20231115,2,18,16,0,,,,EP,1,0,0,0,0,0,0,0,0,0,2023,11,779,2.132785763175907,0,0,2.833213344056216,2.3978952727983707,0,2.223134839151266,1.864476386036961,131,0.3586584531143053,23.982987613788985,0,2.8633594187350697,3.078554490603653,2.756553725912676,0,131.0,4.882801922586371,0.03699092365595735
1805,EP4277179A1,20231115,1.6325262247749388,2,2,14,0,44,,15,0,0,5.0,5.0,20231013,20231115,1.0,0.0,20231115,2,14,44,0,,,,EP,1,0,0,0,0,0,0,0,0,0,2023,11,779,2.132785763175907,0,0,3.8066624897703196,2.772588722239781,0,2.223134839151266,2.132785763175907,33,0.09034907597535935,26.267529665587915,0,3.2960794581188075,3.350288903704023,2.8629377982151407,0,33.0,3.5263605246161616,0.1037164860181224
1806,EP4275604A2,20231115,1.492446603330059,2,2,12,0,27,,17,0,0,15.0,10.0,20231013,20251210,1.0,0.0,20231115,2,12,27,0,,,,EP,1,0,0,0,0,0,0,0,0,0,2023,11,779,2.132785763175907,0,0,3.332204510175204,2.8903717578961645,0,2.223134839151266,0.06297056810403832,789,2.1601642710472277,6.636685745434724,1,3.226669658067758,4.922768220696095,5.050536028943393,2,789.0,6.672032945461067,0.00844561132336844
1807,EP4285846A2,20231206,1.3881103127497478,2,2,8,0,22,,10,0,0,62.0,15.0,20231103,20251222,1.0,0.0,20231206,2,8,22,0,,,,EP,1,0,0,0,0,0,0,0,0,0,2023,12,758,2.0752908966461328,0,0,3.1354942159291497,2.3978952727983707,0,2.1656399726214923,0.030116358658453114,780,2.135523613963039,27.733994672545236,1,2.82684747642877,4.508161644806594,4.53341888676141,2,780.0,6.660575149839686,0.008528265236670532
1808,EP4290077A1,20231213,1.0150911887157554,0,2,2,0,9,,4,0,0,21.0,13.0,20230908,20251211,1.0,0.0,20231213,2,2,9,0,,,,EP,1,0,0,0,0,0,0,0,0,0,2023,12,751,2.0561259411362083,0,0,2.302585092994046,1.6094379124341003,0,2.31895961670089,0.06023271731690623,825,2.2587268993839835,8.90310786106033,1,1.9807539361762156,3.7359900758066056,3.868164811818084,1,825.0,6.716594773520978,0.00813147067012225
1809,EP4290256A1,20231213,1.2254634212144606,1,2,8,0,11,,7,0,0,35.0,17.0,20230908,20251112,1.0,0.0,20231213,2,8,11,0,,,,EP,1,0,0,0,0,0,0,0,0,0,2023,12,751,2.0561259411362083,0,0,2.4849066497880004,2.0794415416798357,0,2.31895961670089,0.13963039014373715,796,2.1793292265571527,15.355394732890904,1,2.473128346222362,4.180725882156653,4.258770768236989,1,796.0,6.680854678790215,0.008382502733739292
1810,EP4290633A1,20231213,1.2521785038237525,1,2,4,0,18,,7,0,0,16.0,9.0,20230908,20250806,1.0,0.0,20231213,2,4,18,0,,,,EP,1,0,0,0,0,0,0,0,0,0,2023,12,751,2.0561259411362083,0,0,2.9444389791664403,2.0794415416798357,0,2.31895961670089,0.4079397672826831,698,1.9110198494182067,7.956162145604303,1,2.499843428831654,4.046455338482578,3.9904613910980427,1,698.0,6.54965074223381,0.009370029674154234
1811,EP4288060A1,20231213,1.3314169829085507,1,4,8,0,10,,7,0,0,14.0,9.0,20230908,20250723,1.0,0.0,20231213,4,8,10,0,,,,EP,1,0,0,0,0,0,0,0,0,0,2023,12,751,2.0561259411362083,0,0,2.3978952727983707,2.0794415416798357,0,2.31895961670089,0.4462696783025325,684,1.8726899383983573,7.096908504215675,1,2.579081907916452,4.102695870955467,3.952131480078193,1,684.0,6.529418838262226,0.009531998304032447
1812,EP4261896A2,20231018,1.395505220577868,2,2,12,0,18,,7,0,0,33.0,17.0,20230915,20251203,1.0,0.0,20231018,2,12,18,0,,,,EP,1,0,0,0,0,0,0,0,0,0,2023,10,807,2.209445585215606,0,0,2.9444389791664403,2.0794415416798357,0,2.299794661190965,0.08213552361396304,810,2.217659137577002,14.238504474173828,1,2.6431701455857697,4.373765628131971,4.297100679256838,2,810.0,6.698268054115413,0.008259270103718143
1813,EP4290622A1,20231213,1.3369223455335852,1,3,4,0,19,,5,0,0,11.0,9.0,20230907,20250709,1.0,0.0,20231213,3,4,19,0,,,,EP,1,0,0,0,0,0,0,0,0,0,2023,12,751,2.0561259411362083,0,0,2.995732273553991,1.791759469228055,0,2.321697467488022,0.48459958932238195,671,1.83709787816564,5.678597929401787,1,2.4119780270704183,3.9142367539698024,3.628857347393695,1,671.0,6.51025834052315,0.009687884435302305
1814,EP4261797A2,20231018,1.4182109170690704,2,2,10,0,22,,15,0,0,13.0,9.0,20230915,20240821,1.0,0.0,20231018,2,10,22,0,,,,EP,1,0,0,0,0,0,0,0,0,0,2023,10,807,2.209445585215606,0,0,3.1354942159291497,2.772588722239781,0,2.299794661190965,1.3661875427789185,341,0.9336071184120466,12.577312760744322,0,3.081764150412939,3.6419284214601673,3.706195840651828,0,341.0,5.834810737062605,0.01706085010837019
1815,EP4269377A2,20231101,1.382502734732074,2,2,4,0,31,,46,0,0,10.0,7.0,20230929,20231227,1.0,0.0,20231101,2,4,31,0,,,,EP,1,0,0,0,0,0,0,0,0,0,2023,11,793,2.1711156741957565,0,0,3.4657359027997265,3.8501476017100584,0,2.2614647501711156,2.0177960301163584,89,0.243668720054757,29.09778928500299,0,3.692591295758109,3.838792527790963,4.093816321764815,1,89.0,4.499809670330265,0.04999788522589183
1816,EP4276310A2,20231115,1.091715032280654,0,2,4,0,9,,7,0,0,26.0,14.0,20231013,20251008,1.0,0.0,20231115,2,4,9,0,,,,EP,1,0,0,0,0,0,0,0,0,0,2023,11,779,2.132785763175907,0,0,2.302585092994046,2.0794415416798357,0,2.223134839151266,0.23545516769336072,726,1.9876796714579055,12.454017901052426,1,2.339379957288555,3.9319877601632984,4.067121213137741,1,726.0,6.588926477533519,0.009063172596332214
1817,EP4295853A2,20231227,1.381063729030695,2,2,6,0,25,,22,0,0,20.0,9.0,20231124,20241009,1.0,0.0,20231227,2,6,25,0,,,,EP,1,0,0,0,0,0,0,0,0,0,2023,12,737,2.0177960301163584,0,0,3.258096538021482,3.1354942159291497,0,2.108145106091718,1.2320328542094456,320,0.8761122518822724,20.48944674286516,0,3.262360258588185,3.788027609717548,4.011606467811422,1,320.0,5.771441123130016,0.01797956736177575
1818,EP4265887A2,20231025,1.3026493393169345,1,2,6,0,18,,4,0,0,15.0,9.0,20230922,20240918,1.0,0.0,20231025,2,6,18,0,,,,EP,1,0,0,0,0,0,0,0,0,0,2023,10,800,2.190280629705681,0,0,2.9444389791664403,1.6094379124341003,0,2.2806297056810405,1.2895277207392197,362,0.9911019849418207,13.747569161282229,0,2.2683120867773945,2.862973277742487,2.600539897375921,0,362.0,5.8944028342648505,0.01623802433681777
1819,EP4276186A2,20231115,1.361053052112311,1,2,6,0,23,,23,0,0,12.0,8.0,20231013,20241016,1.0,0.0,20231115,2,6,23,0,,,,EP,1,0,0,0,0,0,0,0,0,0,2023,11,779,2.132785763175907,0,0,3.1780538303479458,3.1780538303479458,0,2.223134839151266,1.212867898699521,369,1.0102669404517455,10.808211577584611,0,3.2678853503210785,3.874045514592126,4.188320770799692,1,369.0,5.91350300563827,0.015982440555779107
1820,EP4283475A2,20231129,1.080682254832628,0,2,2,0,12,,5,0,0,17.0,8.0,20231027,20250108,1.0,0.0,20231129,2,2,12,0,,,,EP,1,0,0,0,0,0,0,0,0,0,2023,11,765,2.0944558521560577,0,0,2.5649493574615367,1.791759469228055,0,2.184804928131417,0.9828884325804244,439,1.2019164955509924,13.057673098154671,1,2.155737936369461,3.2768878337000564,2.9936759647790474,0,439.0,6.0867747269123065,0.013833578924800697
1821,EP4266228A2,20231025,1.2755747024521673,1,2,10,0,12,,15,0,0,23.0,13.0,20230922,20250917,1.0,0.0,20231025,2,10,12,0,,,,EP,1,0,0,0,0,0,0,0,0,0,2023,10,800,2.190280629705681,0,0,2.5649493574615367,2.772588722239781,0,2.2806297056810405,0.2929500342231348,726,1.9876796714579055,11.017015835546376,1,2.9391279357960363,4.53173573867078,4.760268393697687,2,726.0,6.588926477533519,0.009063172596332214
1822,EP4269397A2,20231101,1.1164574657427964,0,2,2,0,14,,15,0,0,17.0,10.0,20230929,20250604,1.0,0.0,20231101,2,2,14,0,,,,EP,1,0,0,0,0,0,0,0,0,0,2023,11,793,2.1711156741957565,0,0,2.70805020110221,2.772588722239781,0,2.2614647501711156,0.5804243668720055,614,1.68104038329911,9.544982898428193,1,2.780010699086665,4.188634929066131,4.453629105538891,1,614.0,6.421622267806518,0.010441662224075639
1823,EP4275747A2,20231115,1.4481297256793648,2,2,6,0,33,,9,0,0,18.0,8.0,20231013,20241218,1.0,0.0,20231115,2,6,33,0,,,,EP,1,0,0,0,0,0,0,0,0,0,2023,11,779,2.132785763175907,0,0,3.5263605246161616,2.302585092994046,0,2.223134839151266,1.0403832991101984,432,1.1827515400410678,14.032335521050102,0,2.8296807814757923,3.539331705500433,3.4853366330351134,0,432.0,6.07073772800249,0.01402017951039836
1824,EP4266651A1,20231025,1.463031056022769,2,4,2,0,35,,12,0,0,33.0,12.0,20230922,20251215,1.0,0.0,20231025,4,2,35,0,,,,EP,1,0,0,0,0,0,0,0,0,0,2023,10,800,2.190280629705681,0,0,3.58351893845611,2.5649493574615367,0,2.2806297056810405,0.049281314168377825,815,2.2313483915126624,14.15489856434045,1,3.002000670499691,4.740809705407289,4.796297748974199,2,815.0,6.704414354964107,0.008216194062456014
1825,EP4275628A2,20231115,1.6486608550593318,2,2,14,0,47,,26,0,0,12.0,8.0,20231013,20240814,1.0,0.0,20231115,2,14,47,0,,,,EP,1,0,0,0,0,0,0,0,0,0,2023,11,779,2.132785763175907,0,0,3.871201010907891,3.295836866004329,0,2.223134839151266,1.3853524982888432,306,0.837782340862423,12.796146266695862,0,3.6261629746619293,4.128832379179383,4.1336192068667525,1,306.0,5.726847747587197,0.018654227190837775
1826,EP4266254A2,20231025,1.418760893272831,2,2,8,0,25,,9,0,0,19.0,10.0,20230922,20250521,1.0,0.0,20231025,2,8,25,0,,,,EP,1,0,0,0,0,0,0,0,0,0,2023,10,800,2.190280629705681,0,0,3.258096538021482,2.302585092994046,0,2.2806297056810405,0.6187542778918549,607,1.6618754277891854,10.783963326988074,1,2.8003119490692585,4.19743720574277,3.9644605207832315,1,607.0,6.410174881966167,0.010543050792707512
1827,EP4279574A2,20231122,1.6830166241889704,2,2,6,0,86,,135,0,0,17.0,12.0,20231020,20251119,1.0,0.0,20231122,2,6,86,0,,,,EP,1,0,0,0,0,0,0,0,0,0,2023,11,772,2.113620807665982,0,0,4.465908118654584,4.912654885736052,0,2.2039698836413417,0.12046543463381246,761,2.083504449007529,7.785649352684869,1,4.630609555630602,6.28071222503512,6.996159334743581,2,761.0,6.635946555686647,0.00870859128042867
1828,EP4282274A2,20231129,1.432156089125837,2,2,12,0,21,,23,0,0,10.0,8.0,20231027,20240619,1.0,0.0,20231129,2,12,21,0,,,,EP,1,0,0,0,0,0,0,0,0,0,2023,11,765,2.0944558521560577,0,0,3.091042453358316,3.1780538303479458,0,2.184804928131417,1.538672142368241,236,0.6461327857631759,13.402440143106137,0,3.338988387334604,3.7266680587925096,3.8241866161111218,1,236.0,5.4680601411351315,0.023071983717869754
1829,EP4260835A2,20231018,1.6374012271432945,2,2,12,0,49,,23,0,0,27.0,14.0,20230915,20251119,1.0,0.0,20231018,2,12,49,0,,,,EP,1,0,0,0,0,0,0,0,0,0,2023,10,807,2.209445585215606,0,0,3.912023005428146,3.1780538303479458,0,2.299794661190965,0.12046543463381246,796,2.1793292265571527,11.84559022251584,1,3.5442335253520616,5.251831061286353,5.357383056905098,2,796.0,6.680854678790215,0.008382502733739292
1830,EP4282487A2,20231129,1.8189692773950115,2,2,16,0,87,,33,0,0,13.0,9.0,20231027,20240918,1.0,0.0,20231129,2,16,87,0,,,,EP,1,0,0,0,0,0,0,0,0,0,2023,11,765,2.0944558521560577,0,0,4.477336814478207,3.5263605246161616,0,2.184804928131417,1.2895277207392197,327,0.8952772073921971,13.061687641840315,0,3.934785592164708,4.471951916600027,4.421637732008358,2,327.0,5.793013608384144,0.017661626854829707
1831,EP4274088A2,20231108,1.2812493090430128,1,2,8,0,14,,4,0,0,14.0,9.0,20231006,20240703,1.0,0.0,20231108,2,8,14,0,,,,EP,1,0,0,0,0,0,0,0,0,0,2023,11,786,2.1519507186858315,0,0,2.70805020110221,1.6094379124341003,0,2.242299794661191,1.5003422313483916,271,0.7419575633127995,16.62791642955857,0,2.246912056503473,2.692086594491153,2.3513954757468998,0,271.0,5.605802066295998,0.020609566420205873
1832,EP4261463A2,20231018,1.3113499133623354,1,2,10,0,14,,5,0,0,12.0,8.0,20230915,20251210,1.0,0.0,20231018,2,10,14,0,,,,EP,1,0,0,0,0,0,0,0,0,0,2023,10,807,2.209445585215606,0,0,2.70805020110221,1.791759469228055,0,2.299794661190965,0.06297056810403832,817,2.236824093086927,5.135174716616384,1,2.386405594899168,4.128500050751325,4.0285835623149815,1,817.0,6.706862336602747,0.008199098211005803
1833,EP4266259A2,20231025,1.115542577231735,0,2,4,0,10,,8,0,0,20.0,13.0,20230922,20251112,1.0,0.0,20231025,2,4,10,0,,,,EP,1,0,0,0,0,0,0,0,0,0,2023,10,800,2.190280629705681,0,0,2.3978952727983707,2.1972245773362196,0,2.2806297056810405,0.13963039014373715,782,2.1409993155373033,8.924589963654133,1,2.4338773236334665,4.118476912955849,4.338223892873523,1,782.0,6.663132695990803,0.008509748015313925
1834,EP4276328A2,20231115,1.4498043476392408,2,4,14,0,12,,4,0,0,14.0,9.0,20231013,20241030,1.0,0.0,20231115,4,14,12,0,,,,EP,1,0,0,0,0,0,0,0,0,0,2023,11,779,2.132785763175907,0,0,2.5649493574615367,1.6094379124341003,0,2.223134839151266,1.1745379876796715,383,1.0485968514715949,12.188784935343541,0,2.415467095099701,3.044625205982658,2.658034763905695,0,383.0,5.950642552587727,0.015496464980697205
1835,EP4283887A2,20231129,1.115542577231735,0,2,4,0,10,,6,0,0,12.0,8.0,20231027,20250115,1.0,0.0,20231129,2,4,10,0,,,,EP,1,0,0,0,0,0,0,0,0,0,2023,11,765,2.0944558521560577,0,0,2.3978952727983707,1.9459101490553132,0,2.184804928131417,0.9637234770704997,446,1.2210814510609171,9.083467177866432,1,2.283088666664923,3.415737537301473,3.1669916001162304,0,446.0,6.102558594613569,0.013652256363788745
1836,EP4275530A2,20231115,1.2092159395920876,0,2,4,0,15,,20,0,0,14.0,9.0,20231013,20240821,1.0,0.0,20231115,2,4,15,0,,,,EP,1,0,0,0,0,0,0,0,0,0,2023,11,779,2.132785763175907,0,0,2.772588722239781,3.044522437723423,0,2.223134839151266,1.3661875427789185,313,0.8569472963723477,14.629854802946857,0,3.0359294022261416,3.5500977800495503,3.9014697340957705,0,313.0,5.749392985908253,0.018310168744930744
1837,EP4282466A2,20231129,1.1325920960271891,0,2,2,0,15,,10,0,0,13.0,9.0,20231027,20240828,1.0,0.0,20231129,2,2,15,0,,,,EP,1,0,0,0,0,0,0,0,0,0,2023,11,765,2.0944558521560577,0,0,2.772588722239781,2.3978952727983707,0,2.184804928131417,1.3470225872689938,306,0.837782340862423,13.862491788920517,0,2.5713292597062116,3.0739986642236654,3.2356776136607937,0,306.0,5.726847747587197,0.018654227190837775
1838,EP4270086A2,20231101,1.4460607162640788,2,2,8,0,28,,18,0,0,28.0,9.0,20230929,20241120,1.0,0.0,20231101,2,8,28,0,,,,EP,1,0,0,0,0,0,0,0,0,0,2023,11,793,2.1711156741957565,0,0,3.367295829986474,2.9444389791664403,0,2.2614647501711156,1.1170431211498972,418,1.1444216290212184,22.500412518563333,0,3.212724103763943,3.8993770811766737,4.088860608187659,1,418.0,6.037870919922137,0.014410193126305816
1839,EP4275991A2,20231115,1.0863999799452833,0,2,6,0,7,,14,0,0,40.0,15.0,20231013,20260101,1.0,0.0,20231115,2,6,7,0,,,,EP,1,0,0,0,0,0,0,0,0,0,2023,11,779,2.132785763175907,0,0,2.0794415416798357,2.70805020110221,0,2.223134839151266,0.0027378507871321013,811,2.220396988364134,17.238429544851183,1,2.7112301006066093,4.44346829362509,4.928447189466344,2,811.0,6.699500340161678,0.00825061618246512
1840,EP4261766A2,20231018,1.208701620120313,0,2,12,0,8,,8,0,0,12.0,9.0,20230915,20251217,1.0,0.0,20231018,2,12,8,0,,,,EP,1,0,0,0,0,0,0,0,0,0,2023,10,807,2.209445585215606,0,0,2.1972245773362196,2.1972245773362196,0,2.299794661190965,0.04380561259411362,824,2.2559890485968515,5.09340228348973,1,2.5270363665220446,4.280629795680156,4.453213625933071,1,824.0,6.715383386334681,0.008139858650102643
1841,EP4260834A2,20231018,1.0530171317891528,0,2,6,0,6,,14,0,0,40.0,15.0,20230915,20251029,1.0,0.0,20231018,2,6,6,0,,,,EP,1,0,0,0,0,0,0,0,0,0,2023,10,807,2.209445585215606,0,0,1.9459101490553132,2.70805020110221,0,2.299794661190965,0.17796030116358658,775,2.1218343600273784,18.003142232217122,1,2.677847252450479,4.350947868466906,4.829884561129589,2,775.0,6.654152520183219,0.008574938814669097
1842,EP4297407A1,20231227,1.3904988110264067,2,2,6,0,26,,8,0,0,7.0,6.0,20231124,20240703,1.0,0.0,20231227,2,6,26,0,,,,EP,1,0,0,0,0,0,0,0,0,0,2023,12,737,2.0177960301163584,0,0,3.295836866004329,2.1972245773362196,0,2.108145106091718,1.5003422313483916,222,0.6078028747433265,9.889759210908036,0,2.7088335574281386,3.0735152822741343,2.805027452079546,0,222.0,5.407171771460119,0.024247407046906363
1843,EP4262153A2,20231018,1.6472218493579525,2,2,20,0,38,,11,0,0,15.0,8.0,20230915,20240103,1.0,0.0,20231018,2,20,38,0,,,,EP,1,0,0,0,0,0,0,0,0,0,2023,10,807,2.209445585215606,0,0,3.6635616461296463,2.4849066497880004,0,2.299794661190965,1.998631074606434,110,0.30116358658453113,37.39123016550077,0,3.1381658392307523,3.318863991181471,2.7860702363725314,0,110.0,4.709530201312334,0.04242820001182283
1844,EP4283605A2,20231129,1.2005755248980996,0,2,2,0,20,,6,0,0,12.0,9.0,20231027,20240821,1.0,0.0,20231129,2,2,20,0,,,,EP,1,0,0,0,0,0,0,0,0,0,2023,11,765,2.0944558521560577,0,0,3.044522437723423,1.9459101490553132,0,2.184804928131417,1.3661875427789185,299,0.8186173853524983,13.063110051411966,0,2.3681216143312875,2.8592920455427864,2.7645275344078115,0,299.0,5.703782474656201,0.019012608248854004
1845,EP4277191A2,20231115,1.5159274942408234,2,2,10,0,33,,7,0,0,13.0,10.0,20231013,20251217,1.0,0.0,20231115,2,10,33,0,,,,EP,1,0,0,0,0,0,0,0,0,0,2023,11,779,2.132785763175907,0,0,3.5263605246161616,2.0794415416798357,0,2.223134839151266,0.04380561259411362,796,2.1793292265571527,5.703432329359479,1,2.7635924192487247,4.471189955183016,4.258770768236989,2,796.0,6.680854678790215,0.008382502733739292
1846,EP4273681A2,20231108,1.3904988110264067,2,2,6,0,26,,11,0,0,13.0,8.0,20231006,20250702,1.0,0.0,20231108,2,6,26,0,,,,EP,1,0,0,0,0,0,0,0,0,0,2023,11,786,2.1519507186858315,0,0,3.295836866004329,2.4849066497880004,0,2.242299794661191,0.5037645448323066,635,1.7385352498288844,7.070846208257324,1,2.881442800899207,4.324563950796538,4.223441899616885,2,635.0,6.455198563340122,0.010149683275692016
1847,EP4275621A1,20231115,1.2521785038237525,1,2,4,0,18,,6,0,0,7.0,6.0,20231013,20240619,1.0,0.0,20231115,2,4,18,0,,,,EP,1,0,0,0,0,0,0,0,0,0,2023,11,779,2.132785763175907,0,0,2.9444389791664403,1.9459101490553132,0,2.223134839151266,1.538672142368241,250,0.6844626967830253,8.923305121717128,0,2.4197245932569404,2.8304022113267555,2.6303728458383384,0,250.0,5.5254529391317835,0.0220137567296087
1848,EP4260815A2,20231018,1.2999423130144299,1,2,4,0,22,,11,0,0,16.0,9.0,20230915,20250618,1.0,0.0,20231018,2,4,22,0,,,,EP,1,0,0,0,0,0,0,0,0,0,2023,10,807,2.209445585215606,0,0,3.1354942159291497,2.4849066497880004,0,2.299794661190965,0.5420944558521561,642,1.757700205338809,8.612799823145794,1,2.79088630288723,4.2455064260905155,4.24260685512681,1,642.0,6.466144724237619,0.010056212634895208
1849,EP4262295A2,20231018,1.0025462962959708,0,2,4,0,6,,8,0,0,19.0,13.0,20230915,20251202,1.0,0.0,20231018,2,4,6,0,,,,EP,1,0,0,0,0,0,0,0,0,0,2023,10,807,2.209445585215606,0,0,1.9459101490553132,2.1972245773362196,0,2.299794661190965,0.08487337440109514,809,2.21492128678987,8.207622483072647,1,2.3208810426977022,4.049833814771625,4.41214586412609,1,809.0,6.697034247666484,0.008267943515637635
1850,EP4262285A2,20231018,1.492446603330059,2,2,12,0,27,,19,0,0,12.0,8.0,20230915,20231227,1.0,0.0,20231018,2,12,27,0,,,,EP,1,0,0,0,0,0,0,0,0,0,2023,10,807,2.209445585215606,0,0,3.332204510175204,2.995732273553991,0,2.299794661190965,2.0177960301163584,103,0.28199863107460643,31.413725138864006,0,3.289885967462453,3.459085146107217,3.2777309046285974,0,103.0,4.6443908991413725,0.04465760479943627
1851,EP4277425A2,20231115,1.3904988110264067,2,2,6,0,26,,21,0,0,55.0,17.0,20231013,20251022,1.0,0.0,20231115,2,6,26,0,,,,EP,1,0,0,0,0,0,0,0,0,0,2023,11,779,2.132785763175907,0,0,3.295836866004329,3.091042453358316,0,2.223134839151266,0.1971252566735113,740,2.026009582477755,25.870062135797298,1,3.245124283041396,4.86073003252805,5.117052035836071,2,740.0,6.608000625296087,0.008917679656270022
1852,EP4275637A2,20231115,1.3569303025608241,1,2,10,0,17,,6,0,0,15.0,9.0,20231013,20250416,1.0,0.0,20231115,2,10,17,0,,,,EP,1,0,0,0,0,0,0,0,0,0,2023,11,779,2.132785763175907,0,0,2.8903717578961645,1.9459101490553132,0,2.223134839151266,0.7145790554414785,551,1.5085557837097878,9.325135100634014,1,2.5244763919940123,3.829609862219885,3.454465932765101,1,551.0,6.313548046277095,0.011437587040357055
1853,EP4260821A2,20231018,1.1930813093076948,0,2,4,0,14,,9,0,0,15.0,11.0,20230915,20251015,1.0,0.0,20231018,2,4,14,0,,,,EP,1,0,0,0,0,0,0,0,0,0,2023,10,807,2.209445585215606,0,0,2.70805020110221,2.302585092994046,0,2.299794661190965,0.216290212183436,761,2.083504449007529,6.869690605310178,1,2.5746323651041223,4.22473503450864,4.386089542001574,1,761.0,6.635946555686647,0.00870859128042867
1854,EP4262271A2,20231018,1.0653749033661972,0,2,4,0,8,,4,0,0,20.0,10.0,20230915,20251217,1.0,0.0,20231018,2,4,8,0,,,,EP,1,0,0,0,0,0,0,0,0,0,2023,10,807,2.209445585215606,0,0,2.1972245773362196,1.6094379124341003,0,2.299794661190965,0.04380561259411362,824,2.2559890485968515,8.489003805816216,1,2.0310376508266574,3.784631079984768,3.865426961030952,1,824.0,6.715383386334681,0.008139858650102643
1855,EP4276311A2,20231115,1.398750216354447,2,2,8,0,23,,13,0,0,20.0,11.0,20231013,20251112,1.0,0.0,20231115,2,8,23,0,,,,EP,1,0,0,0,0,0,0,0,0,0,2023,11,779,2.132785763175907,0,0,3.1780538303479458,2.6390573296152584,0,2.223134839151266,0.13963039014373715,761,2.083504449007529,9.159587473746905,1,2.982184614123602,4.63228728352812,4.722561778622787,2,761.0,6.635946555686647,0.00870859128042867
1856,EP4279026A2,20231122,1.4732291081544162,2,2,4,0,45,,14,0,0,11.0,8.0,20231020,20240306,1.0,0.0,20231122,2,4,45,0,,,,EP,1,0,0,0,0,0,0,0,0,0,2023,11,772,2.113620807665982,0,0,3.828641396489095,2.70805020110221,0,2.2039698836413417,1.8261464750171115,138,0.37782340862423,23.021057155135367,0,3.0980592288157425,3.3247532739902805,3.08587360972644,0,138.0,4.9344739331306915,0.03549981246856613
1857,EP4276539A2,20231115,1.0150911887157554,0,2,2,0,9,,14,0,0,32.0,18.0,20231013,20251028,1.0,0.0,20231115,2,2,9,0,,,,EP,1,0,0,0,0,0,0,0,0,0,2023,11,779,2.132785763175907,0,0,2.302585092994046,2.70805020110221,0,2.223134839151266,0.1806981519507187,746,2.0424366872005475,14.936264017124053,1,2.6399213093770815,4.26538332169741,4.750486888302758,1,746.0,6.616065185132817,0.00885684763739333
1858,EP4275962A2,20231115,1.0025462962959708,0,2,4,0,6,,6,0,0,62.0,17.0,20231013,20251112,1.0,1.0,20231115,2,4,6,0,,,,EP,1,0,0,0,0,0,0,0,0,0,2023,11,779,2.132785763175907,0,0,1.9459101490553132,1.9459101490553132,0,2.223134839151266,0.13963039014373715,761,2.083504449007529,28.394721168615405,1,2.1700923857291587,3.820195055133676,4.029414598062842,1,761.0,6.635946555686647,0.00870859128042867
1859,EP4280401A2,20231122,1.115542577231735,0,2,4,0,10,,6,0,0,13.0,9.0,20231020,20251203,1.0,0.0,20231122,2,4,10,0,,,,EP,1,0,0,0,0,0,0,0,0,0,2023,11,772,2.113620807665982,0,0,2.3978952727983707,1.9459101490553132,0,2.2039698836413417,0.08213552361396304,775,2.1218343600273784,5.851021225470565,1,2.283088666664923,3.95618928268135,4.067744509082692,1,775.0,6.654152520183219,0.008574938814669097
1860,EP4268717A2,20231101,1.2539690499726144,1,2,2,0,25,,15,0,0,39.0,16.0,20230929,20251113,1.0,0.0,20231101,2,2,25,0,,,,EP,1,0,0,0,0,0,0,0,0,0,2023,11,793,2.1711156741957565,0,0,3.258096538021482,2.772588722239781,0,2.2614647501711156,0.13689253935660506,776,2.1245722108145104,17.531460570443986,1,2.917522283316483,4.59226560980519,4.897160933054291,2,776.0,6.655440350367647,0.00856556029648346
1861,EP4290478A1,20231213,1.1325920960271891,0,2,2,0,15,,7,0,0,17.0,8.0,20230907,20250625,1.0,0.0,20231213,2,2,15,0,,,,EP,1,0,0,0,0,0,0,0,0,0,2023,12,751,2.0561259411362083,0,0,2.772588722239781,2.0794415416798357,0,2.321697467488022,0.5229295003422314,657,1.7987679671457906,8.95317400237915,1,2.3802570210350904,3.8595178013225646,3.878209508825626,1,657.0,6.489204931325317,0.009862013573442732
1862,EP4295792A2,20231227,1.492446603330059,2,2,12,0,27,,28,0,0,17.0,11.0,20231124,20251001,1.0,0.0,20231227,2,12,27,0,,,,EP,1,0,0,0,0,0,0,0,0,0,2023,12,737,2.0177960301163584,0,0,3.332204510175204,3.367295829986474,0,2.108145106091718,0.2546201232032854,677,1.8535249828884326,8.702217862023055,1,3.5128241013219434,5.024939091055003,5.220820812874907,2,677.0,6.519147287940395,0.009615261486637751
1863,EP4276620A2,20231115,0.9279312935850741,0,2,1,0,8,,9,0,0,12.0,9.0,20231013,20250917,1.0,0.0,20231115,2,1,8,0,,,,EP,1,0,0,0,0,0,0,0,0,0,2023,11,779,2.132785763175907,0,0,2.1972245773362196,2.302585092994046,0,2.223134839151266,0.2929500342231348,705,1.9301848049281314,5.910791949023971,1,2.3094823493815015,3.8675932323383804,4.232769897922177,1,705.0,6.559615237493242,0.009291239713163231
1864,EP4286000A2,20231206,1.5326297754435374,2,2,8,0,40,,47,0,0,17.0,10.0,20231103,20240918,1.0,0.0,20231206,2,8,40,0,,,,EP,1,0,0,0,0,0,0,0,0,0,2023,12,758,2.0752908966461328,0,0,3.713572066704308,3.871201010907891,0,2.1656399726214923,1.2895277207392197,320,0.8761122518822724,17.416029731435383,0,3.855350381988272,4.381017733117636,4.747313262790163,2,320.0,5.771441123130016,0.01797956736177575
1865,EP4269162A2,20231101,1.381063729030695,2,2,6,0,25,,11,0,0,15.0,7.0,20230929,20240117,1.0,0.0,20231101,2,6,25,0,,,,EP,1,0,0,0,0,0,0,0,0,0,2023,11,793,2.1711156741957565,0,0,3.258096538021482,2.4849066497880004,0,2.2614647501711156,1.9603011635865846,110,0.30116358658453113,37.39123016550077,0,2.872007718903495,3.0527058708542136,2.7860702363725314,0,110.0,4.709530201312334,0.04242820001182283
1866,EP4292702A2,20231220,1.4254652989637389,2,2,4,0,37,,28,0,0,123.0,14.0,20231117,20251203,1.0,0.0,20231220,2,4,37,0,,,,EP,1,0,0,0,0,0,0,0,0,0,2023,12,744,2.0369609856262834,0,0,3.6375861597263857,3.367295829986474,0,2.127310061601643,0.08213552361396304,747,2.0451745379876796,57.337991767971666,1,3.445842796955623,5.072947519748231,5.412470367974153,2,747.0,6.617402977974478,0.00884679542509957
1867,EP4296859A2,20231227,1.2806221382332579,1,2,12,0,11,,10,0,0,11.0,8.0,20231124,20241016,1.0,0.0,20231227,2,12,11,0,,,,EP,1,0,0,0,0,0,0,0,0,0,2023,12,737,2.0177960301163584,0,0,2.4849066497880004,2.3978952727983707,0,2.108145106091718,1.212867898699521,327,0.8952772073921971,11.052197235403343,0,2.71935930191228,3.256525626347598,3.2931724801905675,0,327.0,5.793013608384144,0.017661626854829707
1868,EP4296729A2,20231227,1.4692690726863806,2,2,6,0,36,,11,0,0,11.0,8.0,20231124,20250820,1.0,0.0,20231227,2,6,36,0,,,,EP,1,0,0,0,0,0,0,0,0,0,2023,12,737,2.0177960301163584,0,0,3.6109179126442243,2.4849066497880004,0,2.108145106091718,0.36960985626283366,635,1.7385352498288844,5.983023714679274,1,2.9602130625591805,4.403334212456511,4.223441899616885,2,635.0,6.455198563340122,0.010149683275692016
1869,EP4268682A2,20231101,1.2338111812863757,1,2,10,0,10,,22,0,0,13.0,9.0,20230929,20250416,1.0,0.0,20231101,2,10,10,0,,,,EP,1,0,0,0,0,0,0,0,0,0,2023,11,793,2.1711156741957565,0,0,2.3978952727983707,3.1354942159291497,0,2.2614647501711156,0.7145790554414785,565,1.5468856947296372,7.893686879182079,1,3.1151077108438656,4.4432391276816485,4.682379910658787,2,565.0,6.338594078203183,0.011198929466790077
1870,EP4261031A2,20231018,1.5386541633383026,2,2,8,0,41,,7,0,0,27.0,11.0,20230915,20241030,1.0,0.0,20231018,2,8,41,0,,,,EP,1,0,0,0,0,0,0,0,0,0,2023,10,807,2.209445585215606,0,0,3.7376696182833684,2.0794415416798357,0,2.299794661190965,1.1745379876796715,411,1.1252566735112937,22.03619909502262,0,2.786319088346204,3.46147309245298,3.2046982151911294,0,411.0,6.021023349349527,0.014614134343081375
1871,EP4260915A2,20231018,0.841804393575769,0,2,2,0,4,,7,0,0,13.0,9.0,20230915,20250723,1.0,0.0,20231018,2,2,4,0,,,,EP,1,0,0,0,0,0,0,0,0,0,2023,10,807,2.209445585215606,0,0,1.6094379124341003,2.0794415416798357,0,2.299794661190965,0.4462696783025325,677,1.8535249828884326,6.654637188605865,1,2.0894693185836704,3.60158430831673,3.9329665245682683,0,677.0,6.519147287940395,0.009615261486637751
1872,EP4265402A2,20231025,1.4887594580538086,2,2,6,0,39,,24,0,0,41.0,11.0,20230922,20251015,1.0,0.0,20231025,2,6,39,0,,,,EP,1,0,0,0,0,0,0,0,0,0,2023,10,800,2.190280629705681,0,0,3.6888794541139363,3.2188758248682006,0,2.2806297056810405,0.216290212183436,754,2.0643394934976045,18.9434236741406,1,3.4200849529747286,5.058688649073291,5.283215318365805,2,754.0,6.626717749249025,0.008777109601654337
1873,EP4276136A2,20231115,1.1874630953446803,0,3,4,0,10,,8,0,0,26.0,15.0,20231013,20251127,1.0,0.0,20231115,3,4,10,0,,,,EP,1,0,0,0,0,0,0,0,0,0,2023,11,779,2.132785763175907,0,0,2.3978952727983707,2.1972245773362196,0,2.223134839151266,0.09856262833675565,776,2.1245722108145104,11.687640380295992,1,2.505797841746412,4.180541168235118,4.3217967881507295,1,776.0,6.655440350367647,0.00856556029648346
1874,EP4260820A2,20231018,1.2806221382332579,1,2,12,0,11,,9,0,0,13.0,9.0,20230915,20241225,1.0,0.0,20231018,2,12,11,0,,,,EP,1,0,0,0,0,0,0,0,0,0,2023,10,807,2.209445585215606,0,0,2.4849066497880004,2.302585092994046,0,2.299794661190965,1.0212183436002737,467,1.2785763175906912,9.430018370488058,0,2.6621731940296853,3.4293189845841,3.581161410584737,0,467.0,6.148468295917647,0.013137752769054802
1875,EP4284149A2,20231129,1.4224013236483253,2,2,2,0,50,,12,0,0,17.0,8.0,20231027,20240612,1.0,0.0,20231129,2,2,50,0,,,,EP,1,0,0,0,0,0,0,0,0,0,2023,11,765,2.0944558521560577,0,0,3.9318256327243257,2.5649493574615367,0,2.184804928131417,1.5578370978781657,229,0.6269678302532512,23.38480369080124,0,2.9613709381252473,3.337551636277198,3.191917187714788,0,229.0,5.438079308923196,0.023643823082274765
1876,EP4265568A2,20231025,1.432973570225256,2,2,6,0,31,,10,0,0,18.0,11.0,20230922,20251022,1.0,0.0,20231025,2,6,31,0,,,,EP,1,0,0,0,0,0,0,0,0,0,2023,10,800,2.190280629705681,0,0,3.4657359027997265,2.3978952727983707,0,2.2806297056810405,0.1971252566735113,761,2.083504449007529,8.243628726372215,1,2.871710733904278,4.521813403308796,4.4813997218059,2,761.0,6.635946555686647,0.00870859128042867
1877,EP4276299A2,20231115,0.9887510598012987,0,2,2,0,8,,6,0,0,12.0,9.0,20231013,20240828,1.0,0.0,20231115,2,2,8,0,,,,EP,1,0,0,0,0,0,0,0,0,0,2023,11,779,2.132785763175907,0,0,2.1972245773362196,1.9459101490553132,0,2.223134839151266,1.3470225872689938,320,0.8761122518822724,12.293668045719095,0,2.1562971492344865,2.6819645003638497,2.822022400937586,0,320.0,5.771441123130016,0.01797956736177575
1878,EP4276019A2,20231115,1.2521785038237525,1,2,4,0,18,,6,0,0,19.0,10.0,20231013,20250507,1.0,0.0,20231115,2,4,18,0,,,,EP,1,0,0,0,0,0,0,0,0,0,2023,11,779,2.132785763175907,0,0,2.9444389791664403,1.9459101490553132,0,2.223134839151266,0.6570841889117043,572,1.566050650239562,11.40421511030771,1,2.4197245932569404,3.7593549834006774,3.511960799294875,1,572.0,6.35088571671474,0.011083570186238638
1879,EP4290081A2,20231213,1.5007713387867145,2,2,10,0,31,,10,0,0,20.0,9.0,20231110,20240925,1.0,0.0,20231213,2,10,31,0,,,,EP,1,0,0,0,0,0,0,0,0,0,2023,12,751,2.0561259411362083,0,0,3.4657359027997265,2.3978952727983707,0,2.1464750171115674,1.270362765229295,320,0.8761122518822724,20.48944674286516,0,2.9395085024657366,3.4651758535951,3.274007524680643,0,320.0,5.771441123130016,0.01797956736177575
1880,EP4276769A2,20231115,1.581209515003121,2,2,3,0,80,,56,0,0,34.0,9.0,20231013,20241218,1.0,0.0,20231115,2,3,80,0,,,,EP,1,0,0,0,0,0,0,0,0,0,2023,11,779,2.132785763175907,0,0,4.394449154672439,4.04305126783455,0,2.223134839151266,1.0403832991101984,432,1.1827515400410678,26.505522650872418,0,4.007040275703851,4.7166911997284915,5.225802807875618,2,432.0,6.07073772800249,0.01402017951039836
1881,EP4277290A2,20231115,1.382502734732074,2,2,4,0,31,,11,0,0,13.0,10.0,20231013,20241120,1.0,0.0,20231115,2,4,31,0,,,,EP,1,0,0,0,0,0,0,0,0,0,2023,11,779,2.132785763175907,0,0,3.4657359027997265,2.4849066497880004,0,2.223134839151266,1.1170431211498972,404,1.106091718001369,10.778616423585493,0,2.8734467246048743,3.5371017554056956,3.5909983677893695,0,404.0,6.003887067106539,0.014824412511374169
1882,EP4260990A2,20231018,1.175833091435957,0,2,4,0,13,,20,0,0,24.0,14.0,20230915,20251211,1.0,0.0,20231018,2,4,13,0,,,,EP,1,0,0,0,0,0,0,0,0,0,2023,10,807,2.209445585215606,0,0,2.6390573296152584,3.044522437723423,0,2.299794661190965,0.06023271731690623,818,2.239561943874059,10.258330651531551,1,3.002546554070011,4.746283720394446,5.2840843815974825,2,818.0,6.70808408385307,0.008190578856963456
1883,EP4265420A2,20231025,1.091715032280654,0,2,4,0,9,,6,0,0,13.0,9.0,20230922,20241127,1.0,0.0,20231025,2,4,9,0,,,,EP,1,0,0,0,0,0,0,0,0,0,2023,10,800,2.190280629705681,0,0,2.302585092994046,1.9459101490553132,0,2.2806297056810405,1.0978781656399725,432,1.1827515400410678,10.13446454298063,0,2.259261121713842,2.9689120457384828,3.128661689096381,0,432.0,6.07073772800249,0.01402017951039836
1884,EP4261387A2,20231018,1.166013412724917,0,2,6,0,10,,4,0,0,12.0,9.0,20230915,20240814,1.0,0.0,20231018,2,6,10,0,,,,EP,1,0,0,0,0,0,0,0,0,0,2023,10,807,2.209445585215606,0,0,2.3978952727983707,1.6094379124341003,0,2.299794661190965,1.3853524982888432,334,0.9144421629021219,11.829161325146751,0,2.131676160185377,2.6803414579266502,2.5238800753362223,0,334.0,5.814130531825066,0.01735561352783602
1885,EP4262100A2,20231018,1.4607656832063156,2,2,16,0,20,,12,0,0,14.0,8.0,20230915,20240501,1.0,0.0,20231018,2,16,20,0,,,,EP,1,0,0,0,0,0,0,0,0,0,2023,10,807,2.209445585215606,0,0,3.044522437723423,2.5649493574615367,0,2.299794661190965,1.672826830937714,229,0.6269678302532512,19.25807362771867,0,2.9997352976832374,3.375915995835188,3.191917187714788,0,229.0,5.438079308923196,0.023643823082274765
1886,EP4260890A2,20231018,1.3393002078649034,1,2,6,0,21,,8,0,0,16.0,8.0,20230915,20241016,1.0,0.0,20231018,2,6,21,0,,,,EP,1,0,0,0,0,0,0,0,0,0,2023,10,807,2.209445585215606,0,0,3.091042453358316,2.1972245773362196,0,2.299794661190965,1.212867898699521,397,1.0869267624914443,13.480191453780057,0,2.6576349542666353,3.3097910117615017,3.284151339827664,0,397.0,5.986452005284438,0.015041336696694567
1887,EP4295910A2,20231227,1.4830417329411532,2,2,2,0,64,,31,0,0,23.0,8.0,20231124,20240320,1.0,0.0,20231227,2,2,64,0,,,,EP,1,0,0,0,0,0,0,0,0,0,2023,12,737,2.0177960301163584,0,0,4.174387269895637,3.4657359027997265,0,2.108145106091718,1.787816563997262,117,0.3203285420944558,54.719101123595514,0,3.562483274620989,3.7546803998776626,3.7860644448941825,1,117.0,4.770684624465665,0.04042953071581072
1888,EP4270386A2,20231101,1.5409856069402983,2,2,12,0,33,,45,0,0,19.0,12.0,20230929,20251022,1.0,0.0,20231101,2,12,33,0,,,,EP,1,0,0,0,0,0,0,0,0,0,2023,11,793,2.1711156741957565,0,0,3.5263605246161616,3.828641396489095,0,2.2614647501711156,0.1971252566735113,754,2.0643394934976045,8.778659751431011,1,3.8381704448337555,5.476774140932319,5.892980889986699,2,754.0,6.626717749249025,0.008777109601654337
1889,EP4260747A2,20231018,1.147748251481298,0,2,2,0,16,,12,0,0,21.0,13.0,20230915,20251210,1.0,0.0,20231018,2,2,16,0,,,,EP,1,0,0,0,0,0,0,0,0,0,2023,10,807,2.209445585215606,0,0,2.833213344056216,2.5649493574615367,0,2.299794661190965,0.06297056810403832,817,2.236824093086927,8.986555754078672,1,2.68671786595822,4.428812321810376,4.801773450548463,2,817.0,6.706862336602747,0.008199098211005803
1890,EP4274173A2,20231108,1.166013412724917,0,2,6,0,10,,7,0,0,22.0,11.0,20231006,20251119,1.0,0.0,20231108,2,6,10,0,,,,EP,1,0,0,0,0,0,0,0,0,0,2023,11,786,2.1519507186858315,0,0,2.3978952727983707,2.0794415416798357,0,2.242299794661191,0.12046543463381246,775,2.1218343600273784,9.901728227719417,1,2.4136783377328186,4.086778953749246,4.2012759017072145,1,775.0,6.654152520183219,0.008574938814669097
1891,EP4271059A2,20231101,1.4019818158947586,2,2,2,0,46,,11,0,0,39.0,15.0,20230929,20251106,1.0,0.0,20231101,2,2,46,0,,,,EP,1,0,0,0,0,0,0,0,0,0,2023,11,793,2.1711156741957565,0,0,3.8501476017100584,2.4849066497880004,0,2.2614647501711156,0.15605749486652978,769,2.105407255304586,17.683808696191925,1,2.8929258057675584,4.5561701589503105,4.590313905092586,2,769.0,6.646390514847729,0.00863167599330874
1892,EP4262165A2,20231018,0.9593053008872028,0,2,2,0,7,,7,0,0,23.0,13.0,20230915,20250917,1.0,0.0,20231018,2,2,7,0,,,,EP,1,0,0,0,0,0,0,0,0,0,2023,10,807,2.209445585215606,0,0,2.0794415416798357,2.0794415416798357,0,2.299794661190965,0.2929500342231348,733,2.00684462696783,10.916799324258472,1,2.2069702258951045,3.8110770020758022,4.086286168647666,1,733.0,6.598509028614515,0.008989794316913508
1893,EP4257205A2,20231011,1.2771993684629983,1,2,4,0,20,,48,0,0,18.0,9.0,20230908,20251127,1.0,0.0,20231011,2,4,20,0,,,,EP,1,0,0,0,0,0,0,0,0,0,2023,10,814,2.2286105407255303,0,0,3.044522437723423,3.8918202981106265,0,2.31895961670089,0.09856262833675565,811,2.220396988364134,7.7572932951830325,1,3.612291547329374,5.344529740347855,6.112217286474761,2,811.0,6.699500340161678,0.00825061618246512
1894,EP4257360A2,20231011,1.361053052112311,1,2,6,0,23,,8,0,0,15.0,8.0,20230908,20241120,1.0,0.0,20231011,2,6,23,0,,,,EP,1,0,0,0,0,0,0,0,0,0,2023,10,814,2.2286105407255303,0,0,3.1780538303479458,2.1972245773362196,0,2.31895961670089,1.1170431211498972,439,1.2019164955509924,11.52147626307765,0,2.6793877985140426,3.400537695844638,3.399141072887212,0,439.0,6.0867747269123065,0.013833578924800697
1895,EP4275903A2,20231115,1.4654246584518584,2,2,38,0,12,,7,0,0,15.0,9.0,20231013,20240605,1.0,0.0,20231115,2,38,12,0,,,,EP,1,0,0,0,0,0,0,0,0,0,2023,11,779,2.132785763175907,0,0,2.5649493574615367,2.0794415416798357,0,2.223134839151266,1.5770020533880904,236,0.6461327857631759,20.103660214659207,0,2.7130895834597597,3.1007692549176653,2.7255743274430118,0,236.0,5.4680601411351315,0.023071983717869754
1896,EP4266831A2,20231025,1.5502841672470256,2,2,8,0,43,,29,0,0,91.0,18.0,20230922,20251203,1.0,1.0,20231025,2,8,43,0,,,,EP,1,0,0,0,0,0,0,0,0,0,2023,10,800,2.190280629705681,0,0,3.784189633918261,3.4011973816621555,0,2.2806297056810405,0.08213552361396304,803,2.198494182067077,39.59113784580567,1,3.591002596244319,5.310099105484565,5.599691563729232,2,803.0,6.6895992691789665,0.008320397100968864
1897,EP4260978A2,20231018,1.3904988110264067,2,2,6,0,26,,25,0,0,23.0,15.0,20230915,20251001,1.0,0.0,20231018,2,6,26,0,,,,EP,1,0,0,0,0,0,0,0,0,0,2023,10,807,2.209445585215606,0,0,3.295836866004329,3.258096538021482,0,2.299794661190965,0.2546201232032854,747,2.0451745379876796,10.721738298076003,1,3.3453567338392958,4.972461456631904,5.303271076009162,2,747.0,6.617402977974478,0.00884679542509957
1898,EP4258539A2,20231011,1.2539690499726144,1,2,2,0,25,,9,0,0,20.0,9.0,20230908,20240417,1.0,0.0,20231011,2,2,25,0,,,,EP,1,0,0,0,0,0,0,0,0,0,2023,10,814,2.2286105407255303,0,0,3.258096538021482,2.302585092994046,0,2.31895961670089,1.7111567419575633,222,0.6078028747433265,28.256454888308674,0,2.635520105769042,3.0002018306150378,2.9103879677373725,0,222.0,5.407171771460119,0.024247407046906363
1899,EP4265280A2,20231025,1.1164574657427964,0,2,2,0,14,,6,0,0,12.0,8.0,20230922,20241030,1.0,0.0,20231025,2,2,14,0,,,,EP,1,0,0,0,0,0,0,0,0,0,2023,10,800,2.190280629705681,0,0,2.70805020110221,1.9459101490553132,0,2.2806297056810405,1.1745379876796715,404,1.106091718001369,9.949492083309686,0,2.2840035551759845,2.947658585976806,3.052001867056682,0,404.0,6.003887067106539,0.014824412511374169
1900,EP4289477A2,20231213,1.2999423130144299,1,2,4,0,22,,34,0,0,21.0,13.0,20231110,20250730,1.0,0.0,20231213,2,4,22,0,,,,EP,1,0,0,0,0,0,0,0,0,0,2023,12,751,2.0561259411362083,0,0,3.1354942159291497,3.5553480614894135,0,2.1464750171115674,0.4271047227926078,628,1.7193702943189597,11.542455137128023,1,3.4331511499080776,4.864773326499454,5.274718355808373,2,628.0,6.444131256700441,0.01024504174356191
1901,EP4273555A2,20231108,1.2634041319683262,1,2,2,0,26,,7,0,0,27.0,12.0,20231006,20251224,1.0,0.0,20231108,2,2,26,0,,,,EP,1,0,0,0,0,0,0,0,0,0,2023,11,786,2.1519507186858315,0,0,3.295836866004329,2.0794415416798357,0,2.242299794661191,0.024640657084188913,810,2.217659137577002,11.649685478869495,1,2.5110690569762277,4.2416645395224295,4.297100679256838,1,810.0,6.698268054115413,0.008259270103718143
1902,EP4261520A2,20231018,1.395505220577868,2,2,12,0,18,,5,0,0,16.0,9.0,20230915,20240821,1.0,0.0,20231018,2,12,18,0,,,,EP,1,0,0,0,0,0,0,0,0,0,2023,10,807,2.209445585215606,0,0,2.9444389791664403,1.791759469228055,0,2.299794661190965,1.3661875427789185,341,0.9336071184120466,15.479769551685319,0,2.470560902114701,3.0307251731619287,2.7253665876401016,0,341.0,5.834810737062605,0.01706085010837019
1903,EP4275727A2,20231115,1.3355023718075005,1,2,7,0,19,,9,0,0,51.0,15.0,20231013,20251215,1.0,0.0,20231115,2,7,19,0,,,,EP,1,0,0,0,0,0,0,0,0,0,2023,11,779,2.132785763175907,0,0,2.995732273553991,2.302585092994046,0,2.223134839151266,0.049281314168377825,794,2.1738535249828885,22.428885343607956,1,2.717053427603928,4.421365542593661,4.476438617976934,2,794.0,6.678342114654332,0.00840043033289853
1904,EP4277190A2,20231115,1.2748429305393785,1,2,6,0,16,,22,0,0,16.0,11.0,20231013,20250521,1.0,0.0,20231115,2,6,16,0,,,,EP,1,0,0,0,0,0,0,0,0,0,2023,11,779,2.132785763175907,0,0,2.833213344056216,3.1354942159291497,0,2.223134839151266,0.6187542778918549,586,1.6043805612594113,9.387574796192924,1,3.156139460096868,4.518767796852515,4.739874777188561,2,586.0,6.375024819828097,0.010860348926453316
1905,EP4260910A2,20231018,1.5409856069402983,2,2,12,0,33,,25,0,0,15.0,8.0,20230915,20240717,1.0,0.0,20231018,2,12,33,0,,,,EP,1,0,0,0,0,0,0,0,0,0,2023,10,807,2.209445585215606,0,0,3.5263605246161616,3.258096538021482,0,2.299794661190965,1.462012320328542,306,0.837782340862423,15.995182833369828,0,3.495843529753188,3.9985129342706416,4.095878878883905,1,306.0,5.726847747587197,0.018654227190837775
1906,EP4266126A2,20231025,0.9184282371406676,0,2,4,0,4,,7,0,0,27.0,14.0,20230922,20251029,1.0,0.0,20231025,2,4,4,0,,,,EP,1,0,0,0,0,0,0,0,0,0,2023,10,800,2.190280629705681,0,0,1.6094379124341003,2.0794415416798357,0,2.2806297056810405,0.17796030116358658,768,2.102669404517454,12.257854013237624,1,2.1660931621485693,3.8276948048590413,4.182110946197289,1,768.0,6.645090969505644,0.008641210623544402
1907,EP4270284A2,20231101,0.9089904352538105,0,2,10,0,2,,9,0,0,12.0,9.0,20230929,20251112,1.0,0.0,20231101,2,10,2,0,,,,EP,1,0,0,0,0,0,0,0,0,0,2023,11,793,2.1711156741957565,0,0,1.0986122886681098,2.302585092994046,0,2.2614647501711156,0.13963039014373715,775,2.1218343600273784,5.400942669665136,1,2.290541491050238,3.9636421070666645,4.424419453021424,1,775.0,6.654152520183219,0.008574938814669097
1908,EP4276059A2,20231115,1.2812493090430128,1,2,8,0,14,,52,0,0,20.0,11.0,20231013,20250716,1.0,0.0,20231115,2,8,14,0,,,,EP,1,0,0,0,0,0,0,0,0,0,2023,11,779,2.132785763175907,0,0,2.70805020110221,3.970291913552122,0,2.223134839151266,0.4654346338124572,642,1.757700205338809,10.765999778932242,1,3.663424457174286,5.118044580377572,5.727992118890931,2,642.0,6.466144724237619,0.010056212634895208
1909,EP4261695A2,20231018,1.3125400947815145,1,2,8,0,16,,8,0,0,47.0,20.0,20230915,20251223,1.0,1.0,20231018,2,8,16,0,,,,EP,1,0,0,0,0,0,0,0,0,0,2023,10,807,2.209445585215606,0,0,2.833213344056216,2.1972245773362196,0,2.299794661190965,0.02737850787132101,830,2.272416153319644,19.811026802458095,1,2.630874841183246,4.394324533175032,4.469640730655863,2,830.0,6.7226297948554485,0.00808980721402581
1910,EP4275516A2,20231115,1.3403465035590705,1,2,8,0,18,,16,0,0,12.0,9.0,20231013,20240807,1.0,0.0,20231115,2,8,18,0,,,,EP,1,0,0,0,0,0,0,0,0,0,2023,11,779,2.132785763175907,0,0,2.9444389791664403,2.833213344056216,0,2.223134839151266,1.404517453798768,299,0.8186173853524983,13.063110051411966,0,3.0402745099928,3.531444941204299,3.6518307294087142,0,299.0,5.703782474656201,0.019012608248854004
1911,EP4275608A2,20231115,1.432973570225256,2,2,6,0,31,,13,0,0,29.0,13.0,20231013,20251211,1.0,0.0,20231115,2,6,31,0,,,,EP,1,0,0,0,0,0,0,0,0,0,2023,11,779,2.132785763175907,0,0,3.4657359027997265,2.6390573296152584,0,2.223134839151266,0.06023271731690623,790,2.16290212183436,12.81540183297541,1,3.016407967994411,4.714149241095027,4.801959451449618,2,790.0,6.673297967767654,0.008436533461147477
1912,EP4283877A2,20231129,1.264001091171275,1,2,8,0,13,,9,0,0,19.0,10.0,20231027,20250618,1.0,0.0,20231129,2,8,13,0,,,,EP,1,0,0,0,0,0,0,0,0,0,2023,11,765,2.0944558521560577,0,0,2.6390573296152584,2.302585092994046,0,2.184804928131417,0.5420944558521561,600,1.6427104722792607,10.902556851655474,1,2.6455521469677024,4.031178430335259,3.9452955652733066,1,600.0,6.398594934535208,0.010646580589908831
1913,EP4265513A2,20231025,1.2435521448008768,1,2,6,0,14,,10,0,0,15.0,11.0,20230922,20250924,1.0,0.0,20231025,2,6,14,0,,,,EP,1,0,0,0,0,0,0,0,0,0,2023,10,800,2.190280629705681,0,0,2.70805020110221,2.3978952727983707,0,2.2806297056810405,0.2737850787132101,733,2.00684462696783,7.119651733212047,1,2.6822893084798993,4.2863960846605975,4.4047398997662,1,733.0,6.598509028614515,0.008989794316913508
1914,EP4289910A2,20231213,1.8030732204121036,2,2,12,0,96,,11,0,0,15.0,9.0,20231110,20241009,1.0,0.0,20231213,2,12,96,0,,,,EP,1,0,0,0,0,0,0,0,0,0,2023,12,751,2.0561259411362083,0,0,4.574710978503383,2.4849066497880004,0,2.1464750171115674,1.2320328542094456,334,0.9144421629021219,14.786451656433439,0,3.2940172102849035,3.8426825080261766,3.399348812690122,1,334.0,5.814130531825066,0.01735561352783602
1915,EP4270016A2,20231101,1.208701620120313,0,2,12,0,8,,12,0,0,27.0,14.0,20230929,20251105,1.0,0.0,20231101,2,12,8,0,,,,EP,1,0,0,0,0,0,0,0,0,0,2023,11,793,2.1711156741957565,0,0,2.1972245773362196,2.5649493574615367,0,2.2614647501711156,0.15879534565366188,768,2.102669404517454,12.257854013237624,1,2.747671234597235,4.409272877307708,4.667618761978991,2,768.0,6.645090969505644,0.008641210623544402
1916,EP4261516A2,20231018,1.2555640255337832,1,2,10,0,11,,6,0,0,23.0,13.0,20230915,20251203,1.0,0.0,20231018,2,10,11,0,,,,EP,1,0,0,0,0,0,0,0,0,0,2023,10,807,2.209445585215606,0,0,2.4849066497880004,1.9459101490553132,0,2.299794661190965,0.08213552361396304,810,2.217659137577002,9.923806148666607,1,2.4231101149669714,4.153705597513173,4.163569286632315,1,810.0,6.698268054115413,0.008259270103718143
1917,EP4295938A1,20231227,1.0065962368759855,0,2,8,0,4,,8,0,0,11.0,9.0,20231124,20250101,1.0,0.0,20231227,2,8,4,0,,,,EP,1,0,0,0,0,0,0,0,0,0,2023,12,737,2.0177960301163584,0,0,1.6094379124341003,2.1972245773362196,0,2.108145106091718,1.002053388090349,404,1.106091718001369,9.12036774303388,0,2.324930983277717,2.9885860140785385,3.3033162953375887,0,404.0,6.003887067106539,0.014824412511374169
1918,EP4275610A2,20231115,1.469579408299128,2,3,4,0,33,,10,0,0,29.0,15.0,20231013,20251120,1.0,0.0,20231115,3,4,33,0,,,,EP,1,0,0,0,0,0,0,0,0,0,2023,11,779,2.132785763175907,0,0,3.5263605246161616,2.3978952727983707,0,2.223134839151266,0.11772758384668036,769,2.105407255304586,13.14949877409143,1,2.9083165719781503,4.571560925160902,4.503302528102957,2,769.0,6.646390514847729,0.00863167599330874
1919,EP4290695A1,20231213,0.9184282371406676,0,2,4,0,4,,5,0,0,13.0,10.0,20230905,20250709,1.0,0.0,20231213,2,4,4,0,,,,EP,1,0,0,0,0,0,0,0,0,0,2023,12,751,2.0561259411362083,0,0,1.6094379124341003,1.791759469228055,0,2.327173169062286,0.48459958932238195,673,1.842573579739904,6.692153201085233,1,1.9934839186775004,3.499028066521443,3.6343330489679593,0,673.0,6.513230110912307,0.0096635461586236
1920,EP4283313A2,20231129,1.115542577231735,0,2,4,0,10,,10,0,0,11.0,9.0,20231027,20251203,1.0,0.0,20231129,2,4,10,0,,,,EP,1,0,0,0,0,0,0,0,0,0,2023,11,765,2.0944558521560577,0,0,2.3978952727983707,2.3978952727983707,0,2.184804928131417,0.08213552361396304,768,2.102669404517454,4.993940523911625,1,2.5542797409107574,4.21588138362123,4.5005646773158245,1,768.0,6.645090969505644,0.008641210623544402
1921,EP4262130A1,20231018,1.2233184694495314,1,2,2,0,22,,10,0,0,8.0,7.0,20230915,20250618,1.0,0.0,20231018,2,2,22,0,,,,EP,1,0,0,0,0,0,0,0,0,0,2023,10,807,2.209445585215606,0,0,3.1354942159291497,2.3978952727983707,0,2.299794661190965,0.5420944558521561,642,1.757700205338809,4.306399911572897,1,2.6620556331285536,4.11667575633184,4.1555954781371796,1,642.0,6.466144724237619,0.010056212634895208
1922,EP4283937A2,20231129,1.2077769338907087,0,2,6,0,12,,8,0,0,13.0,9.0,20231027,20250115,1.0,0.0,20231129,2,6,12,0,,,,EP,1,0,0,0,0,0,0,0,0,0,2023,11,765,2.0944558521560577,0,0,2.5649493574615367,2.1972245773362196,0,2.184804928131417,0.9637234770704997,446,1.2210814510609171,9.840422776021967,1,2.5261116802924404,3.6587605509289904,3.4183060283971365,1,446.0,6.102558594613569,0.013652256363788745
1923,EP4271017A2,20231101,0.9259224527310722,0,2,2,0,6,,14,0,0,25.0,13.0,20230929,20251210,1.0,0.0,20231101,2,2,6,0,,,,EP,1,0,0,0,0,0,0,0,0,0,2023,11,793,2.1711156741957565,0,0,1.9459101490553132,2.70805020110221,0,2.2614647501711156,0.06297056810403832,803,2.198494182067077,10.876686221375182,1,2.550752573392398,4.2698490826326445,4.906544383169287,1,803.0,6.6895992691789665,0.008320397100968864
1924,EP4293936A2,20231220,1.166013412724917,0,2,6,0,10,,14,0,0,25.0,16.0,20231117,20251231,1.0,0.0,20231220,2,6,10,0,,,,EP,1,0,0,0,0,0,0,0,0,0,2023,12,744,2.0369609856262834,0,0,2.3978952727983707,2.70805020110221,0,2.127310061601643,0.0054757015742642025,775,2.1218343600273784,11.251963895135702,1,2.7908435333862434,4.46394414940267,4.829884561129589,2,775.0,6.654152520183219,0.008574938814669097
1925,EP4273331A2,20231108,1.2754546574227956,1,4,2,0,16,,17,0,0,26.0,14.0,20231006,20251112,1.0,0.0,20231108,4,2,16,0,,,,EP,1,0,0,0,0,0,0,0,0,0,2023,11,786,2.1519507186858315,0,0,2.833213344056216,2.8903717578961645,0,2.242299794661191,0.13963039014373715,768,2.102669404517454,11.80385942015475,1,3.009677712160494,4.671279354870967,4.993041162413618,2,768.0,6.645090969505644,0.008641210623544402
1926,EP4276569A2,20231115,1.1164574657427964,0,4,2,0,8,,17,0,0,42.0,20.0,20231013,20251028,1.0,0.0,20231115,4,2,8,0,,,,EP,1,0,0,0,0,0,0,0,0,0,2023,11,779,2.132785763175907,0,0,2.1972245773362196,2.8903717578961645,0,2.223134839151266,0.1806981519507187,746,2.0424366872005475,19.60384652247532,1,2.850680520480495,4.476142532800823,4.932808445096712,2,746.0,6.616065185132817,0.00885684763739333
1927,EP4282977A2,20231129,1.8064862427041855,2,4,12,0,58,,35,0,0,57.0,20.0,20231027,20251222,1.0,1.0,20231129,4,12,58,0,,,,EP,1,0,0,0,0,0,0,0,0,0,2023,11,765,2.0944558521560577,0,0,4.07753744390572,3.58351893845611,0,2.184804928131417,0.030116358658453114,787,2.1546885694729636,25.28065328921405,1,3.9565976057778514,5.64941074746163,5.738207507929074,2,787.0,6.669498089857879,0.00846383006327142
1928,EP4262162A2,20231018,1.4953847368377295,2,2,14,0,25,,10,0,0,13.0,8.0,20230915,20240814,1.0,0.0,20231018,2,14,25,0,,,,EP,1,0,0,0,0,0,0,0,0,0,2023,10,807,2.209445585215606,0,0,3.258096538021482,2.3978952727983707,0,2.299794661190965,1.3853524982888432,334,0.9144421629021219,12.81492476890898,0,2.934121900516752,3.482787198258025,3.3123374357004924,0,334.0,5.814130531825066,0.01735561352783602
1929,EP4261649A2,20231018,1.4545361041829992,2,2,8,0,29,,8,0,0,23.0,11.0,20230915,20251119,1.0,0.0,20231018,2,8,29,0,,,,EP,1,0,0,0,0,0,0,0,0,0,2023,10,807,2.209445585215606,0,0,3.4011973816621555,2.1972245773362196,0,2.299794661190965,0.12046543463381246,796,2.1793292265571527,10.090687967328307,1,2.772870850584731,4.480468386519023,4.376553803893373,2,796.0,6.680854678790215,0.008382502733739292
1930,EP4275818A2,20231115,1.5672419138798839,2,2,4,0,66,,19,0,0,81.0,18.0,20231013,20251022,1.0,1.0,20231115,2,4,66,0,,,,EP,1,0,0,0,0,0,0,0,0,0,2023,11,779,2.132785763175907,0,0,4.204692619390966,2.995732273553991,0,2.223134839151266,0.1971252566735113,740,2.026009582477755,38.09954605453784,1,3.364681278012278,4.980287027498932,5.0217418560317455,2,740.0,6.608000625296087,0.008917679656270022
1931,EP4262321A2,20231018,0.9593053008872028,0,2,2,0,7,,10,0,0,13.0,9.0,20230915,20240807,1.0,0.0,20231018,2,2,7,0,,,,EP,1,0,0,0,0,0,0,0,0,0,2023,10,807,2.209445585215606,0,0,2.0794415416798357,2.3978952727983707,0,2.299794661190965,1.404517453798768,327,0.8952772073921971,13.061687641840315,0,2.398042464566225,2.935208789001543,3.2931724801905675,0,327.0,5.793013608384144,0.017661626854829707
1932,EP4261104A2,20231018,1.2888293723717215,1,2,4,0,21,,22,0,0,22.0,12.0,20230915,20251206,1.0,0.0,20231018,2,4,21,0,,,,EP,1,0,0,0,0,0,0,0,0,0,2023,10,807,2.209445585215606,0,0,3.091042453358316,3.1354942159291497,0,2.299794661190965,0.07392197125256673,813,2.2258726899383983,9.458815220270152,1,3.170125901929211,4.90564951589225,5.361366905867548,2,813.0,6.70196036600254,0.008233366543000664
1933,EP4273296A1,20231108,1.4254652989637389,2,2,4,0,37,,28,0,0,109.0,15.0,20231006,20251028,1.0,0.0,20231108,2,4,37,0,,,,EP,1,0,0,0,0,0,0,0,0,0,2023,11,786,2.1519507186858315,0,0,3.6375861597263857,3.367295829986474,0,2.242299794661191,0.1806981519507187,753,2.0616016427104724,50.42557233779804,1,3.445842796955623,5.082803782581907,5.428897472696947,2,753.0,6.625392368007956,0.00878699253051453
1934,EP4277153A2,20231115,1.1164574657427964,0,2,2,0,14,,7,0,0,13.0,8.0,20231013,20251105,1.0,0.0,20231115,2,2,14,0,,,,EP,1,0,0,0,0,0,0,0,0,0,2023,11,779,2.132785763175907,0,0,2.70805020110221,2.0794415416798357,0,2.223134839151266,0.15879534565366188,754,2.0643394934976045,6.006451408873849,1,2.3641223907506976,4.00272608684926,4.14378103517744,1,754.0,6.626717749249025,0.008777109601654337
1935,EP4293683A2,20231220,1.4389118585160345,2,2,18,0,17,,4,0,0,13.0,9.0,20231117,20241023,1.0,0.0,20231220,2,18,17,0,,,,EP,1,0,0,0,0,0,0,0,0,0,2023,12,744,2.0369609856262834,0,0,2.8903717578961645,1.6094379124341003,0,2.127310061601643,1.1937029431895962,341,0.9336071184120466,12.577312760744322,0,2.4045746059764945,2.9647388770237226,2.5430450308461467,0,341.0,5.834810737062605,0.01706085010837019
1936,EP4262252A2,20231018,1.1573060983975267,0,2,4,0,12,,12,0,0,13.0,9.0,20230915,20240424,1.0,0.0,20231018,2,4,12,0,,,,EP,1,0,0,0,0,0,0,0,0,0,2023,10,807,2.209445585215606,0,0,2.5649493574615367,2.5649493574615367,0,2.299794661190965,1.6919917864476386,222,0.6078028747433265,18.36669567740064,0,2.696275712874449,3.0609574377204445,3.1727522322048634,0,222.0,5.407171771460119,0.024247407046906363
1937,EP4282375A2,20231129,1.3191598081900726,1,2,12,0,13,,11,0,0,34.0,16.0,20231027,20250903,1.0,0.0,20231129,2,12,13,0,,,,EP,1,0,0,0,0,0,0,0,0,0,2023,11,765,2.0944558521560577,0,0,2.6390573296152584,2.4849066497880004,0,2.184804928131417,0.33127994524298426,677,1.8535249828884326,17.40443572404611,1,2.8101037980628725,4.322218787795932,4.338431632676433,2,677.0,6.519147287940395,0.009615261486637751
1938,EP4279032A2,20231122,1.8000493430976923,2,2,2,0,230,,13,0,0,14.0,9.0,20231020,20240821,1.0,0.0,20231122,2,2,230,0,,,,EP,1,0,0,0,0,0,0,0,0,0,2023,11,772,2.113620807665982,0,0,5.442417710521793,2.6390573296152584,0,2.2039698836413417,1.3661875427789185,306,0.837782340862423,14.928837311145173,0,3.383483740866847,3.886153145384301,3.4768396704776814,1,306.0,5.726847747587197,0.018654227190837775
1939,EP4262292A2,20231018,1.236564173111181,1,2,5,0,15,,13,0,0,17.0,10.0,20230915,20251224,1.0,0.0,20231018,2,5,15,0,,,,EP,1,0,0,0,0,0,0,0,0,0,2023,10,807,2.209445585215606,0,0,2.772588722239781,2.6390573296152584,0,2.299794661190965,0.024640657084188913,831,2.2751540041067764,7.1574306215959185,1,2.819998570880336,4.585090973344402,4.914211333722035,2,831.0,6.723832440821209,0.00808152937598703
1940,EP4274149A2,20231108,1.175833091435957,0,2,4,0,13,,14,0,0,10.0,8.0,20231006,20240117,1.0,0.0,20231108,2,4,13,0,,,,EP,1,0,0,0,0,0,0,0,0,0,2023,11,786,2.1519507186858315,0,0,2.6390573296152584,2.70805020110221,0,2.242299794661191,1.9603011635865846,103,0.28199863107460643,26.17810428238667,0,2.800663212097283,2.9698623907420467,2.9900488321768166,0,103.0,4.6443908991413725,0.04465760479943627
1941,EP4275629A2,20231115,1.455376609897678,2,2,6,0,34,,20,0,0,12.0,9.0,20231013,20240731,1.0,0.0,20231115,2,6,34,0,,,,EP,1,0,0,0,0,0,0,0,0,0,2023,11,779,2.132785763175907,0,0,3.5553480614894135,3.044522437723423,0,2.223134839151266,1.4236824093086926,292,0.7994524298425736,13.341450422342287,0,3.282090072531732,3.7617615304372762,3.8439748675659966,1,292.0,5.680172609017068,0.019386254638283508
1942,EP4262212A2,20231018,1.3125400947815145,1,2,8,0,16,,36,0,0,58.0,20.0,20190911,20251128,1.0,1.0,20231018,2,8,16,0,,,,EP,1,0,0,0,0,0,0,0,0,0,2023,10,807,2.209445585215606,0,0,2.833213344056216,3.6109179126442243,0,6.310746064339494,0.09582477754962354,2270,6.2149212867898695,9.184595874746643,1,3.479090842368049,7.608043614441971,9.825839199434094,2,2270.0,7.7279755421055585,0.0034028954390601315
1943,EP4262019A2,20231018,1.091715032280654,0,2,4,0,9,,10,0,0,26.0,13.0,20230915,20251030,1.0,0.0,20231018,2,4,9,0,,,,EP,1,0,0,0,0,0,0,0,0,0,2023,10,807,2.209445585215606,0,0,2.302585092994046,2.3978952727983707,0,2.299794661190965,0.17522245037645448,776,2.1245722108145104,11.687640380295992,1,2.5304521959596764,4.205195522448383,4.522467483612881,1,776.0,6.655440350367647,0.00856556029648346
1944,EP4275737A2,20231115,1.175833091435957,0,2,4,0,13,,7,0,0,24.0,10.0,20231013,20251210,1.0,0.0,20231115,2,4,13,0,,,,EP,1,0,0,0,0,0,0,0,0,0,2023,11,779,2.132785763175907,0,0,2.6390573296152584,2.0794415416798357,0,2.223134839151266,0.06297056810403832,789,2.1601642710472277,10.618697192695558,1,2.423498016443858,4.119596579072195,4.2396058127270635,1,789.0,6.672032945461067,0.00844561132336844
1945,EP4277219A2,20231115,1.4288508206737696,2,2,10,0,23,,23,0,0,15.0,9.0,20231013,20251112,1.0,0.0,20231115,2,10,23,0,,,,EP,1,0,0,0,0,0,0,0,0,0,2023,11,779,2.132785763175907,0,0,3.1780538303479458,3.1780538303479458,0,2.223134839151266,0.13963039014373715,761,2.083504449007529,6.869690605310178,1,3.335683118882537,4.985785788287055,5.261558279355475,2,761.0,6.635946555686647,0.00870859128042867
1946,EP4258590A2,20231011,1.4460607162640788,2,2,8,0,28,,21,0,0,20.0,9.0,20230908,20251224,1.0,0.0,20231011,2,8,28,0,,,,EP,1,0,0,0,0,0,0,0,0,0,2023,10,814,2.2286105407255303,0,0,3.367295829986474,3.091042453358316,0,2.31895961670089,0.024640657084188913,838,2.294318959616701,8.35310597181327,1,3.3006861882790686,5.07727756404909,5.385361412975017,2,838.0,6.732210706467206,0.00802408904227319
1947,EP4279354A2,20231122,1.162037854941285,0,2,2,0,17,,10,0,0,18.0,9.0,20231020,20240925,1.0,0.0,20231122,2,2,17,0,,,,EP,1,0,0,0,0,0,0,0,0,0,2023,11,772,2.113620807665982,0,0,2.8903717578961645,2.3978952727983707,0,2.2039698836413417,1.270362765229295,341,0.9336071184120466,17.414740745645982,0,2.6007750186203076,3.1609392896675352,3.3315023912104174,0,341.0,5.834810737062605,0.01706085010837019
1948,EP4265541A2,20231025,1.1960176623003647,0,3,8,0,7,,5,0,0,26.0,14.0,20230922,20251218,1.0,0.0,20231025,3,8,7,0,,,,EP,1,0,0,0,0,0,0,0,0,0,2023,10,800,2.190280629705681,0,0,2.0794415416798357,1.791759469228055,0,2.2806297056810405,0.04106776180698152,818,2.239561943874059,11.11319153915918,1,2.2710733438371973,4.014810510161633,4.0313214131021144,1,818.0,6.70808408385307,0.008190578856963456
1949,EP4262294A2,20231018,1.4545361041829992,2,2,8,0,29,,8,0,0,24.0,8.0,20230915,20240424,1.0,0.0,20231018,2,8,29,0,,,,EP,1,0,0,0,0,0,0,0,0,0,2023,10,807,2.209445585215606,0,0,3.4011973816621555,2.1972245773362196,0,2.299794661190965,1.6919917864476386,222,0.6078028747433265,33.90774586597041,0,2.772870850584731,3.1375525754307265,2.805027452079546,0,222.0,5.407171771460119,0.024247407046906363
1950,EP4286840A2,20231206,1.091715032280654,0,2,4,0,9,,13,0,0,12.0,9.0,20231103,20241002,1.0,0.0,20231206,2,4,9,0,,,,EP,1,0,0,0,0,0,0,0,0,0,2023,12,758,2.0752908966461328,0,0,2.302585092994046,2.6390573296152584,0,2.1656399726214923,1.2511978097193703,334,0.9144421629021219,11.829161325146751,0,2.675149430049809,3.223814727791082,3.55349949251738,0,334.0,5.814130531825066,0.01735561352783602
1951,EP4262131A2,20231018,1.4759361344569208,2,2,6,0,37,,6,0,0,57.0,19.0,20230915,20251021,1.0,1.0,20231018,2,6,37,0,,,,EP,1,0,0,0,0,0,0,0,0,0,2023,10,807,2.209445585215606,0,0,3.6375861597263857,1.9459101490553132,0,2.299794661190965,0.1998631074606434,767,2.099931553730322,25.909897016272048,1,2.643482223890109,4.303441156128302,4.045841702785635,2,767.0,6.643789733147672,0.008650767881702699
1952,EP4262224A2,20231018,1.2941016954905975,1,2,10,0,13,,7,0,0,16.0,10.0,20230915,20250507,1.0,0.0,20231018,2,10,13,0,,,,EP,1,0,0,0,0,0,0,0,0,0,2023,10,807,2.209445585215606,0,0,2.6390573296152584,2.0794415416798357,0,2.299794661190965,0.6570841889117043,600,1.6427104722792607,9.181100506657241,1,2.5417666204984988,3.927392903866055,3.7221520139590965,1,600.0,6.398594934535208,0.010646580589908831
1953,EP4275486A2,20231115,1.310582216619129,1,2,4,0,23,,6,0,0,28.0,12.0,20231013,20251008,1.0,0.0,20231115,2,4,23,0,,,,EP,1,0,0,0,0,0,0,0,0,0,2023,11,779,2.132785763175907,0,0,3.1780538303479458,1.9459101490553132,0,2.223134839151266,0.23545516769336072,726,1.9876796714579055,13.412019278056459,1,2.4781283060523167,4.07073610892706,3.9335898205132187,1,726.0,6.588926477533519,0.009063172596332214
1954,EP4262172A2,20231018,1.115542577231735,0,2,4,0,10,,7,0,0,19.0,11.0,20230915,20250903,1.0,0.0,20231018,2,4,10,0,,,,EP,1,0,0,0,0,0,0,0,0,0,2023,10,807,2.209445585215606,0,0,2.3978952727983707,2.0794415416798357,0,2.299794661190965,0.33127994524298426,719,1.9685147159479808,9.185334701035703,1,2.3632075022396366,3.944316331808425,4.047956257627817,1,719.0,6.579251212010101,0.009137848905569585
1955,EP4296370A2,20231227,1.5565572266152672,2,2,10,0,39,,11,0,0,31.0,14.0,20231124,20251127,1.0,0.0,20231227,2,10,39,0,,,,EP,1,0,0,0,0,0,0,0,0,0,2023,12,737,2.0177960301163584,0,0,3.6888794541139363,2.4849066497880004,0,2.108145106091718,0.09856262833675565,734,2.0095824777549622,14.694850913338309,1,3.047501216488067,4.653250703141045,4.494489127542963,2,734.0,6.5998704992128365,0.008979415645187533
1956,EP4260749A2,20231018,1.4545361041829992,2,2,8,0,29,,14,0,0,61.0,16.0,20230915,20251222,1.0,0.0,20231018,2,8,29,0,,,,EP,1,0,0,0,0,0,0,0,0,0,2023,10,807,2.209445585215606,0,0,3.4011973816621555,2.70805020110221,0,2.299794661190965,0.030116358658453114,829,2.269678302532512,25.741890759943388,1,3.079366224844325,4.841173206363832,4.977728503634722,2,829.0,6.721425700790643,0.008098103253964631
1957,EP4261731A2,20231018,1.2888293723717215,1,2,4,0,21,,12,0,0,29.0,15.0,20230915,20251215,1.0,0.0,20231018,2,4,21,0,,,,EP,1,0,0,0,0,0,0,0,0,0,2023,10,807,2.209445585215606,0,0,3.091042453358316,2.5649493574615367,0,2.299794661190965,0.049281314168377825,822,2.2505133470225873,12.337730409714334,1,2.8277989868486433,4.578106995062196,4.8154627044841245,2,822.0,6.71295620067707,0.00815669040179474
1958,EP4265536A2,20231025,1.0389187336668366,0,2,2,0,10,,13,0,0,53.0,23.0,20230922,20251210,1.0,1.0,20231025,2,2,10,0,,,,EP,1,0,0,0,0,0,0,0,0,0,2023,10,800,2.190280629705681,0,0,2.3978952727983707,2.6390573296152584,0,2.2806297056810405,0.06297056810403832,810,2.217659137577002,22.86790112518827,1,2.6223531314359914,4.352948613982193,4.8567164671922605,2,810.0,6.698268054115413,0.008259270103718143
1959,EP4280484A2,20231122,1.310582216619129,1,2,4,0,23,,10,0,0,20.0,11.0,20231020,20250813,1.0,0.0,20231122,2,4,23,0,,,,EP,1,0,0,0,0,0,0,0,0,0,2023,11,772,2.113620807665982,0,0,3.1780538303479458,2.3978952727983707,0,2.2039698836413417,0.3887748117727584,663,1.8151950718685832,10.442800471748686,1,2.749319380298151,4.2384364234193015,4.213090344666954,1,663.0,6.498282149476434,0.009786569502223544
1960,EP4261743A2,20231018,1.5178922769075445,2,2,12,0,30,,14,0,0,10.0,8.0,20230915,20240619,1.0,0.0,20231018,2,12,30,0,,,,EP,1,0,0,0,0,0,0,0,0,0,2023,10,807,2.209445585215606,0,0,3.4339872044851463,2.70805020110221,0,2.299794661190965,1.538672142368241,278,0.7611225188227242,11.612749383991734,0,3.1427223975688703,3.5993959088625047,3.4691727199249343,0,278.0,5.631211781821365,0.02018355477355328
1961,EP4269368A2,20231101,1.4034535418064,2,2,14,0,17,,23,0,0,13.0,9.0,20230929,20240605,1.0,0.0,20231101,2,14,17,0,,,,EP,1,0,0,0,0,0,0,0,0,0,2023,11,793,2.1711156741957565,0,0,2.8903717578961645,3.1780538303479458,0,2.2614647501711156,1.5770020533880904,250,0.6844626967830253,16.571852368903237,0,3.310285840015167,3.720963458084982,3.862516527130971,1,250.0,5.5254529391317835,0.0220137567296087
1962,EP4257376A2,20231011,1.6916234192909965,2,2,14,0,56,,21,0,0,57.0,16.0,20230908,20251029,1.0,0.0,20231011,2,14,56,0,,,,EP,1,0,0,0,0,0,0,0,0,0,2023,10,814,2.2286105407255303,0,0,4.04305126783455,3.091042453358316,0,2.31895961670089,0.17796030116358658,782,2.1409993155373033,25.43508139641428,1,3.5462488913059858,5.230848480628368,5.23204176889562,2,782.0,6.663132695990803,0.008509748015313925
1963,EP4261051A2,20231018,1.6916234192909965,2,2,14,0,56,,21,0,0,35.0,11.0,20230915,20251105,1.0,0.0,20231018,2,14,56,0,,,,EP,1,0,0,0,0,0,0,0,0,0,2023,10,807,2.209445585215606,0,0,4.04305126783455,3.091042453358316,0,2.299794661190965,0.15879534565366188,782,2.1409993155373033,15.618032436394733,1,3.5462488913059858,5.230848480628368,5.23204176889562,2,782.0,6.663132695990803,0.008509748015313925
1964,EP4261050A2,20231018,1.6916234192909965,2,2,14,0,56,,21,0,0,16.0,9.0,20230915,20250122,1.0,0.0,20231018,2,14,56,0,,,,EP,1,0,0,0,0,0,0,0,0,0,2023,10,807,2.209445585215606,0,0,4.04305126783455,3.091042453358316,0,2.299794661190965,0.944558521560575,495,1.3552361396303902,10.994779173133905,1,3.5462488913059858,4.75939057508422,4.4462785929887065,2,495.0,6.206575926724928,0.01251325791678413
1965,EP4285827A2,20231206,1.3575562584073775,1,2,18,0,12,,5,0,0,57.0,18.0,20231103,20251119,1.0,1.0,20231206,2,18,12,0,,,,EP,1,0,0,0,0,0,0,0,0,0,2023,12,758,2.0752908966461328,0,0,2.5649493574615367,1.791759469228055,0,2.1656399726214923,0.12046543463381246,747,2.0451745379876796,26.57126447784053,1,2.43261193994421,4.059716662736818,3.8369340072157345,1,747.0,6.617402977974478,0.00884679542509957
1966,EP4265572A2,20231025,1.115542577231735,0,2,4,0,10,,8,0,0,19.0,12.0,20230922,20250604,1.0,0.0,20231025,2,4,10,0,,,,EP,1,0,0,0,0,0,0,0,0,0,2023,10,800,2.190280629705681,0,0,2.3978952727983707,2.1972245773362196,0,2.2806297056810405,0.5804243668720055,621,1.700205338809035,10.554351545568608,1,2.4338773236334665,3.8540005269188877,3.8974299161452546,1,621.0,6.432940092739179,0.010342347415979388
1967,EP4284081A2,20231129,1.3113499133623354,1,2,10,0,14,,13,0,0,19.0,8.0,20231027,20241120,1.0,0.0,20231129,2,10,14,0,,,,EP,1,0,0,0,0,0,0,0,0,0,2023,11,765,2.0944558521560577,0,0,2.70805020110221,2.6390573296152584,0,2.184804928131417,1.1170431211498972,390,1.0677618069815196,16.270441357481975,0,2.8947843111314904,3.5354413953204022,3.7068191365967778,0,390.0,5.968707559985366,0.015265236726305283
1968,EP4266119A2,20231025,1.4168389399408632,2,2,6,0,29,,12,0,0,18.0,10.0,20230922,20251008,1.0,0.0,20231025,2,6,29,0,,,,EP,1,0,0,0,0,0,0,0,0,0,2023,10,800,2.190280629705681,0,0,3.4011973816621555,2.5649493574615367,0,2.2806297056810405,0.23545516769336072,747,2.0451745379876796,8.39092562458122,1,2.9558085544177852,4.582913277210393,4.610123895449217,2,747.0,6.617402977974478,0.00884679542509957
1969,EP4282416A2,20231129,1.4432690297685453,2,2,12,0,22,,18,0,0,19.0,10.0,20231027,20251015,1.0,0.0,20231129,2,12,22,0,,,,EP,1,0,0,0,0,0,0,0,0,0,2023,11,765,2.0944558521560577,0,0,3.1354942159291497,2.9444389791664403,0,2.184804928131417,0.216290212183436,719,1.9685147159479808,9.185334701035703,1,3.2099324172684094,4.791041246837198,4.912953695114421,2,719.0,6.579251212010101,0.009137848905569585
1970,EP4258314A2,20231011,0.9184282371406676,0,2,4,0,4,,4,0,0,14.0,9.0,20230908,20251112,1.0,0.0,20231011,2,4,4,0,,,,EP,1,0,0,0,0,0,0,0,0,0,2023,10,814,2.2286105407255303,0,0,1.6094379124341003,1.6094379124341003,0,2.31895961670089,0.13963039014373715,796,2.1793292265571527,6.142157893156361,1,1.8840909846011278,3.591688520535419,3.788767138991253,0,796.0,6.680854678790215,0.008382502733739292
1971,EP4261552A2,20231018,1.5565572266152672,2,2,10,0,39,,16,0,0,14.0,8.0,20230915,20240124,1.0,0.0,20231018,2,10,39,0,,,,EP,1,0,0,0,0,0,0,0,0,0,2023,10,807,2.209445585215606,0,0,3.6888794541139363,2.833213344056216,0,2.299794661190965,1.9411362080766599,131,0.3586584531143053,30.523802417549618,0,3.2564852330489966,3.4716803049175797,3.1918717971705215,0,131.0,4.882801922586371,0.03699092365595735
1972,EP4257862A2,20231011,1.2565068755808704,1,2,14,0,9,,8,0,0,14.0,10.0,20230908,20251029,1.0,0.0,20231011,2,14,9,0,,,,EP,1,0,0,0,0,0,0,0,0,0,2023,10,814,2.2286105407255303,0,0,2.302585092994046,2.1972245773362196,0,2.31895961670089,0.17796030116358658,782,2.1409993155373033,6.247212974557893,1,2.574841621982602,4.259441211304984,4.338223892873523,1,782.0,6.663132695990803,0.008509748015313925
1973,EP4274166A2,20231108,1.3268296982415015,1,2,8,0,17,,17,0,0,14.0,9.0,20231006,20251210,1.0,0.0,20231108,2,8,17,0,,,,EP,1,0,0,0,0,0,0,0,0,0,2023,11,786,2.1519507186858315,0,0,2.8903717578961645,2.8903717578961645,0,2.242299794661191,0.06297056810403832,796,2.1793292265571527,6.142157893156361,1,3.0610527529792,4.768650288913491,5.069700984453317,2,796.0,6.680854678790215,0.008382502733739292
1974,EP4261799A2,20231018,1.1208149003506114,0,2,10,0,6,,8,0,0,12.0,9.0,20230915,20241030,1.0,0.0,20231018,2,10,6,0,,,,EP,1,0,0,0,0,0,0,0,0,0,2023,10,807,2.209445585215606,0,0,1.9459101490553132,2.1972245773362196,0,2.299794661190965,1.1745379876796715,411,1.1252566735112937,9.793866264454499,0,2.439149646752343,3.114303650859119,3.3224812508475132,0,411.0,6.021023349349527,0.014614134343081375
1975,EP4269744A2,20231101,1.2243720950461965,1,2,4,0,16,,7,0,0,27.0,14.0,20230929,20251231,1.0,0.0,20231101,2,4,16,0,,,,EP,1,0,0,0,0,0,0,0,0,0,2023,11,793,2.1711156741957565,0,0,2.833213344056216,2.0794415416798357,0,2.2614647501711156,0.0054757015742642025,824,2.2559890485968515,11.460155137851892,1,2.472037020054098,4.225630449212209,4.335430590276687,1,824.0,6.715383386334681,0.008139858650102643
1976,EP4288249A1,20231213,0.9688990726338496,0,2,6,0,4,,4,0,0,12.0,8.0,20230904,20250709,1.0,0.0,20231213,2,6,4,0,,,,EP,1,0,0,0,0,0,0,0,0,0,2023,12,751,2.0561259411362083,0,0,1.6094379124341003,1.6094379124341003,0,2.329911019849418,0.48459958932238195,674,1.8453114305270362,6.168678090144612,1,1.9345618200943098,3.4417486784105313,3.4547493429611364,0,674.0,6.51471269087253,0.009651426208700045
1977,EP4289893A1,20231213,1.5955148083894874,2,2,16,0,35,,8,0,0,41.0,14.0,20230904,20251029,1.0,0.0,20231213,2,16,35,0,,,,EP,1,0,0,0,0,0,0,0,0,0,2023,12,751,2.0561259411362083,0,0,3.58351893845611,2.1972245773362196,0,2.329911019849418,0.17796030116358658,786,2.1519507186858315,18.206437494301085,1,2.913849554791219,4.605019986002718,4.349175296022051,2,786.0,6.668228248417403,0.008472971090746382
1978,EP4293855A2,20231220,1.4432690297685453,2,2,12,0,22,,6,0,0,13.0,8.0,20231117,20250212,1.0,0.0,20231220,2,12,22,0,,,,EP,1,0,0,0,0,0,0,0,0,0,2023,12,744,2.0369609856262834,0,0,3.1354942159291497,1.9459101490553132,0,2.127310061601643,0.8870636550308009,453,1.2402464065708418,9.699708901486135,1,2.6108151192017335,3.7549629631442385,3.1861565556261553,1,453.0,6.118097198041348,0.013475985017712222
1979,EP4283299A2,20231129,1.1302527022374684,0,6,4,0,4,,7,0,0,10.0,8.0,20231027,20241002,1.0,0.0,20231129,6,4,4,0,,,,EP,1,0,0,0,0,0,0,0,0,0,2023,11,765,2.0944558521560577,0,0,1.6094379124341003,2.0794415416798357,0,2.184804928131417,1.2511978097193703,341,0.9336071184120466,9.674855969803325,0,2.37791762724537,2.938081898292598,3.0130486600918824,0,341.0,5.834810737062605,0.01706085010837019
1980,EP4266309A1,20231025,1.2634041319683262,1,2,2,0,26,,11,0,0,8.0,6.0,20230922,20240501,1.0,0.0,20231025,2,2,26,0,,,,EP,1,0,0,0,0,0,0,0,0,0,2023,10,800,2.190280629705681,0,0,3.295836866004329,2.4849066497880004,0,2.2806297056810405,1.672826830937714,222,0.6078028747433265,11.30258195532347,0,2.7543481218411263,3.119029846687122,3.092709524531327,0,222.0,5.407171771460119,0.024247407046906363
1981,EP4257143A2,20231011,1.2771993684629983,1,2,4,0,20,,10,0,0,27.0,13.0,20230908,20251203,1.0,0.0,20231011,2,4,20,0,,,,EP,1,0,0,0,0,0,0,0,0,0,2023,10,814,2.2286105407255303,0,0,3.044522437723423,2.3978952727983707,0,2.31895961670089,0.08213552361396304,817,2.236824093086927,11.554143112386864,1,2.7159365321420204,4.458030987994177,4.634719365885298,2,817.0,6.706862336602747,0.008199098211005803
1982,EP4295914A2,20231227,1.9033164772046915,2,6,6,0,89,,19,0,0,18.0,9.0,20231124,20250312,1.0,0.0,20231227,6,6,89,0,,,,EP,1,0,0,0,0,0,0,0,0,0,2023,12,737,2.0177960301163584,0,0,4.499809670330265,2.995732273553991,0,2.108145106091718,0.810403832991102,474,1.297741273100616,12.877919788453063,1,3.7007558413370862,4.879400605197456,4.293473546654607,2,474.0,6.163314804034641,0.01297539958744135
1983,EP4275886A2,20231115,1.404905774404496,2,2,4,0,34,,10,0,0,10.0,8.0,20231013,20240918,1.0,0.0,20231115,2,4,34,0,,,,EP,1,0,0,0,0,0,0,0,0,0,2023,11,779,2.132785763175907,0,0,3.5553480614894135,2.3978952727983707,0,2.223134839151266,1.2895277207392197,341,0.9336071184120466,9.674855969803325,0,2.8436429380835184,3.403807209130746,3.3315023912104174,0,341.0,5.834810737062605,0.01706085010837019
1984,EP4293935A2,20231220,1.166013412724917,0,2,6,0,10,,14,0,0,24.0,14.0,20231117,20251009,1.0,0.0,20231220,2,6,10,0,,,,EP,1,0,0,0,0,0,0,0,0,0,2023,12,744,2.0369609856262834,0,0,2.3978952727983707,2.70805020110221,0,2.127310061601643,0.2327173169062286,692,1.894592744695414,12.032531484849525,1,2.7908435333862434,4.327599180203492,4.602642945797625,2,692.0,6.541029999189903,0.009438715727546758
1985,EP4275658A2,20231115,1.4640029689205534,2,6,4,0,18,,7,0,0,26.0,16.0,20231013,20251231,1.0,0.0,20231115,6,4,18,0,,,,EP,1,0,0,0,0,0,0,0,0,0,2023,11,779,2.132785763175907,0,0,2.9444389791664403,2.0794415416798357,0,2.223134839151266,0.0054757015742642025,810,2.217659137577002,11.218215646318773,1,2.711667893928455,4.442263376474656,4.297100679256838,2,810.0,6.698268054115413,0.008259270103718143
1986,EP4296403A2,20231227,1.361053052112311,1,2,6,0,23,,9,0,0,17.0,11.0,20231124,20251126,1.0,0.0,20231227,2,6,23,0,,,,EP,1,0,0,0,0,0,0,0,0,0,2023,12,737,2.0177960301163584,0,0,3.1780538303479458,2.302585092994046,0,2.108145106091718,0.10130047912388775,733,2.00684462696783,8.068938630973653,1,2.7426041079087384,4.346710884089437,4.3094297199618765,2,733.0,6.598509028614515,0.008989794316913508
1987,EP4257660A2,20231011,1.6519684541742885,2,2,12,0,52,,8,0,0,18.0,10.0,20230908,20240807,1.0,0.0,20231011,2,12,52,0,,,,EP,1,0,0,0,0,0,0,0,0,0,2023,10,814,2.2286105407255303,0,0,3.970291913552122,2.1972245773362196,0,2.31895961670089,1.404517453798768,334,0.9144421629021219,17.743741987720128,0,2.97030320057602,3.5189684983172933,3.1116667402383413,0,334.0,5.814130531825066,0.01735561352783602
1988,EP4257313A2,20231011,0.9640086263391562,0,2,4,0,5,,6,0,0,13.0,9.0,20230908,20240918,1.0,0.0,20231011,2,4,5,0,,,,EP,1,0,0,0,0,0,0,0,0,0,2023,10,814,2.2286105407255303,0,0,1.791759469228055,1.9459101490553132,0,2.31895961670089,1.2895277207392197,376,1.0294318959616702,11.51021150233319,0,2.131554715772344,2.749213853349346,2.9753420450169834,0,376.0,5.932245187448011,0.015735398375193662
1989,EP4257738A2,20231011,1.060671577914244,0,2,2,0,11,,13,0,0,14.0,9.0,20230908,20240731,1.0,0.0,20231011,2,2,11,0,,,,EP,1,0,0,0,0,0,0,0,0,0,2023,10,814,2.2286105407255303,0,0,2.4849066497880004,2.6390573296152584,0,2.31895961670089,1.4236824093086926,327,0.8952772073921971,14.0664328450588,0,2.6441059756833987,3.181272300118717,3.5343345370074557,0,327.0,5.793013608384144,0.017661626854829707
1990,EP4294031A2,20231220,1.2650018274206403,1,2,4,0,19,,10,0,0,18.0,11.0,20231117,20251112,1.0,0.0,20231220,2,4,19,0,,,,EP,1,0,0,0,0,0,0,0,0,0,2023,12,744,2.0369609856262834,0,0,2.995732273553991,2.3978952727983707,0,2.127310061601643,0.13963039014373715,726,1.9876796714579055,8.622012393036295,1,2.7037389910996623,4.296346793974406,4.385574944256276,2,726.0,6.588926477533519,0.009063172596332214
1991,EP4276556A2,20231115,1.0530171317891528,0,2,6,0,6,,6,0,0,22.0,13.0,20231013,20251231,1.0,0.0,20231115,2,6,6,0,,,,EP,1,0,0,0,0,0,0,0,0,0,2023,11,779,2.132785763175907,0,0,1.9459101490553132,1.9459101490553132,0,2.223134839151266,0.0054757015742642025,810,2.217659137577002,9.492336316115885,1,2.2205632212223407,3.951158703768542,4.163569286632315,1,810.0,6.698268054115413,0.008259270103718143
1992,EP4276118A2,20231115,1.6380209514546327,2,2,14,0,45,,23,0,0,14.0,9.0,20231013,20240807,1.0,0.0,20231115,2,14,45,0,,,,EP,1,0,0,0,0,0,0,0,0,0,2023,11,779,2.132785763175907,0,0,3.828641396489095,3.1780538303479458,0,2.223134839151266,1.404517453798768,299,0.8186173853524983,15.240295059980628,0,3.5448532496634,4.036023680874899,3.9966712157004443,1,299.0,5.703782474656201,0.019012608248854004
1993,EP4275556A2,20231115,1.1164574657427964,0,2,2,0,14,,22,0,0,12.0,9.0,20231013,20241120,1.0,0.0,20231115,2,2,14,0,,,,EP,1,0,0,0,0,0,0,0,0,0,2023,11,779,2.132785763175907,0,0,2.70805020110221,3.1354942159291497,0,2.223134839151266,1.1170431211498972,404,1.106091718001369,9.949492083309686,0,2.997753995300286,3.6614090261011074,4.241585933930518,1,404.0,6.003887067106539,0.014824412511374169
1994,EP4258312A2,20231011,1.1798830320159719,0,2,8,0,9,,6,0,0,15.0,10.0,20230908,20250723,1.0,0.0,20231011,2,8,9,0,,,,EP,1,0,0,0,0,0,0,0,0,0,2023,10,814,2.2286105407255303,0,0,2.302585092994046,1.9459101490553132,0,2.31895961670089,0.4462696783025325,684,1.8726899383983573,7.6038305402310815,1,2.34742912144916,3.8710430844881745,3.8186000874536705,1,684.0,6.529418838262226,0.009531998304032447
1995,EP4265583A2,20231025,1.6146810477002522,2,2,4,0,80,,10,0,0,19.0,8.0,20230922,20241211,1.0,0.0,20231025,2,4,80,0,,,,EP,1,0,0,0,0,0,0,0,0,0,2023,10,800,2.190280629705681,0,0,4.394449154672439,2.3978952727983707,0,2.2806297056810405,1.0595482546201231,446,1.2210814510609171,14.382156364955183,0,3.0534182113792747,3.786067082015825,3.618976723859288,1,446.0,6.102558594613569,0.013652256363788745
1996,EP4272647A2,20231108,1.41194849364617,2,2,4,0,35,,12,0,0,33.0,17.0,20231006,20251217,1.0,0.0,20231108,2,4,35,0,,,,EP,1,0,0,0,0,0,0,0,0,0,2023,11,786,2.1519507186858315,0,0,3.58351893845611,2.5649493574615367,0,2.242299794661191,0.04380561259411362,803,2.198494182067077,14.357225812215242,1,2.950918108123092,4.670014617363338,4.763443539528614,2,803.0,6.6895992691789665,0.008320397100968864
1997,EP4283852A1,20231129,0.9887510598012987,0,2,2,0,8,,10,0,0,7.0,6.0,20231027,20240724,1.0,0.0,20231129,2,2,8,0,,,,EP,1,0,0,0,0,0,0,0,0,0,2023,11,765,2.0944558521560577,0,0,2.1972245773362196,2.3978952727983707,0,2.184804928131417,1.4428473648186173,271,0.7419575633127995,8.313958214779285,0,2.427488223480321,2.8726627614680007,3.13985283611117,0,271.0,5.605802066295998,0.020609566420205873
1998,EP4280081A1,20231122,1.0150911887157554,0,2,2,0,9,,10,0,0,9.0,7.0,20231020,20250312,1.0,0.0,20231122,2,2,9,0,,,,EP,1,0,0,0,0,0,0,0,0,0,2023,11,772,2.113620807665982,0,0,2.302585092994046,2.3978952727983707,0,2.2039698836413417,0.810403832991102,509,1.3935660506502396,6.025846661472892,1,2.453828352394778,3.6899679827849217,3.79146132344861,1,509.0,6.234410725718371,0.012224334756310531
1999,EP4257177A2,20231011,1.0907142960312888,0,2,8,0,6,,10,0,0,28.0,13.0,20230908,20251210,1.0,0.0,20231011,2,8,6,0,,,,EP,1,0,0,0,0,0,0,0,0,0,2023,10,814,2.2286105407255303,0,0,1.9459101490553132,2.3978952727983707,0,2.31895961670089,0.06297056810403832,824,2.2559890485968515,11.884605328142703,1,2.529451459710311,4.283044888868422,4.653884321395222,1,824.0,6.715383386334681,0.008139858650102643
